Draft Year,Draft,Overall,Round,Pick,Drafted By,Player,Player ID,Pos,Entered As,Teams Rostered,Seasons,First Year,Last Year
2025,Summer,1,1,1,CIN,Kade Anderson,489040,SP,Kade Anderson,CIN,2,2025,2026
2025,Summer,2,1,2,ATL,Ethan Holliday,252635,3B,Ethan Holliday,ATL,2,2025,2026
2025,Summer,3,1,3,ATL,Seth Hernandez,53416,SP,Seth Hernandez,ATL TB,2,2025,2026
2025,Summer,4,1,4,MIN,Eli Willits,102762,SS,Eli Willits,MIN,2,2025,2026
2025,Summer,5,1,5,ARI,Aiva Arquette,400071,SS,Aiva Arquette,ARI,2,2025,2026
2025,Summer,6,1,6,NYY,Jamie Arnold,174734,SP,Jamie Arnold,NYY,2,2025,2026
2025,Summer,7,1,7,MIA,Liam Doyle,231300,SP,Liam Doyle,MIA,2,2025,2026
2025,Summer,8,1,8,TOR,Billy Carlson,316533,SS,Billy Carlson,TB TOR,2,2025,2026
2025,Summer,9,1,9,PHI,Kyson Witherspoon,252662,SP,Kyson Witherspoon,PHI,2,2025,2026
2025,Summer,10,1,10,BAL,Gage Jump,450065,SP,Gage Jump,BAL,2,2025,2026
2025,Summer,11,1,11,BOS,Marek Houston,406240,SS,Marek Houston,BOS,2,2025,2026
2025,Summer,12,1,12,HOU,Tyler Bremner,333761,SP,Tyler Bremner,HOU,2,2025,2026
2025,Summer,13,1,13,LAD,Ike Irish,92497,C,Ike Irish,LAD,2,2025,2026
2025,Summer,14,1,14,MIL,Xavier Neyens,295624,3B,Xavier Neyens,MIL,2,2025,2026
2025,Summer,15,1,15,STL,JoJo Parker,360742,SS,Jojo Parker,STL,2,2025,2026
2025,Summer,16,1,16,WAS,Andrew Fischer,30471,3B,Andrew Fischer,WAS,2,2025,2026
2025,Summer,17,1,17,KC,Kayson Cunningham,319204,2B,Kayson Cunningham,KC,2,2025,2026
2025,Summer,18,1,18,TOR,Gavin Kilen,132803,SS,Gavin Kilen,TOR,2,2025,2026
2025,Summer,19,1,19,SF,Kruz Schoolcraft,44390,SP,Kruz Schoolcraft,SF,2,2025,2026
2025,Summer,20,1,20,TEX,Steele Hall,397987,SS,Steele Hall,TEX,2,2025,2026
2025,Summer,21,1,21,COL,Esteban Mejia,473959,SP,Esteban Mejia,COL,2,2025,2026
2025,Summer,22,1,22,CLE,Jace LaViolette,235601,OF,Jace LaViolette,CLE,2,2025,2026
2025,Summer,23,1,23,OAK,Edward Florentino,221266,OF,Edward Florentino,OAK,2,2025,2026
2025,Summer,24,1,24,NYM,Asbel Gonzalez,274953,OF,Asbel Gonzalez,NYM,2,2025,2026
2025,Summer,25,1,25,BAL,Wehiwa Aloy,234290,SS,Wehiwa Aloy,BAL,2,2025,2026
2025,Summer,26,1,26,LAA,Gavin Fien,246308,SS,Gavin Fien,LAA,2,2025,2026
2025,Summer,27,1,27,PIT,Gage Wood,267747,SP,Gage Wood,PIT,2,2025,2026
2025,Summer,28,1,28,TOR,Brandon Clarke,58391,SP,Brandon Clarke,TB TOR,2,2025,2026
2025,Summer,29,1,29,SEA,Bo Davidson,302769,OF,Bo Davidson,BOS SEA,2,2025,2026
2025,Summer,30,1,30,CHC,Bishop Letson,271922,SP,Bishop Letson,CHC,2,2025,2026
2025,Summer,31,2,1,CIN,Riley Quick,27415,SP,Riley Quick,CIN,2,2025,2026
2025,Summer,32,2,2,DET,Daniel Pierce,423282,SS,Daniel Pierce,DET,2,2025,2026
2025,Summer,33,2,3,SD,Ethan Conrad,444399,OF,Ethan Conrad,SD,2,2025,2026
2025,Summer,34,2,4,MIN,Zach Root,286015,SP,Zach Root,MIN,2,2025,2026
2025,Summer,35,2,5,ARI,Sean Gamble,126624,2B,Sean Gamble,ARI,2,2025,2026
2025,Summer,36,2,6,NYY,Slater de Brun,454393,OF,Slater de Brun,NYY,2,2025,2026
2025,Summer,37,2,7,MIA,Caden Bodine,349296,C,Caden Bodine,MIA,2,2025,2026
2025,Summer,38,2,8,NYY,Josh Hammond,86798,3B,Josh Hammond,NYY,2,2025,2026
2025,Summer,39,2,9,PHI,Jacob Reimer,410291,3B,Jacob Reimer,PHI,2,2025,2026
2025,Summer,40,2,10,BAL,Christian Zazueta,298896,SP,Christian Zazueta,BAL,2,2025,2026
2025,Summer,41,2,11,BOS,Devin Taylor,319302,OF,Devin Taylor,BOS,2,2025,2026
2025,Summer,42,2,12,HOU,Patrick Forbes,258567,SP,Patrick Forbes,HOU,2,2025,2026
2025,Summer,43,2,13,LAD,Tate Southisene,330562,SS,Tate Southisene,LAD,2,2025,2026
2025,Summer,44,2,14,WAS,Brendan Summerhill,319347,OF,Brendan Summerhill,WAS,2,2025,2026
2025,Summer,45,2,15,STL,Quentin Young,245413,SS,Quentin Young,STL,2,2025,2026
2025,Summer,46,2,16,TB,Ching-Hsien Ko,475707,OF,Ching-Hsien Ko,TB,2,2025,2026
2025,Summer,47,2,17,KC,JD Thompson,34001,SP,JD Thompson,KC,2,2025,2026
2025,Summer,48,2,18,TOR,Marcus Phillips,330034,SP,Marcus Phillips,TOR,2,2025,2026
2025,Summer,49,2,19,SF,Brady Ebel,41627,SS,Brady Ebel,SF,2,2025,2026
2025,Summer,50,2,20,TEX,Luke Stevenson,299150,C,Luke Stevenson,TEX,2,2025,2026
2025,Summer,51,2,21,CHC,Bryce Mayer,1557,SP,Bryce Mayer,CHC,2,2025,2026
2025,Summer,52,2,22,CLE,Aroon Escobar,356348,2B,Aroon Escobar,CLE,2,2025,2026
2025,Summer,53,2,23,OAK,Nate George,492013,OF,Nate George,OAK,2,2025,2026
2025,Summer,54,2,24,NYM,Patrick Copen,320987,SP,Patrick Copen,NYM,2,2025,2026
2025,Summer,55,2,25,CHW,Connelly Early,169548,SP,Connelly Early,CHW,2,2025,2026
2025,Summer,56,2,26,NYM,Angel Cervantes,17560,SP,Angel Cervantes,NYM,2,2025,2026
2025,Summer,57,2,27,PIT,Ryan Bergert,211556,SP,Ryan Bergert,PIT,2,2025,2026
2025,Summer,58,2,28,NYM,Aaron Watson,301114,SP,Aaron Watson,NYM,2,2025,2026
2025,Summer,59,2,29,OAK,Briggs McKenzie,223583,SP,Briggs McKenzie,OAK,2,2025,2026
2025,Summer,60,2,30,MIN,Murf Gray,347228,3B,Murf Gray,MIN,2,2025,2026
2025,Summer,61,3,1,CIN,Jordan Yost,147894,SS,Jordan Yost,CIN,2,2025,2026
2025,Summer,62,3,2,MIA,Jonathon Long,448904,1B,Jonathon Long,MIA,2,2025,2026
2025,Summer,63,3,3,SD,Cam Cannarella,45542,OF,Cam Cannarella,SD,2,2025,2026
2025,Summer,64,3,4,NYY,Héctor Rodríguez,476830,OF,Hector Rodriguez,NYY,2,2025,2026
2025,Summer,65,3,5,ARI,Max Belyeu,107163,OF,Max Belyeu,ARI,2,2025,2026
2025,Summer,66,3,6,TOR,Adam Serwinowski,191881,SP,Adam Serwinowski,TOR,2,2025,2026
2025,Summer,67,3,7,MIA,Trey Gibson,373127,SP,Trey Gibson,MIA,2,2025,2026
2025,Summer,68,3,8,SEA,Tanner McDougal,55791,SP,Tanner McDougal,NYY SEA,2,2025,2026
2025,Summer,69,3,9,PHI,Jean Cabrera,345283,SP,Jean Cabrera,PHI,2,2025,2026
2025,Summer,70,3,10,BAL,Roc Riggio,262481,2B,Roc Riggio,BAL,2,2025,2026
2025,Summer,71,3,11,BOS,Braden Nett,131609,SP,Braden Nett,BOS,2,2025,2026
2025,Summer,72,3,12,HOU,Landon Harmon,299854,SP,Landon Harmon,HOU,2,2025,2026
2025,Summer,73,3,13,LAD,Anthony Eyanson,496294,SP,Anthony Eyanson,LAD,2,2025,2026
2025,Summer,74,3,14,WAS,Khadim Diaw,204444,C,Khadim Diaw,WAS,2,2025,2026
2025,Summer,75,3,15,STL,Cam Leiter,176492,SP,Cam Leiter,STL,2,2025,2026
2025,Summer,76,3,16,TB,A. J. Ewing,69858,OF,A.J. Ewing,TB,2,2025,2026
2025,Summer,77,3,17,KC,Malachi Witherspoon,439376,SP,Malachi Witherspoon,KC,2,2025,2026
2025,Summer,78,3,18,DET,Daniel Palencia,377073,RP,Daniel Palencia,DET,2,2025,2026
2025,Summer,79,3,19,SF,Dax Kilby,294948,SS,Dax Kilby,SF,2,2025,2026
2025,Summer,80,3,20,TEX,Coy James,60279,SS,Coy James,TEX,2,2025,2026
2025,Summer,81,3,21,CHC,Brandon Birdsell,204456,SP,Brandon Birdsell,CHC,2,2025,2026
2025,Summer,82,3,22,CLE,Joswa Lugo,147371,SS,Joswa Lugo,CLE,2,2025,2026
2025,Summer,83,3,23,BOS,Wellington Aracena,381435,SP,Wellington Aracena,BOS,2,2025,2026
2025,Summer,84,3,24,OAK,Caden Scarborough,15716,SP,Caden Scarborough,OAK,2,2025,2026
2025,Summer,85,3,25,CHW,Tony Blanco,200536,1B,Tony Blanco Jr.,CHW,2,2025,2026
2025,Summer,86,3,26,LAA,AJ Russell,374369,SP,AJ Russell,LAA,2,2025,2026
2025,Summer,87,3,27,SD,Alex Lodise,330927,SS,Alex Lodise,SD,2,2025,2026
2025,Summer,88,3,28,MIN,Joshua Flores,420196,SP,Joshua Flores,MIN,2,2025,2026
2025,Summer,89,3,29,SEA,Miguel Mendez,40273,SP,Miguel Mendez,SEA,2,2025,2026
2025,Summer,90,3,30,NYM,Kyle Karros,308334,3B,Kyle Karros,NYM,2,2025,2026
2025,Summer,91,4,1,CIN,Michael Lombardi,291319,SP,Michael Lombardi,CIN,2,2025,2026
2025,Summer,92,4,2,BAL,Jack Bauer,123259,SP,Jack Bauer,BAL,2,2025,2026
2025,Summer,93,4,3,SD,Ethan Frey,445339,OF,Ethan Frey,SD,2,2025,2026
2025,Summer,94,4,4,MIN,Jacob Morrison,8837,SP,Jacob Morrison,MIN,2,2025,2026
2025,Summer,95,4,5,ARI,Devin Fitz-Gerald,7908,SS,Devin Fitz-Gerald,ARI,2,2025,2026
2025,Summer,96,4,6,NYY,Welinton Herrera,503512,SP,Welinton Herrera,NYY,2,2025,2026
2025,Summer,97,4,7,MIA,Griffin Herring,486691,SP,Griffin Herring,MIA NYY,1,2026,2026
2025,Summer,98,4,8,SEA,Gage Stanifer,507640,SP,Gage Stanifer,BOS SEA,2,2025,2026
2025,Summer,99,4,9,TOR,Shane Smith,238824,SP,Shane Smith,TOR,2,2025,2026
2025,Summer,100,4,10,MIL,Joseph Dzierwa,44269,SP,Joseph Dzierwa,MIL,2,2025,2026
2025,Summer,101,4,11,BOS,Kyle Lodise,101294,SS,Kyle Lodise,BOS,2,2025,2026
2025,Summer,102,4,12,HOU,Johnny Slawinski,460567,SP,Johnny Slawinski,HOU,2,2025,2026
2025,Summer,103,4,13,LAD,Jaden Fauske,381027,OF,Jaden Fauske,LAD,2,2025,2026
2025,Summer,104,4,14,WAS,Ryan Mitchell,151917,OF,Ryan Mitchell,WAS,2,2025,2026
2025,Summer,105,4,15,STL,David Davalillo,359178,SP,David Davalillo,STL,2,2025,2026
2025,Summer,106,4,16,TB,Juneiker Caceres,236644,OF,Juneiker Caceres,TB,2,2025,2026
2025,Summer,107,4,17,SEA,Lenyn Sosa,425914,2B,Lenyn Sosa,SEA,2,2025,2026
2025,Summer,108,4,18,SF,Austin Overn,296989,OF,Austin Overn,BAL SF,2,2025,2026
2025,Summer,109,4,19,SF,Gabriel Rodriguez,273471,SS,Gabriel Rodriguez,SF,2,2025,2026
2025,Summer,110,4,20,TEX,Pedro Ramírez,142763,2B,Pedro Ramirez,TEX,2,2025,2026
2025,Summer,111,4,21,CHC,Dean Curley,481316,SS,Dean Curley,CHC,2,2025,2026
2025,Summer,112,4,22,CLE,Ronny Henriquez,91085,RP,Ronny Henriquez,BOS CLE KC,7,2020,2026
2025,Summer,113,4,23,MIL,Jack Gurevitch,390245,1B,Jack Gurevitch,MIL,2,2025,2026
2025,Summer,114,4,24,MIL,Henry Godbout,269558,2B,Henry Godbout,MIL,2,2025,2026
2025,Summer,115,4,25,CHW,Brandon Compton,153979,OF,Brandon Compton,CHW,2,2025,2026
2025,Summer,116,4,26,MIL,Matthew Fisher,234121,SP,Matthew Fisher,MIL NYM,2,2025,2026
2025,Summer,117,4,27,SD,Ethan Petry,23763,OF,Ethan Petry,SD,2,2025,2026
2025,Summer,118,4,28,MIL,Taitn Gray,151524,C,Taitn Gray,MIL NYM,2,2025,2026
2025,Summer,119,4,29,TOR,Chase Harlan,388607,3B,Chase Harlan,TOR,2,2025,2026
2025,Summer,120,4,30,MIL,David Hagaman,206179,SP,David Hagaman,MIL,2,2025,2026
2025,Summer,121,5,1,CIN,Mason Neville,11304,OF,Mason Neville,CIN,2,2025,2026
2025,Summer,122,5,2,PHI,Nick Becker,499323,SS,Nick Becker,PHI,2,2025,2026
2025,Summer,123,5,3,MIL,Conor Essenburg,11292,OF,Conor Essenburg,MIL,2,2025,2026
2025,Summer,124,5,4,MIN,(forfeited),,,,,,,
2025,Summer,125,5,5,ARI,Kane Kepley,319645,OF,Kane Kepley,ARI,2,2025,2026
2025,Summer,126,5,6,ATL,Wei-En Lin,153694,SP,Wei-En Lin,ATL,2,2025,2026
2025,Summer,127,5,7,MIA,Aron Estrada,80414,2B,Aron Estrada,MIA,2,2025,2026
2025,Summer,128,5,8,KC,Charles Davalan,182070,OF,Charles Davalan,KC,2,2025,2026
2025,Summer,129,5,9,PHI,Pete Hansen,441585,SP,Pete Hansen,PHI,2,2025,2026
2025,Summer,130,5,10,BAL,Dean Moss,30569,OF,Dean Moss,BAL,2,2025,2026
2025,Summer,131,5,11,BOS,Jesus Rodriguez,200970,C,Jesus Rodriguez,BOS,2,2025,2026
2025,Summer,132,5,12,HOU,Korbyn Dickerson,125884,OF,Korbyn Dickerson,HOU,2,2025,2026
2025,Summer,133,5,13,LAD,Henry Ford,449968,OF,Henry Ford,LAD,2,2025,2026
2025,Summer,134,5,14,WAS,Cam Appenzeller,119572,SP,Cam Appenzeller,WAS,2,2025,2026
2025,Summer,135,5,15,STL,Jose Corniell,218577,SP,Jose Corniell,STL,2,2025,2026
2025,Summer,136,5,16,TB,Trey Gregory-Alford,507935,SP,Trey Gregory-Alford,TB,2,2025,2026
2025,Summer,137,5,17,KC,Frank Cairone,152070,SP,Frank Cairone,KC,2,2025,2026
2025,Summer,138,5,18,MIA,Colin Yeaman,244718,SS,Colin Yeaman,MIA,2,2025,2026
2025,Summer,139,5,19,SF,Marco Dinges,218714,C,Marco Dinges,SF,2,2025,2026
2025,Summer,140,5,20,TEX,(forfeited),,,,,,,
2025,Summer,141,5,21,CHC,Lucas Franco,373566,SS,Lucas Franco,CHC,2,2025,2026
2025,Summer,142,5,22,CLE,Cade Obermueller,33022,SP,Cade Obermueller,CLE,2,2025,2026
2025,Summer,143,5,23,MIL,Uli Fernsler,199477,SP,Uli Fernsler,CIN MIL,2,2025,2026
2025,Summer,144,5,24,NYM,Michael Oliveto,131538,C,Michael Oliveto,NYM,2,2025,2026
2025,Summer,145,5,25,CHW,Mitch Voit,443668,2B,Mitch Voit,CHW,2,2025,2026
2025,Summer,146,5,26,LAA,River Hamilton,236576,SP,River Hamilton,LAA,2,2025,2026
2025,Summer,147,5,27,PIT,Gustavo Melendez,92881,SS,Gustavo Melendez,PIT,2,2025,2026
2025,Summer,148,5,28,NYM,Cade Crossland,502450,SP,Cade Crossland,NYM,2,2025,2026
2025,Summer,149,5,29,MIL,Marcos Paz,211064,SP,Marcos Paz,MIL NYM,2,2025,2026
2025,Summer,150,5,30,COL,Dauri Fernandez,468287,SS,Dauri Fernandez,COL,2,2025,2026
2025,Winter,1,1,1,CIN,Kendry Chourio,264760,RP,Kendry Chourio,CIN,1,2026,2026
2025,Winter,2,1,2,SD,Josuar Gonzalez,23828,SS,Josuar Gonzalez,SD,1,2026,2026
2025,Winter,3,1,3,WAS,Christian Oppor,50585,SP,Christian Oppor,WAS,1,2026,2026
2025,Winter,4,1,4,NYY,Elian Peña,2420,SS,Elian Pena,NYY,1,2026,2026
2025,Winter,5,1,5,MIN,Josh Adamczewski,268241,2B,Josh Adamczewski,MIN,1,2026,2026
2025,Winter,6,1,6,BOS,Shotaro Morii,141410,SS,Shotaro Morii,BOS,1,2026,2026
2025,Winter,7,1,7,ARI,Dorian Soto,52971,SS,Dorian Soto,ARI,1,2026,2026
2025,Winter,8,1,8,MIA,Daylen Lile,28868,OF,Daylen Lile,MIA,1,2026,2026
2025,Winter,9,1,9,MIL,Andrew Salas,54446,OF,Andrew Salas,MIL,1,2026,2026
2025,Winter,10,1,10,PHI,Keyner Benitez,166656,SP,Keyner Benitez,PHI,1,2026,2026
2025,Winter,11,1,11,TOR,Kevin Alvarez,197126,OF,Kevin Alvarez,TOR,1,2026,2026
2025,Winter,12,1,12,TEX,Yorger Bautista,43411,OF,Yorger Bautista,TEX,1,2026,2026
2025,Winter,13,1,13,ATL,Cris Rodriguez,486616,OF,Cris Rodriguez,ATL,1,2026,2026
2025,Winter,14,1,14,LAD,Lucas Braun,170481,SP,Lucas Braun,LAD,1,2026,2026
2025,Winter,15,1,15,HOU,Gabriel Davalillo,89043,C,Gabriel Davalillo,HOU,1,2026,2026
2025,Winter,16,1,16,STL,Diego Tornes,427747,OF,Diego Tornes,STL,1,2026,2026
2025,Winter,17,1,17,KC,Ryan Johnson,140283,SP,Ryan Johnson,KC,1,2026,2026
2025,Winter,18,1,18,SEA,Anderson Brito,373702,SP,Anderson Brito,SEA,1,2026,2026
2025,Winter,19,1,19,PIT,TJ Nichols,233602,SP,T.J. Nichols,PIT,1,2026,2026
2025,Winter,20,1,20,CHC,Kevin Defrank,359757,SP,Kevin DeFrank,CHC,1,2026,2026
2025,Winter,21,1,21,SF,Jack Wenninger,496699,SP,Jack Wenninger,SF,1,2026,2026
2025,Winter,22,1,22,LAA,Maykel Coret,89252,OF,Maykel Coret,LAA,1,2026,2026
2025,Winter,23,1,23,CLE,Sam Antonacci,133056,2B,Sam Antonacci,CLE,1,2026,2026
2025,Winter,24,1,24,OAK,Jacob Bresnahan,426421,SP,Jacob Bresnahan,OAK,1,2026,2026
2025,Winter,25,1,25,TB,Roldy Brito,164190,OF,Roldy Brito,TB,1,2026,2026
2025,Winter,26,1,26,DET,Mason Fluharty,280368,RP,Mason Fluharty,DET,1,2026,2026
2025,Winter,27,1,27,NYM,Jadher Areinamo,56212,2B,Jadher Areinamo,NYM,1,2026,2026
2025,Winter,28,1,28,BAL,Juan Sanchez,319531,SS,Juan Sanchez,BAL,1,2026,2026
2025,Winter,29,1,29,COL,Josh Owens,83340,SP,Josh Owens,COL,1,2026,2026
2025,Winter,30,1,30,CHW,Nathan Flewelling,422328,C,Nathan Flewelling,CHW,1,2026,2026
2025,Winter,31,2,1,CIN,Esmerlyn Valdez,240036,1B,Esmerlyn Valdez,CIN,1,2026,2026
2025,Winter,32,2,2,SD,Carter Baumler,272880,SP,Carter Baumler,SD,1,2026,2026
2025,Winter,33,2,3,WAS,Antwone Kelly,234633,SP,Antwone Kelly,WAS,1,2026,2026
2025,Winter,34,2,4,NYY,Barrett Kent,295271,SP,Barrett Kent,NYY,1,2026,2026
2025,Winter,35,2,5,MIN,Ben Jacobs,195197,SP,Ben Jacobs,MIN,1,2026,2026
2025,Winter,36,2,6,BOS,Justin Gonzales,329705,OF,Justin Gonzales,BOS,1,2026,2026
2025,Winter,37,2,7,ARI,Elian De La Cruz,251525,OF,Elian de la Cruz,ARI,1,2026,2026
2025,Winter,38,2,8,MIA,Luinder Avila,393032,SP,Luinder Avila,MIA,1,2026,2026
2025,Winter,39,2,9,MIL,Owen Ayers,440653,C,Owen Ayers,MIL,1,2026,2026
2025,Winter,40,2,10,PHI,Luis Cova,213174,OF,Luis Cova,PHI,1,2026,2026
2025,Winter,41,2,11,TOR,Wilfri De La Cruz,503511,SS,Wilfri de la Cruz,TOR,1,2026,2026
2025,Winter,42,2,12,TEX,Mani Cedeno,118796,SS,Mani Cedeno,TEX,1,2026,2026
2025,Winter,43,2,13,ATL,Franklin Gómez,443715,SP,Franklin Gomez,ATL,1,2026,2026
2025,Winter,44,2,14,LAD,Zach Thornton,235101,SP,Zach Thornton,LAD,1,2026,2026
2025,Winter,45,2,15,HOU,Dylan Jordan,269608,SP,Dylan Jordan,HOU,1,2026,2026
2025,Winter,46,2,16,STL,Juan Cabada,416706,2B,Juan Cabada,STL,1,2026,2026
2025,Winter,47,2,17,KC,Ethan Pecko,287719,SP,Ethan Pecko,KC,1,2026,2026
2025,Winter,48,2,18,SEA,Joshua Kuroda-Grauer,226655,SS,Joshua Kuroda-Grauer,SEA,1,2026,2026
2025,Winter,49,2,19,PIT,Leo Balcazar,398544,2B,Leo Balcazar,PIT,1,2026,2026
2025,Winter,50,2,20,CHC,Denzer Guzman,187201,SS,Denzer Guzman,CHC,1,2026,2026
2025,Winter,51,2,21,SF,Hayden Alvarez,320517,OF,Hayden Alvarez,SF,1,2026,2026
2025,Winter,52,2,22,LAA,Darell Morel,337620,SS,Darell Morel,LAA,1,2026,2026
2025,Winter,53,2,23,CLE,Alfonsin Rosario,315377,OF,Alfonsin Rosario,CLE,1,2026,2026
2025,Winter,54,2,24,OAK,Tanner Franklin,82882,SP,Tanner Franklin,OAK,1,2026,2026
2025,Winter,55,2,25,TB,John Gil,309265,SS,John Gil,TB,1,2026,2026
2025,Winter,56,2,26,DET,José Fermin,60276,SP,Jose Fermin,DET,1,2026,2026
2025,Winter,57,2,27,NYM,Daniel Eagen,119746,SP,Daniel Eagen,NYM,1,2026,2026
2025,Winter,58,2,28,BAL,Keyner Martinez,391936,SP,Keyner Martinez,BAL,1,2026,2026
2025,Winter,59,2,29,COL,Reinold Navarro,162745,SP,Reinold Navarro,COL,1,2026,2026
2025,Winter,60,2,30,CHW,Enddy Azocar,125999,OF,Enddy Azocar,CHW,1,2026,2026
2024,Summer,1,1,1,WAS,Charlie Condon,34574,3B,Charlie Condon,ATL SD WAS,3,2024,2026
2024,Summer,2,1,2,NYY,Nick Kurtz,156515,1B,Nick Kurtz,NYY,3,2024,2026
2024,Summer,3,1,3,TB,Travis Bazzana,266646,2B,Travis Bazzana,TB,3,2024,2026
2024,Summer,4,1,4,CHC,Jac Caglianone,433120,1B,Jac Caglianone,CHC,3,2024,2026
2024,Summer,5,1,5,BOS,Christian Moore,143352,2B,Christian Moore,BOS,3,2024,2026
2024,Summer,6,1,6,MIN,JJ Wetherholt,194851,2B,JJ Wetherholt,MIN,3,2024,2026
2024,Summer,7,1,7,PIT,Konnor Griffin,218230,CF,Konnor Griffin,PIT,3,2024,2026
2024,Summer,8,1,8,TOR,Chase Burns,472138,SP,Chase Burns,TOR,3,2024,2026
2024,Summer,9,1,9,HOU,Hagen Smith,70389,SP,Hagen Smith,HOU,3,2024,2026
2024,Summer,10,1,10,PHI,Cam Smith,280345,3B,Cam Smith,PHI,3,2024,2026
2024,Summer,11,1,11,SD,James Tibbs,259945,OF,James Tibbs III,SD,3,2024,2026
2024,Summer,12,1,12,LAD,Seaver King,132191,SS,Seaver King,LAD,3,2024,2026
2024,Summer,13,1,13,NYM,Jake Bloss,189603,SP,Jake Bloss,NYM,3,2024,2026
2024,Summer,14,1,14,WAS,Quinn Mathews,464135,SP,Quinn Mathews,ATL WAS,3,2024,2026
2024,Summer,15,1,15,CLE,Bryce Rainer,264546,SS,Bryce Rainer,CLE KC,3,2024,2026
2024,Summer,16,1,16,LAA,Carson Benge,311587,OF,Carson Benge,LAA,3,2024,2026
2024,Summer,17,1,17,TOR,Theo Gillen,5638,OF,Theo Gillen,TOR,3,2024,2026
2024,Summer,18,1,18,DET,Tommy White,452669,3B,Tommy White,DET,3,2024,2026
2024,Summer,19,1,19,OAK,Zebby Matthews,74280,SP,Zebby Matthews,OAK,3,2024,2026
2024,Summer,20,1,20,ATL,Jurrangelo Cijntje,37606,SP,Jurrangelo Cijntje,ATL WAS,3,2024,2026
2024,Summer,21,1,21,COL,Gary Gill Hill,218737,SP,Gary Gill Hill,COL,3,2024,2026
2024,Summer,22,1,22,KC,Trey Yesavage,318785,SP,Trey Yesavage,CLE KC,3,2024,2026
2024,Summer,23,1,23,MIA,Kristian Campbell,11759,IF,Kristian Campbell,MIA,3,2024,2026
2024,Summer,24,1,24,SF,Cam Caminiti,460114,SP,Cam Caminiti,SF,3,2024,2026
2024,Summer,25,1,25,TB,Alejandro Rosario,160204,SP,Alejandro Rosario,TB,3,2024,2026
2024,Summer,26,1,26,TEX,Mitchell Parker,180178,SP,Mitchell Parker,TEX,3,2024,2026
2024,Summer,27,1,27,STL,PJ Morlando,155541,OF,PJ Morlando,STL,3,2024,2026
2024,Summer,28,1,28,WAS,CJ Kayfus,452138,1B,C.J. Kayfus,ATL TOR WAS,3,2024,2026
2024,Summer,29,1,29,CHW,Brody Hopkins,96023,SP,Brody Hopkins,CHW,3,2024,2026
2024,Summer,30,1,30,ARI,Braylon Payne,298817,OF,Braylon Payne,ARI,3,2024,2026
2024,Summer,31,2,1,MIA,Ben Rice,278895,1B,Ben Rice,MIA,3,2024,2026
2024,Summer,32,2,2,NYY,Kash Mayfield,417618,SP,Kash Mayfield,NYY,3,2024,2026
2024,Summer,33,2,3,CIN,Ben Hess,421398,SP,Ben Hess,CIN,3,2024,2026
2024,Summer,34,2,4,CHC,Ryan Sloan,474000,SP,Ryan Sloan,CHC,3,2024,2026
2024,Summer,35,2,5,BOS,C. J. Culpepper,60844,SP,C.J. Culpepper,BOS,3,2024,2026
2024,Summer,36,2,6,MIN,Braylon Doughty,242067,SP,Braylon Doughty,MIN,3,2024,2026
2024,Summer,37,2,7,PIT,Vance Honeycutt,267390,OF,Vance Honeycutt,PIT,3,2024,2026
2024,Summer,38,2,8,TOR,David Shields,442350,SP,David Shields,TOR,3,2024,2026
2024,Summer,39,2,9,HOU,Ryan Waldschmidt,200918,OF,Ryan Waldschmidt,HOU,3,2024,2026
2024,Summer,40,2,10,PHI,Walker Janek,496543,CF,Walker Janek,PHI,3,2024,2026
2024,Summer,41,2,11,SD,Brody Brecht,454091,SP,Brody Brecht,SD,3,2024,2026
2024,Summer,42,2,12,LAD,Kaelen Culpepper,485882,SS,Kaelen Culpepper,LAD,3,2024,2026
2024,Summer,43,2,13,LAA,Jaden Hamm,144728,SP,Jaden Hamm,LAA MIL,3,2024,2026
2024,Summer,44,2,14,CIN,William Schmidt,452037,SP,William Schmidt,CIN,3,2024,2026
2024,Summer,45,2,15,CLE,Kellon Lindsey,111682,SS,Kellon Lindsey,CLE KC,3,2024,2026
2024,Summer,46,2,16,CHC,Wyatt Sanford,461411,SS,Wyatt Sanford,CHC,3,2024,2026
2024,Summer,47,2,17,SEA,Yilber Díaz,327580,SP,Yilber Diaz,KC SEA,3,2024,2026
2024,Summer,48,2,18,DET,Billy Amick,452415,3B,Billy Amick,DET,3,2024,2026
2024,Summer,49,2,19,OAK,Eduardo Tait,384509,C,Eduardo Tait,OAK,3,2024,2026
2024,Summer,50,2,20,ATL,Dante Nori,134382,OF,Dante Nori,ATL WAS,3,2024,2026
2024,Summer,51,2,21,COL,Demetrio Crisantes,109529,2B,Demetrio Crisantes,ATL COL,3,2024,2026
2024,Summer,52,2,22,KC,Carter Johnson,411853,SS,Carter Johnson,CLE KC,3,2024,2026
2024,Summer,53,2,23,WAS,Matt Wilkinson,10942,SP,Matt Wilkinson,ATL MIL WAS,3,2024,2026
2024,Summer,54,2,24,SF,Elmer Rodriguez,315578,SP,Elmer Rodriguez-Cruz,SF,3,2024,2026
2024,Summer,55,2,25,HOU,Joey Oakie,467408,SP,Joey Oakie,HOU,3,2024,2026
2024,Summer,56,2,26,TEX,Wenceel Pérez,227485,OF,Wenceel Perez,TEX,3,2024,2026
2024,Summer,57,2,27,STL,Slade Caldwell,148007,OF,Slade Caldwell,STL,3,2024,2026
2024,Summer,58,2,28,BAL,Caleb Lomavita,232791,C,Caleb Lomavita,BAL,3,2024,2026
2024,Summer,59,2,29,CHW,Emiliano Teodo,80146,SP,Emiliano Teodo,CHW,3,2024,2026
2024,Summer,60,2,30,ARI,Griff O'Ferrall,60084,SS,Griff O'Ferrall,ARI,3,2024,2026
2024,Summer,61,3,1,DET,Dasan Hill,72432,SP,Dasan Hill,DET,3,2024,2026
2024,Summer,62,3,2,NYY,Levi Sterling,164390,SP,Levi Sterling,NYY,3,2024,2026
2024,Summer,63,3,3,WAS,Logan Evans,124971,SP,Logan Evans,ATL WAS,3,2024,2026
2024,Summer,64,3,4,CHC,Zyhir Hope,289014,OF,Zyhir Hope,CHC,3,2024,2026
2024,Summer,65,3,5,BOS,Dax Whitney,376678,SP,Dax Whitney,BOS,3,2024,2026
2024,Summer,66,3,6,COL,Alex Freeland,303514,SS,Alex Freeland,COL,3,2024,2026
2024,Summer,67,3,7,PIT,Agustín Ramírez,377067,C,Agustin Ramirez,PIT,3,2024,2026
2024,Summer,68,3,8,TOR,Ramon Ramirez,86986,C,Ramon Ramirez,TOR,3,2024,2026
2024,Summer,69,3,9,HOU,Bryce Meccage,233618,SP,Bryce Meccage,HOU,3,2024,2026
2024,Summer,70,3,10,PHI,Brailer Guerrero,222404,OF,Brailer Guerrero,PHI,3,2024,2026
2024,Summer,71,3,11,SD,Chris Cortez,79409,SP,Chris Cortez,SD,3,2024,2026
2024,Summer,72,3,12,LAD,Kyle DeBarge,426567,SS,Kyle DeBarge,LAD,3,2024,2026
2024,Summer,73,3,13,NYM,Winston Santos,394736,SP,Winston Santos,NYM,3,2024,2026
2024,Summer,74,3,14,CIN,Owen Hall,273437,SP,Owen Hall,CIN,3,2024,2026
2024,Summer,75,3,15,CLE,Blake Burke,221274,1B,Blake Burke,CLE KC,3,2024,2026
2024,Summer,76,3,16,CIN,Luis De Leon,152320,SP,Luis De Leon,CIN,3,2024,2026
2024,Summer,77,3,17,SEA,Colby Thomas,439158,OF,Colby Thomas,SEA,3,2024,2026
2024,Summer,78,3,18,DET,George Klassen,204870,SP,George Klassen,DET,3,2024,2026
2024,Summer,79,3,19,DET,Cade Smith,356264,RP,Cade Smith,DET,3,2024,2026
2024,Summer,80,3,20,ATL,JD Dix,190661,SS,JD Dix,ATL WAS,3,2024,2026
2024,Summer,81,3,21,KC,Jared Serna,465070,2B,Jared Serna,CLE KC,3,2024,2026
2024,Summer,82,3,22,KC,Tyson Lewis,315364,SS,Tyson Lewis,CLE KC,3,2024,2026
2024,Summer,83,3,23,CHW,Boston Baro,491911,3B,Boston Baro,CHW,3,2024,2026
2024,Summer,84,3,24,SF,Kohl Drake,246263,SP,Kohl Drake,SF,3,2024,2026
2024,Summer,85,3,25,CIN,Mike Sirota,413155,OF,Mike Sirota,CIN,3,2024,2026
2024,Summer,86,3,26,TEX,Charles McAdoo,80009,3B,Charles McAdoo,TEX,3,2024,2026
2024,Summer,87,3,27,STL,Jared Thomas,297519,OF,Jared Thomas,STL,3,2024,2026
2024,Summer,88,3,28,BAL,Bryce Cunningham,14343,SP,Bryce Cunningham,BAL,3,2024,2026
2024,Summer,89,3,29,CHW,Javier Sanoja,270781,CF,Javier Sanoja,CHW,3,2024,2026
2024,Summer,90,3,30,ARI,Caleb Bonemer,175146,SS,Caleb Bonemer,ARI,3,2024,2026
2024,Summer,91,4,1,MIA,Tre' Morgan,481391,1B,Tre Morgan,MIA,3,2024,2026
2024,Summer,92,4,2,KC,Luke Holman,97544,SP,Luke Holman,CLE KC,3,2024,2026
2024,Summer,93,4,3,MIL,Dakota Jordan,165533,OF,Dakota Jordan,MIL OAK,3,2024,2026
2024,Summer,94,4,4,CHC,Aidan Smith,134735,OF,Aidan Smith,CHC,3,2024,2026
2024,Summer,95,4,5,BOS,Michael Kennedy,55224,SP,Michael Kennedy,BOS,3,2024,2026
2024,Summer,96,4,6,MIN,Kale Fountain,43797,3B,Kale Fountain,MIN,3,2024,2026
2024,Summer,97,4,7,SD,Jonathan Santucci,283628,SP,Jonathan Santucci,SD,3,2024,2026
2024,Summer,98,4,8,COL,Franklin Arias,9679,SS,Franklin Arias,COL,3,2024,2026
2024,Summer,99,4,9,DET,Jeremiah Estrada,10714,RP,Jeremiah Estrada,DET TOR,3,2024,2026
2024,Summer,100,4,10,PHI,Julian Aguiar,80330,SP,Julian Aguiar,PHI,3,2024,2026
2024,Summer,101,4,11,SD,Jacob Cozart,181269,C,Jacob Cozart,SD,3,2024,2026
2024,Summer,102,4,12,LAD,Luke Dickerson,285525,SS,Luke Dickerson,LAD,3,2024,2026
2024,Summer,103,4,13,NYM,Logan Henderson,511833,SP,Logan Henderson,NYM,3,2024,2026
2024,Summer,104,4,14,KC,Yujanyer Herrera,124234,SP,Yujanyer Herrera,CLE KC,3,2024,2026
2024,Summer,105,4,15,CLE,Payton Tolle,228777,SP,Payton Tolle,CLE KC,3,2024,2026
2024,Summer,106,4,16,LAA,Noah Franco,12235,OF,Noah Franco,LAA,3,2024,2026
2024,Summer,107,4,17,SEA,Jonah Tong,500245,SP,Jonah Tong,BOS SEA,3,2024,2026
2024,Summer,108,4,18,TB,Yohanfer Santana,81737,SP,Yohanfer Santana,TB,3,2024,2026
2024,Summer,109,4,19,OAK,Griffin Burkholder,111305,OF,Griffin Burkholder,OAK,3,2024,2026
2024,Summer,110,4,20,ATL,Boston Bateman,277696,SP,Boston Bateman,ATL WAS,3,2024,2026
2024,Summer,111,4,21,COL,Jhonny Severino,400118,SS,Jhonny Severino,COL,3,2024,2026
2024,Summer,112,4,22,KC,Chandler Simpson,151975,OF,Chandler Simpson,CLE KC,3,2024,2026
2024,Summer,113,4,23,WAS,Adrian Del Castillo,396973,C,Adrian Del Castillo,ATL WAS,3,2024,2026
2024,Summer,114,4,24,SF,Yophery Rodriguez,144965,OF,Yophery Rodriguez,SF,3,2024,2026
2024,Summer,115,4,25,MIL,David Matoma,139994,SP,David Matoma,MIL,3,2024,2026
2024,Summer,116,4,26,TEX,Leo Bernal,207657,C,Leonardo Bernal,TEX,3,2024,2026
2024,Summer,117,4,27,STL,Cole Mathis,450167,3B,Cole Mathis,STL,3,2024,2026
2024,Summer,118,4,28,BAL,Luke Sinnard,385226,SP,Luke Sinnard,BAL,3,2024,2026
2024,Summer,119,4,29,CHW,Jedixson Paez,226512,SP,Jedixson Paez,CHW,3,2024,2026
2024,Summer,120,4,30,ARI,Émilien Pitre,432034,2B,Emilien Pitre,ARI,2,2025,2026
2024,Summer,121,5,1,MIA,Brandyn Garcia,328618,SP,Brandyn Garcia,MIA,3,2024,2026
2024,Summer,122,5,2,NYY,Chris Levonas,323467,SP,Chris Levonas,NYY,3,2024,2026
2024,Summer,123,5,3,MIL,Jackson Barberi,234980,SP,Jackson Barberi,MIL,3,2024,2026
2024,Summer,124,5,4,CHC,Sean Keys,191487,3B,Sean Keys,CHC,3,2024,2026
2024,Summer,125,5,5,BOS,Marquis Grissom,249845,RP,Marquis Grissom Jr.,BOS,3,2024,2026
2024,Summer,126,5,6,MIN,Jalin Flores,136508,SS,Jalin Flores,MIN,3,2024,2026
2024,Summer,127,5,7,PIT,Engelth Urena,232380,C,Engelth Urena,PIT,3,2024,2026
2024,Summer,128,5,8,TB,Chen-Wei Lin,474730,SP,Chen-Wei Lin,TB,3,2024,2026
2024,Summer,129,5,9,HOU,Greg Farone,416048,SP,Greg Farone,HOU,3,2024,2026
2024,Summer,130,5,10,PHI,Mason Barnett,338477,SP,Mason Barnett,PHI,3,2024,2026
2024,Summer,131,5,11,SD,Drew Beam,94509,SP,Drew Beam,SD,3,2024,2026
2024,Summer,132,5,12,LAD,Khal Stephen,395561,SP,Khal Stephen,LAD,3,2024,2026
2024,Summer,133,5,13,PIT,Brett Wichrowski,148464,SP,Brett Wichrowski,PIT,3,2024,2026
2024,Summer,134,5,14,CIN,Keider Montero,461296,SP,Keider Montero,CIN,3,2024,2026
2024,Summer,135,5,15,CLE,Ethan Anderson,170197,C,Ethan Anderson,CLE KC,3,2024,2026
2024,Summer,136,5,16,LAA,Blaze Alexander,58088,SS,Blaze Alexander,LAA,3,2024,2026
2024,Summer,137,5,17,SEA,Justin Martinez,206892,RP,Justin Martinez,SEA,3,2024,2026
2024,Summer,138,5,18,DET,Randy Rodríguez,392382,RP,Randy Rodriguez,DET NYM,3,2024,2026
2024,Summer,139,5,19,WAS,Trevor Harrison,57747,SP,Trevor Harrison,ATL TOR WAS,3,2024,2026
2024,Summer,140,5,20,ATL,Carter Holton,61288,SP,Carter Holton,ATL WAS,3,2024,2026
2024,Summer,141,5,21,COL,Yeremy Cabrera,357884,OF,Yeremi Cabrera,COL,3,2024,2026
2024,Summer,142,5,22,KC,Hyun-Seok Jang,374754,SP,Hyun-Seok Jang,CLE KC,3,2024,2026
2024,Summer,143,5,23,MIL,Conrad Cason,463885,SP,Conrad Cason,MIA MIL,3,2024,2026
2024,Summer,144,5,24,MIL,Tyson Neighbors,232653,RP,Tyson Neighbors,MIL TOR,3,2024,2026
2024,Summer,145,5,25,TB,Keeler Morfe,3868,SP,Keeler Morfe,TB,3,2024,2026
2024,Summer,146,5,26,TEX,Eddinson Paulino,253594,2B,Eddinson Paulino,TEX,3,2024,2026
2024,Summer,147,5,27,STL,Ivan Luciano,417243,C,Ivan Luciano,STL,3,2024,2026
2024,Summer,148,5,28,BAL,Carson Wiggins,185402,SP,Carson Wiggins,BAL,3,2024,2026
2024,Summer,149,5,29,CHW,Adrian Bohorquez,268649,SP,Adrian Bohorquez,CHW,3,2024,2026
2024,Summer,150,5,30,ARI,Dylan Dreiling,516231,OF,Dylan Dreiling,ARI,2,2025,2026
2024,Winter,1,1,1,ATL,Leo De Vries,415344,SS,Leodalis De Vries,ATL CHC,2,2025,2026
2024,Winter,2,1,2,SD,Emil Morales,267621,SS,Emil Morales,SD,2,2025,2026
2024,Winter,3,1,3,MIA,Jesús Made,433198,SS,Jesus Made,MIA,2,2025,2026
2024,Winter,4,1,4,CIN,Paulino Santana,256801,OF,Paulino Santana,CIN,2,2025,2026
2024,Winter,5,1,5,NYY,Yovanny Rodriguez,194546,C,Yovanny Rodriguez,NYY,2,2025,2026
2024,Winter,6,1,6,MIN,Sean Burke,505740,SP,Sean Burke,MIN,2,2025,2026
2024,Winter,7,1,7,BOS,Moisés Chace,24750,SP,Moises Chace,BOS,2,2025,2026
2024,Winter,8,1,8,CHC,Jesús Báez,206960,3B,Jesus Baez,CHC,2,2025,2026
2024,Winter,9,1,9,DET,Dawel Joseph,110716,SS,Dawel Joseph,DET,2,2025,2026
2024,Winter,10,1,10,HOU,Adolfo Sanchez,366748,OF,Adolfo Sanchez,HOU,2,2025,2026
2024,Winter,11,1,11,MIL,Johnny King,303498,SP,Johnny King,MIL TOR,2,2025,2026
2024,Winter,12,1,12,PHI,Andrew Morris,500121,SP,Andrew Morris,PHI,2,2025,2026
2024,Winter,13,1,13,LAA,Jose Perdomo,352794,SS,Jose Perdomo,LAA,2,2025,2026
2024,Winter,14,1,14,LAD,AJ Blubaugh,487326,SP,A.J. Blubaugh,LAD,2,2025,2026
2024,Winter,15,1,15,SEA,Jhostynxon Garcia,482095,OF,Jhostynxon Garcia,NYY SEA,2,2025,2026
2024,Winter,16,1,16,NYM,Adriel Radney,404001,OF,Adriel Radney,NYM,2,2025,2026
2024,Winter,17,1,17,STL,Luis Perales,143549,SP,Luis Perales,STL,2,2025,2026
2024,Winter,18,1,18,ARI,Braylin Morel,147188,OF,Braylin Morel,ARI,2,2025,2026
2024,Winter,19,1,19,CLE,Daiber De Los Santos,77872,SS,Daiber De Los Santos,CLE,2,2025,2026
2024,Winter,20,1,20,TB,Yairo Padilla,175321,SS,Yairo Padilla,TB,2,2025,2026
2024,Winter,21,1,21,SF,Cam Schlittler,198476,SP,Cam Schlittler,SF,2,2025,2026
2024,Winter,22,1,22,PIT,Jimmy Crooks,452076,C,Jimmy Crooks,PIT,2,2025,2026
2024,Winter,23,1,23,TOR,Yandel Ricardo,94239,SS,Yandel Ricardo,TOR,2,2025,2026
2024,Winter,24,1,24,KC,Ethan Schiefelbein,386138,SP,Ethan Schiefelbein,KC,2,2025,2026
2024,Winter,25,1,25,WAS,Cooper Ingle,47512,C,Cooper Ingle,WAS,2,2025,2026
2024,Winter,26,1,26,COL,Eriq Swan,216987,SP,Eriq Swan,COL,2,2025,2026
2024,Winter,27,1,27,TEX,Sam Aldegheri,140860,SP,Samuel Aldegheri,TEX,2,2025,2026
2024,Winter,28,1,28,BAL,Ty Johnson,60309,SP,Ty Johnson,BAL,2,2025,2026
2024,Winter,29,1,29,CHW,Craig Yoho,304533,RP,Craig Yoho,CHW,2,2025,2026
2024,Winter,30,1,30,OAK,Luis Peña,105863,SS,Luis Pena,OAK,2,2025,2026
2024,Winter,31,2,1,ATL,Garrett Baumann,408950,SP,Garrett Baumann,ATL,2,2025,2026
2024,Winter,32,2,2,SD,George Wolkow,409484,OF,George Wolkow,SD,2,2025,2026
2024,Winter,33,2,3,MIA,Jack Perkins,448478,SP,Jack Perkins,MIA,2,2025,2026
2024,Winter,34,2,4,CIN,Humberto Cruz,140194,SP,Humberto Cruz,CIN,2,2025,2026
2024,Winter,35,2,5,NYY,Branneli Franco,380090,SP,Branneli Franco,NYY,2,2025,2026
2024,Winter,36,2,6,MIN,Jhonny Level,329577,SS,Jhonny Level,MIN,2,2025,2026
2024,Winter,37,2,7,BOS,Juan Valera,22852,SP,Juan Valera,BOS,2,2025,2026
2024,Winter,38,2,8,CHC,Hunter Dobbins,329937,SP,Hunter Dobbins,CHC,2,2025,2026
2024,Winter,39,2,9,DET,Troy Taylor,264693,SP,Troy Taylor,DET,2,2025,2026
2024,Winter,40,2,10,HOU,Robert Arias,347367,OF,Robert Arias,HOU,2,2025,2026
2024,Winter,41,2,11,MIL,Porter Hodge,352820,RP,Porter Hodge,MIL,2,2025,2026
2024,Winter,42,2,12,PHI,Johnathan Rodríguez,379655,OF,Johnathan Rodriguez,PHI,2,2025,2026
2024,Winter,43,2,13,LAA,Rainiel Rodriguez,190029,C,Rainiel Rodriguez,LAA,2,2025,2026
2024,Winter,44,2,14,LAD,Ben Casparius,360160,RP,Ben Casparius,LAD,2,2025,2026
2024,Winter,45,2,15,SEA,Alejandro Osuna,282234,OF,Alejandro Osuna,SEA,2,2025,2026
2024,Winter,46,2,16,NYM,Chase Meidroth,156080,SS,Chase Meidroth,NYM,2,2025,2026
2024,Winter,47,2,17,STL,Cameron Cauley,75678,SS,Cameron Cauley,STL,2,2025,2026
2024,Winter,48,2,18,ARI,Marvin Alcantara,433370,SS,Marvin Alcantara,ARI,2,2025,2026
2024,Winter,49,2,19,KC,Cobb Hightower,373723,SS,Cobb Hightower,KC,2,2025,2026
2024,Winter,50,2,20,TB,Edgleen Perez,21816,C,Edgleen Perez,TB,2,2025,2026
2024,Winter,51,2,21,SF,Steven Zobac,206193,SP,Steven Zobac,SF,2,2025,2026
2024,Winter,52,2,22,PIT,Carson Palmquist,509293,SP,Carson Palmquist,PIT,2,2025,2026
2024,Winter,53,2,23,TOR,Noah Cameron,405295,SP,Noah Cameron,TOR,2,2025,2026
2024,Winter,54,2,24,CLE,Miguel Ullola,423759,SP,Miguel Ullola,CLE,2,2025,2026
2024,Winter,55,2,25,WAS,Yolfran Castillo,363938,SS,Yolfran Castillo,WAS,2,2025,2026
2024,Winter,56,2,26,COL,Didier Fuentes,432979,SP,Didier Fuentes,COL,2,2025,2026
2024,Winter,57,2,27,TEX,Bradgley Rodriguez,367233,SP,Bradgley Rodriguez,TEX,2,2025,2026
2024,Winter,58,2,28,BAL,Michael Forret,298012,SP,Michael Forret,BAL,2,2025,2026
2024,Winter,59,2,29,CHW,Luis Mey,198511,RP,Luis Mey,CHW,2,2025,2026
2024,Winter,60,2,30,OAK,José Ferrer,229766,RP,Jose A. Ferrer,OAK,2,2025,2026
2023,Summer,1,1,1,DET,Paul Skenes,93781,SP,Paul Skenes,DET,4,2023,2026
2023,Summer,2,1,2,LAA,Wyatt Langford,17107,OF,Wyatt Langford,LAA,4,2023,2026
2023,Summer,3,1,3,WAS,Walker Jenkins,74855,OF,Walker Jenkins,ATL COL WAS,4,2023,2026
2023,Summer,4,1,4,SD,Max Clark,293697,OF,Max Clark,ATL CIN SD,4,2023,2026
2023,Summer,5,1,5,LAA,Noble Meyer,242791,SP,Noble Meyer,LAA,4,2023,2026
2023,Summer,6,1,6,BOS,Rhett Lowder,185480,SP,Rhett Lowder,BOS,4,2023,2026
2023,Summer,7,1,7,CHC,Hurston Waldrep,408257,SP,Hurston Waldrep,CHC,4,2023,2026
2023,Summer,8,1,8,HOU,Nolan Schanuel,216416,1B,Nolan Schanuel,HOU,4,2023,2026
2023,Summer,9,1,9,MIL,Arjun Nimmala,173643,SS,Arjun Nimmala,CIN MIL,4,2023,2026
2023,Summer,10,1,10,MIN,Jacob Wilson,378093,SS,Jacob Wilson,MIN,4,2023,2026
2023,Summer,11,1,11,STL,Blake Mitchell,482129,C,Blake Mitchell,STL,4,2023,2026
2023,Summer,12,1,12,LAD,Matt Shaw,450577,SS,Matt Shaw,LAD,4,2023,2026
2023,Summer,13,1,13,NYY,Brayden Taylor,31398,3B,Brayden Taylor,NYY,4,2023,2026
2023,Summer,14,1,14,COL,Bryan Woo,86284,SP,Bryan Woo,COL,4,2023,2026
2023,Summer,15,1,15,CLE,Chase Dollander,399067,SP,Chase Dollander,CLE KC,4,2023,2026
2023,Summer,16,1,16,BOS,Kyle Teel,187008,C,Kyle Teel,BOS,4,2023,2026
2023,Summer,17,1,17,PHI,Tommy Troy,218793,SS,Tommy Troy,CIN PHI,4,2023,2026
2023,Summer,18,1,18,CHW,Bryce Eldridge,168294,1B,Bryce Eldridge,CHW,4,2023,2026
2023,Summer,19,1,19,CIN,Colt Emerson,229207,SS,Colt Emerson,CIN,4,2023,2026
2023,Summer,20,1,20,TB,Enrique Bradfield,237353,OF,Enrique Bradfield Jr.,TB,4,2023,2026
2023,Summer,21,1,21,BAL,Yohandy Morales,165437,3B,Yohandy Morales,BAL,4,2023,2026
2023,Summer,22,1,22,KC,Colin Houck,138846,SS,Colin Houck,CLE KC,4,2023,2026
2023,Summer,23,1,23,SF,Aidan Miller,310016,3B,Aidan Miller,SF,4,2023,2026
2023,Summer,24,1,24,OAK,Chase Davis,360257,OF,Chase Davis,OAK,4,2023,2026
2023,Summer,25,1,25,ATL,Jacob Gonzalez,390286,SS,Jacob Gonzalez,ATL WAS,4,2023,2026
2023,Summer,26,1,26,TOR,Kevin McGonigle,365285,SS,Kevin McGonigle,TOR,4,2023,2026
2023,Summer,27,1,27,TB,Chase Hampton,323356,SP,Chase Hampton,TB,4,2023,2026
2023,Summer,28,1,28,PIT,Brock Wilken,135012,3B,Brock Wilken,PIT,4,2023,2026
2023,Summer,29,1,29,TEX,Thomas White,38628,SP,Thomas White,TEX,4,2023,2026
2023,Summer,30,1,30,ARI,Ralphy Velazquez,236263,C,Ralphy Velazquez,ARI,4,2023,2026
2023,Summer,31,2,1,DET,Dillon Head,169896,OF,Dillon Head,DET WAS,4,2023,2026
2023,Summer,32,2,2,LAA,Abimelec Ortiz,517094,1B,Abimelec Ortiz,LAA,4,2023,2026
2023,Summer,33,2,3,MIA,Justyn-Henry Malloy,92826,3B,Justyn-Henry Malloy,ATL MIA WAS,4,2023,2026
2023,Summer,34,2,4,SD,Jonny Farmelo,4767,OF,Jonny Farmelo,ATL MIL SD,4,2023,2026
2023,Summer,35,2,5,CHC,Jansel Luis,424042,SS,Jansel Luis,CHC,4,2023,2026
2023,Summer,36,2,6,BOS,Charlee Soto,329606,SP,Charlee Soto,BOS,4,2023,2026
2023,Summer,37,2,7,TB,Brice Matthews,452995,SS,Brice Matthews,TB,4,2023,2026
2023,Summer,38,2,8,HOU,Joe Whitman,420198,SP,Joe Whitman,HOU,4,2023,2026
2023,Summer,39,2,9,NYM,Jairo Iriarte,402354,SP,Jairo Iriarte,ATL NYM WAS,4,2023,2026
2023,Summer,40,2,10,MIN,George Lombard,138434,SS,George Lombard Jr.,MIN TB,4,2023,2026
2023,Summer,41,2,11,STL,Tai Peete,94011,OF,Tai Peete,STL,4,2023,2026
2023,Summer,42,2,12,LAD,Jonny DeLuca,171900,OF,Jonny DeLuca,LAD,4,2023,2026
2023,Summer,43,2,13,NYY,Ty Floyd,419295,SP,Ty Floyd,NYY,4,2023,2026
2023,Summer,44,2,14,COL,Luis Baez,378142,OF,Luis Baez,COL SD,4,2023,2026
2023,Summer,45,2,15,CLE,Adrian Santana,366657,SS,Adrian Santana,CLE KC,4,2023,2026
2023,Summer,46,2,16,PIT,Connor Phillips,47496,SP,Connor Phillips,PIT,4,2023,2026
2023,Summer,47,2,17,NYM,Darell Hernaiz,270459,SS,Darell Hernaiz,NYM,4,2023,2026
2023,Summer,48,2,18,CHW,Landen Roupp,359406,SP,Landen Roupp,CHW,4,2023,2026
2023,Summer,49,2,19,CIN,Colton Ledbetter,281402,OF,Colton Ledbetter,CIN,4,2023,2026
2023,Summer,50,2,20,CHC,Teddy McGraw,421315,SP,Teddy McGraw,CHC,4,2023,2026
2023,Summer,51,2,21,BAL,Walker Martin,20200,SS,Walker Martin,BAL,4,2023,2026
2023,Summer,52,2,22,KC,Tekoah Roby,62908,SP,Tekoah Roby,CLE KC,4,2023,2026
2023,Summer,53,2,23,SF,Sammy Stafura,474187,SS,Samuel Stafura,SF,4,2023,2026
2023,Summer,54,2,24,OAK,Cooper Pratt,201190,3B,Cooper Pratt,OAK,4,2023,2026
2023,Summer,55,2,25,ATL,Josh Knoth,212613,SP,Josh Knoth,ATL WAS,4,2023,2026
2023,Summer,56,2,26,TOR,Blake Wolters,81845,SP,Blake Wolters,TOR,4,2023,2026
2023,Summer,57,2,27,SEA,Mike Vasil,199414,SP,Mike Vasil,SEA WAS,4,2023,2026
2023,Summer,58,2,28,PIT,Wade Meckler,516219,OF,Wade Meckler,PIT,4,2023,2026
2023,Summer,59,2,29,TEX,Osleivis Basabe,251181,SS,Osleivis Basabe,TEX,4,2023,2026
2023,Summer,60,2,30,ARI,Kendall George,382248,OF,Kendall George,ARI,4,2023,2026
2023,Summer,61,3,1,DET,Myles Naylor,66403,3B,Myles Naylor,DET WAS,4,2023,2026
2023,Summer,62,3,2,LAA,Jake Gelof,335739,3B,Jake Gelof,LAA,4,2023,2026
2023,Summer,63,3,3,MIL,Kemp Alderman,274255,OF,Kemp Alderman,MIL,4,2023,2026
2023,Summer,64,3,4,SD,Nazzan Zanetello,178463,SS,Nazzan Zanetello,SD,4,2023,2026
2023,Summer,65,3,5,MIA,César Prieto,57300,SS,Cesar Prieto,MIA,4,2023,2026
2023,Summer,66,3,6,BOS,Dylan Dodd,19086,SP,Dylan Dodd,BOS,3,2023,2025
2023,Summer,67,3,7,CHC,Nelson Rada,133513,OF,Nelson Rada,CHC,4,2023,2026
2023,Summer,68,3,8,DET,Ryan Lasko,206941,OF,Ryan Lasko,DET,4,2023,2026
2023,Summer,69,3,9,MIL,LuJames Groover,471580,3B,Gino Groover,MIL,4,2023,2026
2023,Summer,70,3,10,MIN,Mitch Jebb,106816,SS,Mitch Jebb,MIN,4,2023,2026
2023,Summer,71,3,11,STL,Max Anderson,65697,1B,Max Anderson,STL,4,2023,2026
2023,Summer,72,3,12,LAD,Jorge Marcheco,470107,SP,Jorge Marcheco,LAD,4,2023,2026
2023,Summer,73,3,13,NYY,Paul Wilson,183598,SP,Paul Wilson,NYY,4,2023,2026
2023,Summer,74,3,14,COL,Denzel Clarke,59494,OF,Denzel Clarke,CLE COL,4,2023,2026
2023,Summer,75,3,15,CLE,Sean Sullivan,28872,SP,Sean Sullivan,CLE KC,4,2023,2026
2023,Summer,76,3,16,NYM,Liam Peterson,342427,SP,Liam Peterson,NYM,4,2023,2026
2023,Summer,77,3,17,CHC,Drew Burress,346786,OF,Drew Burress,CHC,4,2023,2026
2023,Summer,78,3,18,CHW,Jefferson Rojas,257559,SS,Jefferson Rojas,CHW,4,2023,2026
2023,Summer,79,3,19,MIA,Thomas Saggese,335079,SS,Thomas Saggese,ATL MIA WAS,4,2023,2026
2023,Summer,80,3,20,CHC,Travis Sykora,265577,SP,Travis Sykora,CHC,4,2023,2026
2023,Summer,81,3,21,BAL,Cameron Johnson,508055,SP,Cameron Johnson,BAL,4,2023,2026
2023,Summer,82,3,22,KC,Carlos Jorge,144638,2B,Carlos Jorge,CLE KC,4,2023,2026
2023,Summer,83,3,23,SF,Leo Jimenez,345577,SS,Leo Jimenez,SF,4,2023,2026
2023,Summer,84,3,24,OAK,Steven Echavarria,221144,SP,Steven Echavarria,OAK,4,2023,2026
2023,Summer,85,3,25,ATL,Luke Keaschall,326819,2B,Luke Keaschall,ATL WAS,4,2023,2026
2023,Summer,86,3,26,TOR,Cole Schoenwetter,228326,SP,Cole Schoenwetter,TOR,4,2023,2026
2023,Summer,87,3,27,SEA,Will Klein,325594,SP,Will Klein,SEA,4,2023,2026
2023,Summer,88,3,28,PIT,Alex Clemmey,158518,SP,Alex Clemmey,PIT,4,2023,2026
2023,Summer,89,3,29,TEX,Cristofer Torin,447288,SP,Cristofer Torin,TEX,4,2023,2026
2023,Summer,90,3,30,DET,Grant Taylor,221047,SP,Grant Taylor,DET TOR,4,2023,2026
2023,Summer,91,4,1,DET,Mac Horvath,90878,3B,Mac Horvath,DET,4,2023,2026
2023,Summer,92,4,2,LAA,Carlos De La Cruz,113481,OF,Carlos de la Cruz,LAA,4,2023,2026
2023,Summer,93,4,3,MIL,Joey Loperfido,45230,OF,Joey Loperfido,MIL MIN,4,2023,2026
2023,Summer,94,4,4,MIA,Blake Dunn,303860,OF,Blake Dunn,MIA,4,2023,2026
2023,Summer,95,4,5,OAK,Antonio Anderson,189671,SS,Antonio Anderson,OAK,4,2023,2026
2023,Summer,96,4,6,BOS,Keaton Winn,72396,SP,Keaton Winn,BOS,4,2023,2026
2023,Summer,97,4,7,CHC,Drew Millas,208754,C,Drew Millas,CHC,4,2023,2026
2023,Summer,98,4,8,HOU,Alonzo Tredwell,291605,SP,Alonzo Tredwell,HOU,4,2023,2026
2023,Summer,99,4,9,NYM,Caden Grice,73126,SP,Caden Grice,NYM,4,2023,2026
2023,Summer,100,4,10,MIN,Mike Boeve,85205,3B,Mike Boeve,MIN,4,2023,2026
2023,Summer,101,4,11,STL,Ben Williamson,230418,3B,Ben Williamson,STL,4,2023,2026
2023,Summer,102,4,12,LAD,Cole Carrigg,83299,C,Cole Carrigg,LAD,4,2023,2026
2023,Summer,103,4,13,NYY,Johanfran Garcia,28261,C,Johanfran Garcia,NYY,4,2023,2026
2023,Summer,104,4,14,COL,Tsung-Che Cheng,235244,SS,Tsung-Che Cheng,COL,4,2023,2026
2023,Summer,105,4,15,CLE,Drue Hackenberg,466088,SP,Drue Hackenberg,CLE KC,4,2023,2026
2023,Summer,106,4,16,MIL,Landen Maroudis,148235,OF,Landen Maroudis,MIL,4,2023,2026
2023,Summer,107,4,17,PHI,Jack Hurley,104396,OF,Jack Hurley,PHI,4,2023,2026
2023,Summer,108,4,18,CHW,Angel Bastardo,239143,SP,Angel Bastardo,CHW,4,2023,2026
2023,Summer,109,4,19,CIN,Trey Dombroski,463602,SP,Trey Dombroski,CIN,4,2023,2026
2023,Summer,110,4,20,HOU,Kiefer Lord,349455,SP,Kiefer Lord,HOU,4,2023,2026
2023,Summer,111,4,21,BAL,Marco Vargas,189581,SS,Marco Vargas,BAL,4,2023,2026
2023,Summer,112,4,22,KC,Eric Bitonti,228511,SS,Eric Bitonti,CLE KC,4,2023,2026
2023,Summer,113,4,23,SF,Aidan Curry,84722,SP,Aidan Curry,SF,4,2023,2026
2023,Summer,114,4,24,OAK,Nacho Alvarez,227384,SS,Ignacio Alvarez,OAK,4,2023,2026
2023,Summer,115,4,25,ATL,Andrew Walters,431979,SP,Andrew Walters,ATL WAS,4,2023,2026
2023,Summer,116,4,26,TOR,Moisés Ballesteros,350707,C,Moises Ballesteros,TOR,4,2023,2026
2023,Summer,117,4,27,MIL,Maui Ahuna,316643,SS,Maui Ahuna,MIL,4,2023,2026
2023,Summer,118,4,28,PIT,Nathan Martorella,148085,1B,Nathan Martorella,PIT,4,2023,2026
2023,Summer,119,4,29,TB,Kyle Hurt,450161,SP,Kyle Hurt,TB,4,2023,2026
2023,Summer,120,4,30,ARI,Jackson Baumeister,514398,SP,Jackson Baumeister,ARI,4,2023,2026
2023,Summer,121,5,1,DET,Carson Roccaforte,367807,OF,Carson Roccaforte,DET TOR,4,2023,2026
2023,Summer,122,5,2,LAA,Richard Fitts,448870,SP,Richard Fitts,LAA,4,2023,2026
2023,Summer,123,5,3,TEX,Santiago Suarez,334734,SP,Santiago Suarez,TEX,4,2023,2026
2023,Summer,124,5,4,SD,Caden Dana,70390,SP,Caden Dana,SD,4,2023,2026
2023,Summer,125,5,5,MIA,Davis Schneider,1600,2B,Davis Schneider,MIA,4,2023,2026
2023,Summer,126,5,6,BOS,Alan Roden,88669,OF,Alan Roden,BOS,4,2023,2026
2023,Summer,127,5,7,CHC,Steven Milam,235274,SS,Steven Milam,CHC,4,2023,2026
2023,Summer,128,5,8,PIT,Javi Vaz,459190,2B,Javier Vaz,PIT,4,2023,2026
2023,Summer,129,5,9,MIL,Josh Rivera,226364,SS,Josh Rivera,MIL,3,2023,2025
2023,Summer,130,5,10,MIN,Zander Mueth,263138,SP,Zander Mueth,MIN,4,2023,2026
2023,Summer,131,5,11,STL,Jaxon Wiggins,283699,SP,Jaxon Wiggins,STL,4,2023,2026
2023,Summer,132,5,12,LAD,Haydn McGeary,474332,1B,Haydn McGeary,LAD,4,2023,2026
2023,Summer,133,5,13,NYY,Travis Honeyman,142746,OF,Travis Honeyman,NYY,4,2023,2026
2023,Summer,134,5,14,COL,Luke Adams,380623,3B,Luke Adams,COL,4,2023,2026
2023,Summer,135,5,15,CLE,Cade Kuehler,75577,SP,Cade Kuehler,CLE KC,4,2023,2026
2023,Summer,136,5,16,MIL,Nolan McLean,514610,SP,Nolan McLean,MIL MIN,4,2023,2026
2023,Summer,137,5,17,PHI,Brady Smith,187679,SP,Brady Smith,PHI,4,2023,2026
2023,Summer,138,5,18,CHW,Bradley Blalock,211747,SP,Bradley Blalock,CHW,4,2023,2026
2023,Summer,139,5,19,MIA,Chayce McDermott,374701,SP,Chayce McDermott,MIA,4,2023,2026
2023,Summer,140,5,20,TB,Brainer Bonaci,374314,SS,Brainer Bonaci,TB,3,2023,2025
2023,Summer,141,5,21,BAL,Trent Caraway,46914,3B,Trent Caraway,BAL,4,2023,2026
2023,Summer,142,5,22,KC,Zach Dezenzo,17868,3B,Zach Dezenzo,CLE KC,4,2023,2026
2023,Summer,143,5,23,SF,Juaron Watts-Brown,399036,SP,Juaron Watts-Brown,SF,4,2023,2026
2023,Summer,144,5,24,OAK,Orion Kerkering,237103,SP,Orion Kerkering,OAK,4,2023,2026
2023,Summer,145,5,25,ATL,Garret Forrester,81227,1B,Garret Forrester,ATL WAS,4,2023,2026
2023,Summer,146,5,26,TOR,Cole Miller,228743,SP,Cole Miller,TOR,4,2023,2026
2023,Summer,147,5,27,MIL,Austin Gauthier,67408,SS,Austin Gauthier,MIL NYM,4,2023,2026
2023,Summer,148,5,28,PIT,Jared Triolo,268285,3B,Jared Triolo,PIT,4,2023,2026
2023,Summer,149,5,29,TEX,Shane Drohan,176400,SP,Shane Drohan,TEX,4,2023,2026
2023,Summer,150,5,30,ARI,Hunter Hollan,113136,SP,Hunter Hollan,ARI,4,2023,2026
2023,Winter,1,1,1,CHC,Ethan Salas,391075,C,Ethan Salas,CHC,3,2024,2026
2023,Winter,2,1,2,BOS,Echedry Vargas,228731,SS,Echedry Vargas,BOS,3,2024,2026
2023,Winter,3,1,3,DET,Henry Lalane,503138,SP,Henry Lalane,DET,3,2024,2026
2023,Winter,4,1,4,HOU,Luis Morales,236875,SP,Luis Morales,HOU,3,2024,2026
2023,Winter,5,1,5,WAS,Sebastian Walcott,141536,SS,Sebastian Walcott,ATL SD WAS,3,2024,2026
2023,Winter,6,1,6,NYY,Enmanuel Bonilla,39996,OF,Enmanuel Bonilla,NYY,3,2024,2026
2023,Winter,7,1,7,MIA,Braylin Tavera,115770,OF,Braylin Tavera,MIA,3,2024,2026
2023,Winter,8,1,8,MIN,Payton Martin,380964,SP,Payton Martin,MIN,3,2024,2026
2023,Winter,9,1,9,MIL,Troy Melton,106471,DET,Troy Melton,MIL,3,2024,2026
2023,Winter,10,1,10,LAA,Joendry Vargas,240409,SS,Joendry Vargas,LAA,3,2024,2026
2023,Winter,11,1,11,NYM,Luis Guanipa,58641,OF,Luis Guanipa,NYM,3,2024,2026
2023,Winter,12,1,12,LAD,(forfeited),,,,,,,
2023,Winter,13,1,13,CIN,Felnin Celesten,410595,SS,Felnin Celesten,CIN,3,2024,2026
2023,Winter,14,1,14,SD,Yoniel Curet,413957,SP,Yoniel Curet,SD,3,2024,2026
2023,Winter,15,1,15,PHI,Christian Scott,43042,SP,Christian Scott,PHI,3,2024,2026
2023,Winter,16,1,16,SF,Rayner Arias,219723,OF,Rayner Arias,SF,3,2024,2026
2023,Winter,17,1,17,OAK,Thayron Liranzo,377981,C,Thayron Liranzo,OAK,3,2024,2026
2023,Winter,18,1,18,CLE,Kendry Rojas,403706,SP,Kendry Rojas,CLE KC,3,2024,2026
2023,Winter,19,1,19,STL,Yu-Min Lin,391534,SP,Yu-Min Lin,STL,3,2024,2026
2023,Winter,20,1,20,SEA,Starlyn Caba,130614,SS,Starlyn Caba,KC SEA,3,2024,2026
2023,Winter,21,1,21,KC,Josue Briceño,80465,C,Josue Briceno,CLE KC,3,2024,2026
2023,Winter,22,1,22,TOR,Graham Pauley,330275,2B,Graham Pauley,TOR,3,2024,2026
2023,Winter,23,1,23,COL,Jun-Seok Shim,32937,SP,Jun-Seok Shim,COL,3,2024,2026
2023,Winter,24,1,24,ATL,Carlos Rodriguez,482371,SP,Carlos Rodriguez,ATL WAS,3,2024,2026
2023,Winter,25,1,25,CHW,Prelander Berroa,231252,SP,Prelander Berroa,CHW,3,2024,2026
2023,Winter,26,1,26,PIT,Victor Scott,482525,OF,Victor Scott II,PIT,3,2024,2026
2023,Winter,27,1,27,TEX,Cristian Mena,307364,SP,Cristian Mena,TEX,3,2024,2026
2023,Winter,28,1,28,BAL,Carlos Lagrange,184120,SP,Carlos LaGrange,BAL,3,2024,2026
2023,Winter,29,1,29,TB,Eduardo Quintero,492144,OF,Eduardo Quintero,TB,3,2024,2026
2023,Winter,30,1,30,ARI,Darius Vines,58712,SP,Darius Vines,ARI,3,2024,2026
2023,Winter,31,1,31,LAD,Hayden Birdsong,297797,SP,Hayden Birdsong,LAD,3,2024,2026
2023,Winter,32,2,1,CHC,David Sandlin,128818,SP,David Sandlin,CHC,3,2024,2026
2023,Winter,33,2,2,BOS,Jeter Martinez,166472,SP,Jeter Martinez,BOS,3,2024,2026
2023,Winter,34,2,3,DET,Jeremy Rodriguez,475190,SS,Jeremy Rodriguez,DET,3,2024,2026
2023,Winter,35,2,4,HOU,Nate Lavender,369389,SP,Nate Lavender,HOU,3,2024,2026
2023,Winter,36,2,5,WAS,Yordanny Monegro,362373,SP,Yordanny Monegro,ATL WAS,3,2024,2026
2023,Winter,37,2,6,NYY,Spencer Arrighetti,504320,SP,Spencer Arrighetti,NYY,3,2024,2026
2023,Winter,38,2,7,MIA,Jakob Marsee,190535,OF,Jakob Marsee,MIA,3,2024,2026
2023,Winter,39,2,8,MIN,Mitch Bratt,343685,SP,Mitch Bratt,MIN,3,2024,2026
2023,Winter,40,2,9,MIL,Wen-Hui Pan,25392,SP,Wen Hui Pan,MIL,3,2024,2026
2023,Winter,41,2,10,LAA,Angel Genao,126268,SS,Angel Genao,LAA,3,2024,2026
2023,Winter,42,2,11,NYM,Welbyn Francisca,476754,2B,Welbyn Francisca,NYM,3,2024,2026
2023,Winter,43,2,12,LAD,Jhancarlos Lara,347682,SP,Jhancarlos Lara,LAD,3,2024,2026
2023,Winter,44,2,13,CIN,Justice Bigbie,440629,OF,Justice Bigbie,CIN,3,2024,2026
2023,Winter,45,2,14,SD,Dom Keegan,198160,C,Dominic Keegan,SD,3,2024,2026
2023,Winter,46,2,15,PHI,Joe Boyle,213390,SP,Joe Boyle,PHI,3,2024,2026
2023,Winter,47,2,16,SF,Carlos Sanchez,241938,3B,Carlos Sanchez,SF,3,2024,2026
2023,Winter,48,2,17,OAK,Yoeilin Cespedes,331489,SS,Yoeilin Cespedes,OAK,3,2024,2026
2023,Winter,49,2,18,CLE,Michael Arias,201452,SP,Michael Arias,CLE KC,3,2024,2026
2023,Winter,50,2,19,STL,Randy Vásquez,68777,SP,Randy Vasquez,STL,3,2024,2026
2023,Winter,51,2,20,SEA,Ryan Ritter,514410,SS,Ryan Ritter,SEA,3,2024,2026
2023,Winter,52,2,21,KC,Brando Mayea,420615,OF,Brando Mayea,CLE KC,3,2024,2026
2023,Winter,53,2,22,TOR,Alfredo Duno,49182,C,Alfredo Duno,TOR,3,2024,2026
2023,Winter,54,2,23,COL,Robert Calaz,390791,OF,Robert Calaz,COL,3,2024,2026
2023,Winter,55,2,24,ATL,Peter Heubeck,326662,SP,Peter Heubeck,ATL WAS,3,2024,2026
2023,Winter,56,2,25,CHW,Justin Wrobleski,184057,SP,Justin Wrobleski,CHW,3,2024,2026
2023,Winter,57,2,26,PIT,Braxton Ashcraft,256407,SP,Braxton Ashcraft,PIT,3,2024,2026
2023,Winter,58,2,27,TEX,Drake Baldwin,178766,C,Drake Baldwin,BAL TEX,3,2024,2026
2023,Winter,59,2,28,BAL,Wilyer Abreu,264532,OF,Wilyer Abreu,BAL TEX,3,2024,2026
2023,Winter,60,2,29,TB,Bryan Rincon,52374,SS,Bryan Rincon,TB,3,2024,2026
2023,Winter,61,2,30,ARI,Luis Lara,169401,OF,Luis Lara,ARI,3,2024,2026
2022,Summer,1,1,1,CHC,Druw Jones,434447,OF,Druw Jones,CHC,5,2022,2026
2022,Summer,2,1,2,BOS,Jackson Holliday,37977,SS,Jackson Holliday,BOS,5,2022,2026
2022,Summer,3,1,3,HOU,Termarr Johnson,424560,SS,Termarr Johnson,HOU,5,2022,2026
2022,Summer,4,1,4,OAK,Elijah Green,245609,OF,Elijah Green,OAK,5,2022,2026
2022,Summer,5,1,5,TB,Brooks Lee,366358,SS,Brooks Lee,NYY TB,5,2022,2026
2022,Summer,6,1,6,SF,Jacob Berry,407339,3B,Jacob Berry,SF,5,2022,2026
2022,Summer,7,1,7,WAS,Kevin Parada,331389,C,Kevin Parada,DET MIL WAS,5,2022,2026
2022,Summer,8,1,8,DET,Cade Horton,87979,SP,Cade Horton,DET MIN,5,2022,2026
2022,Summer,9,1,9,LAA,Jace Jung,389049,2B,Jace Jung,CIN LAA,5,2022,2026
2022,Summer,10,1,10,BOS,Brock Porter,339192,SP,Brock Porter,BOS,5,2022,2026
2022,Summer,11,1,11,MIN,Gavin Cross,271010,OF,Gavin Cross,MIN,5,2022,2026
2022,Summer,12,1,12,CHC,Dylan Lesko,157452,SP,Dylan Lesko,CHC,5,2022,2026
2022,Summer,13,1,13,NYM,Zach Neto,309825,SS,Zach Neto,NYM,5,2022,2026
2022,Summer,14,1,14,TB,Cam Collier,226537,3B,Cam Collier,TB,5,2022,2026
2022,Summer,15,1,15,CLE,Ian Lewis,349503,2B,Ian Lewis,CLE KC,5,2022,2026
2022,Summer,16,1,16,OAK,Daniel Susac,306820,C,Daniel Susac,OAK,5,2022,2026
2022,Summer,17,1,17,STL,Gabriel Hughes,182061,SP,Gabriel Hughes,STL,5,2022,2026
2022,Summer,18,1,18,CHC,Ricky Tiedemann,258072,SP,Ricky Tiedemann,CHC,5,2022,2026
2022,Summer,19,1,19,KC,Justin Crawford,235268,OF,Justin Crawford,CLE KC,5,2022,2026
2022,Summer,20,1,20,ATL,Jett Williams,286263,SS,Jett Williams,ATL WAS,5,2022,2026
2022,Summer,21,1,21,DET,Chase DeLauter,182650,OF,Chase DeLauter,DET WAS,5,2022,2026
2022,Summer,22,1,22,SD,Connor Prielipp,126134,SP,Connor Prielipp,SD,5,2022,2026
2022,Summer,23,1,23,CHC,Gavin Stone,265644,SP,Gavin Stone,CHC,5,2022,2026
2022,Summer,24,1,24,CHC,Peyton Graham,330680,SS,Peyton Graham,CHC,4,2022,2025
2022,Summer,25,1,25,DET,Owen Murphy,211312,SP,Owen Murphy,DET,5,2022,2026
2022,Summer,26,1,26,TB,Gordon Graceffo,187056,SP,Gordon Graceffo,TB,5,2022,2026
2022,Summer,27,1,27,CHC,Ceddanne Rafaela,321365,3B,Ceddanne Rafaela,CHC,5,2022,2026
2022,Summer,28,1,28,CHW,Brandon Barriera,14863,SP,Brandon Barriera,CHW,5,2022,2026
2022,Summer,29,1,29,PIT,Brendan Donovan,513861,SS,Brendan Donovan,PIT,5,2022,2026
2022,Summer,30,1,30,BAL,Michael Massey,36657,2B,Michael Massey,BAL,5,2022,2026
2022,Summer,31,2,1,LAA,Wilmer Flores,506245,SP,Wilmer Flores,LAA,4,2022,2025
2022,Summer,32,2,2,BOS,Edwin Arroyo,190827,SS,Edwin Arroyo,BOS,5,2022,2026
2022,Summer,33,2,3,HOU,Blade Tidwell,453830,SP,Blade Tidwell,HOU,5,2022,2026
2022,Summer,34,2,4,OAK,Cole Young,31525,SS,Cole Young,OAK,5,2022,2026
2022,Summer,35,2,5,CIN,Drew Gilbert,117222,OF,Drew Gilbert,CIN,5,2022,2026
2022,Summer,36,2,6,SF,Justin Campbell,372587,SP,Justin Campbell,SF,5,2022,2026
2022,Summer,37,2,7,WAS,Cooper Hjerpe,244812,SP,Cooper Hjerpe,DET MIL WAS,5,2022,2026
2022,Summer,38,2,8,TEX,Jack Suwinski,301652,OF,Jack Suwinski,TEX,5,2022,2026
2022,Summer,39,2,9,NYM,Jackson Ferris,32674,SP,Jackson Ferris,NYM,5,2022,2026
2022,Summer,40,2,10,LAA,Andrew Dutkanych,363022,SP,Andrew Dutkanych,LAA,5,2022,2026
2022,Summer,41,2,11,MIN,Eric Brown,37265,SS,Eric Brown Jr.,MIN,5,2022,2026
2022,Summer,42,2,12,LAD,Cayden Wallace,390827,3B,Cayden Wallace,LAD,5,2022,2026
2022,Summer,43,2,13,PHI,Spencer Steer,25871,3B,Spencer Steer,PHI,5,2022,2026
2022,Summer,44,2,14,MIN,Noah Schultz,319691,SP,Noah Schultz,MIN,5,2022,2026
2022,Summer,45,2,15,CLE,Bryan Ramos,120685,3B,Bryan Ramos,CLE KC,5,2022,2026
2022,Summer,46,2,16,CHW,Edgardo Henriquez,205100,SP,Edgardo Henriquez,CHW,5,2022,2026
2022,Summer,47,2,17,STL,Mikey Romero,151369,SS,Mikey Romero,STL,5,2022,2026
2022,Summer,48,2,18,LAA,Ivan Melendez,352528,1B,Ivan Melendez,LAA,5,2022,2026
2022,Summer,49,2,19,KC,Carson Whisenhunt,10624,SP,Carson Whisenhunt,CLE KC,5,2022,2026
2022,Summer,50,2,20,ATL,Xavier Isaac,432467,1B,Xavier Isaac,ATL DET TB TOR WAS,5,2022,2026
2022,Summer,51,2,21,MIL,Tyler Locklear,227105,2B,Tyler Locklear,CIN MIL,5,2022,2026
2022,Summer,52,2,22,SD,Landon Sims,359792,SP,Landon Sims,SD,5,2022,2026
2022,Summer,53,2,23,COL,Yosver Zulueta,48305,SP,Yosver Zulueta,COL,5,2022,2026
2022,Summer,54,2,24,ARI,Alex Ramírez,104594,OF,Alex Ramirez,ARI,5,2022,2026
2022,Summer,55,2,25,TEX,Warming Bernabel,451446,3B,Warming Bernabel,TEX,5,2022,2026
2022,Summer,56,2,26,WAS,JR Ritchie,194991,SP,JR Ritchie,ATL MIL WAS,5,2022,2026
2022,Summer,57,2,27,BOS,Jacob Miller,1263,SP,Jacob Miller,BOS,5,2022,2026
2022,Summer,58,2,28,CHW,Marco Raya,275018,SP,Marco Raya,CHW,5,2022,2026
2022,Summer,59,2,29,PIT,Eguy Rosario,37983,2B,Eguy Rosario,PIT,5,2022,2026
2022,Summer,60,2,30,BAL,Drew Thorpe,347950,SP,Drew Thorpe,BAL,5,2022,2026
2022,Summer,61,3,1,LAD,Dalton Rushing,76226,C,Dalton Rushing,LAD,5,2022,2026
2022,Summer,62,3,2,BOS,Ryan Clifford,66222,OF,Ryan Clifford,BOS,5,2022,2026
2022,Summer,63,3,3,HOU,Peyton Pallette,133763,SP,Peyton Pallette,HOU PIT,5,2022,2026
2022,Summer,64,3,4,OAK,Robby Snelling,71338,SP,Robby Snelling,OAK,5,2022,2026
2022,Summer,65,3,5,BOS,Cade Doughty,450684,2B,Cade Doughty,BOS,4,2022,2025
2022,Summer,66,3,6,SF,Jacob Misiorowski,215043,SP,Jacob Misiorowski,SF,5,2022,2026
2022,Summer,67,3,7,CLE,Emmanuel Rodriguez,201106,OF,Emmanuel Rodriguez,CLE KC,5,2022,2026
2022,Summer,68,3,8,DET,Reggie Crawford,44654,SP,Reggie Crawford,DET,5,2022,2026
2022,Summer,69,3,9,LAA,Jordan Beck,499740,OF,Jordan Beck,LAA,5,2022,2026
2022,Summer,70,3,10,NYY,Tucker Toman,247060,3B,Tucker Toman,NYY,5,2022,2026
2022,Summer,71,3,11,MIN,Sterlin Thompson,201769,OF,Sterlin Thompson,MIN,5,2022,2026
2022,Summer,72,3,12,PHI,Parker Messick,207993,SP,Parker Messick,PHI,5,2022,2026
2022,Summer,73,3,13,PHI,Adam Mazur,407575,SP,Adam Mazur,PHI,5,2022,2026
2022,Summer,74,3,14,CLE,Tanner Bibee,314402,SP,Tanner Bibee,CLE KC,5,2022,2026
2022,Summer,75,3,15,LAD,Max Wagner,295327,3B,Max Wagner,LAD,4,2022,2025
2022,Summer,76,3,16,SD,Dylan Beavers,484725,OF,Dylan Beavers,SD,5,2022,2026
2022,Summer,77,3,17,STL,Sal Stewart,515496,3B,Sal Stewart,STL,5,2022,2026
2022,Summer,78,3,18,MIA,Christian Encarnacion-Strand,425637,3B,Christian Encarnacion-Strand,DET MIA,5,2022,2026
2022,Summer,79,3,19,COL,Griff McGarry,320704,SP,Griff McGarry,COL,5,2022,2026
2022,Summer,80,3,20,ATL,Tom Harrington,242288,SP,Thomas Harrington,ATL WAS,5,2022,2026
2022,Summer,81,3,21,MIL,Spencer Schwellenbach,331975,SP,Spencer Schwellenbach,ATL MIL,5,2022,2026
2022,Summer,82,3,22,MIA,Edouard Julien,290650,SS,Edouard Julien,MIA,5,2022,2026
2022,Summer,83,3,23,ARI,Davis Sharpe,430628,SP,Davis Sharpe,ARI,5,2022,2026
2022,Summer,84,3,24,ARI,Nick Nastrini,383279,SP,Nick Nastrini,ARI,5,2022,2026
2022,Summer,85,3,25,ARI,Nelson Velázquez,325021,OF,Nelson Velazquez,ARI,5,2022,2026
2022,Summer,86,3,26,SD,Cole Phillips,386991,SP,Cole Phillips,SD,5,2022,2026
2022,Summer,87,3,27,MIA,Jordan Diaz,428249,3B,Jordan Diaz,MIA,5,2022,2026
2022,Summer,88,3,28,CHW,AJ Smith-Shawver,339533,SP,AJ Smith-Shawver,CHW,5,2022,2026
2022,Summer,89,3,29,DET,Cutter Coffey,251869,SS,Cutter Coffey,DET SD,5,2022,2026
2022,Summer,90,3,30,BAL,Walter Ford,77376,SP,Walter Ford,BAL,5,2022,2026
2022,Summer,91,4,1,LAD,Jacob Melton,332228,OF,Jacob Melton,LAD,5,2022,2026
2022,Summer,92,4,2,BOS,Edgar Quero,97391,C,Edgar Quero,BOS,5,2022,2026
2022,Summer,93,4,3,DET,Jake Bennett,297138,SP,Jake Bennett,DET,5,2022,2026
2022,Summer,94,4,4,COL,Casey Schmitt,361670,3B,Casey Schmitt,COL,5,2022,2026
2022,Summer,95,4,5,WAS,Chase Silseth,58328,SP,Chase Silseth,MIA WAS,5,2022,2026
2022,Summer,96,4,6,SF,Yainer Diaz,219387,C,Yainer Diaz,SF,5,2022,2026
2022,Summer,97,4,7,MIL,Hao-Yu Lee,72418,SS,Hao Yu Lee,MIL MIN,5,2022,2026
2022,Summer,98,4,8,ARI,Yeison Morrobel,409679,OF,Yeison Morrobel,ARI,5,2022,2026
2022,Summer,99,4,9,NYM,Cade Povich,483613,SP,Cade Povich,NYM,5,2022,2026
2022,Summer,100,4,10,NYY,Andrew Taylor,65951,SP,Andrew Taylor,NYY,5,2022,2026
2022,Summer,101,4,11,MIN,Jackson Cox,444220,SP,Jackson Cox,BOS MIN,5,2022,2026
2022,Summer,102,4,12,LAD,Chase Shores,332036,SP,Chase Shores,LAD,5,2022,2026
2022,Summer,103,4,13,BOS,Mason Montgomery,72735,SP,Mason Montgomery,BOS,5,2022,2026
2022,Summer,104,4,14,MIL,Dominic Fletcher,168896,OF,Dominic Fletcher,BAL MIL,5,2022,2026
2022,Summer,105,4,15,CLE,Miguel Bleis,509353,OF,Miguel Bleis,CLE KC,5,2022,2026
2022,Summer,106,4,16,SEA,Kyle Manzardo,13510,1B,Kyle Manzardo,SEA,5,2022,2026
2022,Summer,107,4,17,STL,Henry Bolte,68281,OF,Henry Bolte,STL,5,2022,2026
2022,Summer,108,4,18,SEA,Justin Dirden,139824,OF,Justin Dirden,SEA,5,2022,2026
2022,Summer,109,4,19,KC,Brock Jones,451674,OF,Brock Jones,CLE KC,4,2022,2025
2022,Summer,110,4,20,ATL,Brycen Mautz,277166,SP,Brycen Mautz,ATL WAS,5,2022,2026
2022,Summer,111,4,21,MIL,Malcolm Moore,509103,C,Malcolm Moore,MIA MIL,5,2022,2026
2022,Summer,112,4,22,SD,Trey Lipscomb,315288,3B,Trey Lipscomb,SD,5,2022,2026
2022,Summer,113,4,23,MIL,Daniel Vellojin,501907,C,Daniel Vellojin,MIL,4,2022,2025
2022,Summer,114,4,24,ARI,Robert Moore,227250,2B,Robert Moore,ARI,5,2022,2026
2022,Summer,115,4,25,PIT,Tyler Gentry,349842,OF,Tyler Gentry,PIT,5,2022,2026
2022,Summer,116,4,26,SD,Brandon Sproat,366305,OF,Brandon Sproat,SD,5,2022,2026
2022,Summer,117,4,27,MIA,Kerry Carpenter,446073,OF,Kerry Carpenter,MIA,5,2022,2026
2022,Summer,118,4,28,CHW,Rayne Doncon,426585,2B,Rayne Doncon,CHW,5,2022,2026
2022,Summer,119,4,29,SF,Henry Williams,349870,SP,Henry Williams,SF,5,2022,2026
2022,Summer,120,4,30,BAL,Gavin Guidry,22534,SS,Gavin Guidry,BAL,4,2022,2025
2022,Summer,121,5,1,CHC,Joel Ibarra,248580,SP,Joel Ibarra,CHC,3,2022,2024
2022,Summer,122,5,2,BOS,Victor Lizarraga,449394,SP,Victor Lizarraga,BOS,5,2022,2026
2022,Summer,123,5,3,TB,Lars Nootbaar,15163,OF,Lars Nootbaar,TB,5,2022,2026
2022,Summer,124,5,4,MIA,Taylor Dollard,40852,SP,Taylor Dollard,MIA,5,2022,2026
2022,Summer,125,5,5,MIA,Louis Varland,129861,SP,Louie Varland,MIA,5,2022,2026
2022,Summer,126,5,6,SF,Maikel García,228428,SS,Maikel Garcia,SF,5,2022,2026
2022,Summer,127,5,7,MIL,Robert Gasser,272780,SP,Robert Gasser,MIL,5,2022,2026
2022,Summer,128,5,8,DET,Josh Kasevich,401939,3B,Josh Kasevich,DET WAS,5,2022,2026
2022,Summer,129,5,9,MIL,Gabriel Martinez,366764,OF,Gabriel Martinez,MIL,4,2022,2025
2022,Summer,130,5,10,CHC,Will Brennan,354302,OF,Will Brennan,CHC,5,2022,2026
2022,Summer,131,5,11,MIN,Tanner Schobel,340656,SS,Tanner Schobel,MIN,5,2022,2026
2022,Summer,132,5,12,LAD,Jorge Barrosa,140309,OF,Jorge Barrosa,LAD,5,2022,2026
2022,Summer,133,5,13,PHI,Nick Frasso,454049,SP,Nick Frasso,PHI,5,2022,2026
2022,Summer,134,5,14,PIT,Luke Little,241460,SP,Luke Little,PIT,5,2022,2026
2022,Summer,135,5,15,NYM,Elijah Dunham,56054,OF,Elijah Dunham,CHC NYM,4,2022,2025
2022,Summer,136,5,16,SEA,Hunter Goodman,4147,C,Hunter Goodman,SEA,5,2022,2026
2022,Summer,137,5,17,STL,Clark Elliott,72035,OF,Clark Elliott,STL,5,2022,2026
2022,Summer,138,5,18,LAA,Sem Robberse,131420,SP,Sem Robberse,CIN LAA,5,2022,2026
2022,Summer,139,5,19,KC,José Rodriguez,8734,SS,Jose Rodriguez,KC LAA,5,2022,2026
2022,Summer,140,5,20,ATL,Chandler Simpson,151975,2B,Chandler Simpson,CLE KC,3,2024,2026
2022,Summer,141,5,21,MIL,Ronan Kopp,1412,SP,Ronan Kopp,MIL,5,2022,2026
2022,Summer,142,5,22,SD,Jonathan Cannon,348676,SP,Jonathan Cannon,SD,5,2022,2026
2022,Summer,143,5,23,COL,Mike Burrows,412905,SP,Michael Burrows,COL,5,2022,2026
2022,Summer,144,5,24,ARI,Emmet Sheehan,410890,SP,Emmet Sheehan,ARI,5,2022,2026
2022,Summer,145,5,25,CHC,Paxton Kling,171021,OF,Paxton Kling,CHC,5,2022,2026
2022,Summer,146,5,26,TB,Dahian Santos,8225,SP,Dahian Santos,TB,5,2022,2026
2022,Summer,147,5,27,MIA,Joey Ortiz,48302,SS,Joey Ortiz,ATL LAA MIA MIL WAS,5,2022,2026
2022,Summer,148,5,28,DET,Ryan Cermak,182893,SS,Ryan Cermak,DET,5,2022,2026
2022,Summer,149,5,29,PIT,Vaun Brown,34615,OF,Vaun Brown,PIT,4,2022,2025
2022,Summer,150,5,30,BAL,Yanquiel Fernández,292659,OF,Yanquiel Fernandez,BAL,5,2022,2026
2022,Winter,1,1,1,WAS,Matt Mervis,219842,1B,Matt Mervis,ATL DET WAS,4,2023,2026
2022,Winter,2,1,2,BOS,Oscar Colás,393193,OF,Oscar Colas,BOS,4,2023,2026
2022,Winter,3,1,3,HOU,Cristhian Vaquero,222521,OF,Cristhian Vaquero,HOU,4,2023,2026
2022,Winter,4,1,4,CHC,Jarlin Susana,3855,SP,Jarlin Susana,CHC,4,2023,2026
2022,Winter,5,1,5,DET,Lazaro Montes,37631,OF,Lazaro Montes,DET,4,2023,2026
2022,Winter,6,1,6,MIN,Roderick Arias,148845,SS,Roderick Arias,MIN,4,2023,2026
2022,Winter,7,1,7,CLE,Moises Gomez,290082,OF,Moises Gomez,STL,3,2023,2025
2022,Winter,8,1,8,SF,Junior Caminero,321621,SS,Junior Caminero,SF,4,2023,2026
2022,Winter,9,1,9,CIN,River Ryan,44265,SP,River Ryan,CIN,4,2023,2026
2022,Winter,10,1,10,NYY,Yasser Mercedes,298739,OF,Yasser Mercedes,NYY,4,2023,2026
2022,Winter,11,1,11,PHI,Grant McCray,299246,OF,Grant McCray,PHI,4,2023,2026
2022,Winter,12,1,12,MIL,Addison Barger,61372,SS,Addison Barger,MIL,4,2023,2026
2022,Winter,13,1,13,SEA,Bryce Miller,168942,SP,Bryce Miller,SEA,4,2023,2026
2022,Winter,14,1,14,LAA,Enmanuel Valdez,339193,SS,Enmanuel Valdez,LAA,4,2023,2026
2022,Winter,15,1,15,NYM,Luis Ortiz,484288,SP,Luis L. Ortiz,NYM,4,2023,2026
2022,Winter,16,1,16,LAD,Mason Auer,21788,OF,Mason Auer,LAD,3,2023,2025
2022,Winter,17,1,17,SD,William Bergolla,129969,SS,William Bergolla,SD,4,2023,2026
2022,Winter,18,1,18,STL,Ben Brown,445561,SP,Ben Brown,STL,4,2023,2026
2022,Winter,19,1,19,MIA,Oscar González,192870,OF,Oscar Gonzalez,MIA,4,2023,2026
2022,Winter,20,1,20,OAK,Anthony Gutierrez,427374,OF,Anthony Gutierrez,OAK,4,2023,2026
2022,Winter,21,1,21,TOR,Josue De Paula,45696,OF,Josue De Paula,TOR,4,2023,2026
2022,Winter,22,1,22,COL,Mason Miller,56745,SP,Mason Miller,COL,4,2023,2026
2022,Winter,23,1,23,ATL,Mason Black,93173,SP,Mason Black,ATL WAS,4,2023,2026
2022,Winter,24,1,24,CHW,Andre Pallante,18771,SP,Andre Pallante,CHW,4,2023,2026
2022,Winter,25,1,25,KC,Samuel Zavala,133272,OF,Samuel Zavala,CLE KC,4,2023,2026
2022,Winter,26,1,26,BAL,Roman Anthony,52123,OF,Roman Anthony,BAL,4,2023,2026
2022,Winter,27,1,27,TEX,R. J. Dabovich,317934,RP,R.J. Dabovich,TEX,4,2023,2026
2022,Winter,28,1,28,PIT,Werner Blakely,358927,SS,Werner Blakely,PIT,4,2023,2026
2022,Winter,29,1,29,ARI,Ricky Cabrera,329009,SS,Ricardo Cabrera,ARI,4,2023,2026
2022,Winter,30,1,30,TB,Jaison Chourio,5272,OF,Jaison Chourio,TB,4,2023,2026
2022,Winter,31,2,1,WAS,David Festa,379604,SP,David Festa,ATL WAS,4,2023,2026
2022,Winter,32,2,2,BOS,Jonatan Clase,308754,OF,Jonatan Clase,BOS,4,2023,2026
2022,Winter,33,2,3,HOU,Bryce Hubbart,12283,SP,Bryce Hubbart,HOU,4,2023,2026
2022,Winter,34,2,4,CHC,Jonathan Mejía,312305,SS,Jonathan Mejia,CHC,3,2023,2025
2022,Winter,35,2,5,DET,Logan Tanner,366514,C,Logan Tanner,DET,4,2023,2026
2022,Winter,36,2,6,MIN,Justin Boyd,154220,OF,Justin Boyd,MIN,3,2023,2025
2022,Winter,37,2,7,CLE,Nick Morabito,123190,OF,Nick Morabito,CLE KC,4,2023,2026
2022,Winter,38,2,8,SF,Royber Salinas,397879,SP,Royber Salinas,SF,3,2023,2025
2022,Winter,39,2,9,CIN,Jacob Zibin,114374,SP,Jacob Zibin,CIN,4,2023,2026
2022,Winter,40,2,10,NYY,Chase Lee,15548,RP,Chase Lee,NYY,4,2023,2026
2022,Winter,41,2,11,PHI,Michael Arroyo,461690,3B,Michael Arroyo,CIN PHI,4,2023,2026
2022,Winter,42,2,12,MIL,Dom Hamel,41607,SP,Dominic Hamel,MIL,3,2023,2025
2022,Winter,43,2,13,SEA,Ben Joyce,243781,RP,Ben Joyce,SEA,4,2023,2026
2022,Winter,44,2,14,LAA,Samuel Basallo,436996,C,Samuel Basallo,LAA,4,2023,2026
2022,Winter,45,2,15,NYM,Carter Jensen,208295,C,Carter Jensen,NYM,4,2023,2026
2022,Winter,46,2,16,LAD,Keiner Delgado,248501,SS,Keiner Delgado,LAD,4,2023,2026
2022,Winter,47,2,17,SD,Diego Benitez,15910,SS,Diego Benitez,SD,4,2023,2026
2022,Winter,48,2,18,STL,Blake Burkhalter,321919,SP,Blake Burkhalter,STL,4,2023,2026
2022,Winter,49,2,19,MIA,Logan Allen,178555,SP,Logan T. Allen,MIA,4,2023,2026
2022,Winter,50,2,20,OAK,Luis Serna,404394,SP,Luis Serna,OAK,4,2023,2026
2022,Winter,51,2,21,TOR,Ryan Loutos,430737,SP,Ryan Loutos,TOR,2,2023,2024
2022,Winter,52,2,22,COL,Yordany De Los Santos,103111,SS,Yordany De Los Santos,COL,4,2023,2026
2022,Winter,53,2,23,ATL,Gabriel Rincones,171689,OF,Gabriel Rincones,ATL WAS,4,2023,2026
2022,Winter,54,2,24,CHW,(forfeited),,,,,,,
2022,Winter,55,2,25,KC,Dyan Jorge,239535,SS,Dyan Jorge,CLE KC,4,2023,2026
2022,Winter,56,2,26,BAL,Abner Uribe,181446,RP,Abner Uribe,BAL,4,2023,2026
2022,Winter,57,2,27,TEX,Juan Mercedes,294209,SP,Juan Mercedes,TEX,4,2023,2026
2022,Winter,58,2,28,PIT,Jeremy De La Rosa,423916,OF,Jeremy De La Rosa,PIT,4,2023,2026
2022,Winter,59,2,29,ARI,Nate Savino,54143,SP,Nate Savino,ARI,4,2023,2026
2022,Winter,60,2,30,TB,Juan Brito,310392,2B,Juan Brito,TB WAS,4,2023,2026
2022,Winter,61,2,31,CHW,Will Warren,448192,SP,Will Warren,CHW,4,2023,2026
2021,Summer,1,1,1,CLE,Marcelo Mayer,298549,SS,Marcelo Mayer,CLE KC,6,2021,2026
2021,Summer,2,1,2,WAS,Jackson Jobe,321327,SP,Jackson Jobe,ATL CIN MIL WAS,6,2021,2026
2021,Summer,3,1,3,NYY,Henry Davis,159310,C,Henry Davis,NYY,6,2021,2026
2021,Summer,4,1,4,MIN,Colton Cowser,135397,OF,Colton Cowser,MIN,6,2021,2026
2021,Summer,5,1,5,HOU,Jordan Lawlar,54580,SS,Jordan Lawlar,HOU,6,2021,2026
2021,Summer,6,1,6,PHI,Kahlil Watson,402619,SS,Kahlil Watson,PHI,6,2021,2026
2021,Summer,7,1,7,OAK,Brady House,142292,3B,Brady House,OAK,6,2021,2026
2021,Summer,8,1,8,TB,Luis García,283381,SP,Luis H. Garcia,DET HOU TB,6,2021,2026
2021,Summer,9,1,9,TOR,Benny Montgomery,20951,OF,Benny Montgomery,TOR,5,2021,2025
2021,Summer,10,1,10,SF,Sal Frelick,61284,OF,Sal Frelick,SF,6,2021,2026
2021,Summer,11,1,11,BOS,Andrew Painter,425106,SP,Andrew Painter,BOS,6,2021,2026
2021,Summer,12,1,12,WAS,Frank Mozzicato,204530,SP,Frank Mozzicato,ATL PHI WAS,6,2021,2026
2021,Summer,13,1,13,STL,Sam Bachman,392304,SP,Sam Bachman,STL,6,2021,2026
2021,Summer,14,1,14,PIT,Gavin Williams,205826,SP,Gavin Williams,PIT,6,2021,2026
2021,Summer,15,1,15,LAD,Jordan Wicks,186884,SP,Jordan Wicks,LAD,6,2021,2026
2021,Summer,16,1,16,TB,Gunnar Hoglund,499689,SP,Gunnar Hoglund,TB,6,2021,2026
2021,Summer,17,1,17,DET,Ty Madden,465715,SP,Ty Madden,DET SD,6,2021,2026
2021,Summer,18,1,18,DET,Michael Harris,407272,OF,Michael Harris,DET TOR,6,2021,2026
2021,Summer,19,1,19,LAA,Harry Ford,4979,C,Harry Ford,CIN LAA,6,2021,2026
2021,Summer,20,1,20,OAK,Bubba Chandler,496853,SP,Bubba Chandler,OAK,6,2021,2026
2021,Summer,21,1,21,TOR,Alec Marsh,112844,SP,Alec Marsh,TOR,6,2021,2026
2021,Summer,22,1,22,TB,Will Bednar,273320,SP,Will Bednar,LAA TB,6,2021,2026
2021,Summer,23,1,23,COL,Ezequiel Tovar,153983,SS,Ezequiel Tovar,BAL COL,6,2021,2026
2021,Summer,24,1,24,COL,Joshua Mears,241551,OF,Joshua Mears,COL,6,2021,2026
2021,Summer,25,1,25,TEX,Aaron Zavala,182396,OF,Aaron Zavala,TEX,6,2021,2026
2021,Summer,26,1,26,BAL,Joshua Báez,494347,OF,Joshua Baez,BAL,6,2021,2026
2021,Summer,27,1,27,NYM,Colson Montgomery,361175,SS,Colson Montgomery,NYM,6,2021,2026
2021,Summer,28,1,28,CHW,Eury Pérez,206630,SP,Eury Perez,CHW,6,2021,2026
2021,Summer,29,1,29,KC,Ken Waldichuk,68665,SP,Ken Waldichuk,CLE KC,6,2021,2026
2021,Summer,30,1,30,ARI,Carson Williams,345935,SS,Carson Williams,ARI,6,2021,2026
2021,Summer,31,2,1,CLE,Josh Winder,24603,SP,Josh Winder,CLE KC,6,2021,2026
2021,Summer,32,2,2,NYY,Max Muncy,407687,SS,Max Muncy,NYY,6,2021,2026
2021,Summer,33,2,3,NYY,Anthony Solometo,57584,SP,Anthony Solometo,NYY,6,2021,2026
2021,Summer,34,2,4,MIN,Wikelman González,197577,SP,Wilkelman Gonzalez,MIN,6,2021,2026
2021,Summer,35,2,5,TOR,Garrett Whitlock,333625,SP,Garrett Whitlock,ATL TOR,6,2021,2026
2021,Summer,36,2,6,PHI,Ryan Cusick,378606,SP,Ryan Cusick,PHI,5,2021,2025
2021,Summer,37,2,7,MIN,Cody Morissette,314371,SS,Cody Morissette,MIN,3,2021,2023
2021,Summer,38,2,8,CIN,Joe Mack,410491,C,Joe Mack,CIN,6,2021,2026
2021,Summer,39,2,9,TOR,Braden Montgomery,281099,SP,Braden Montgomery,TOR,6,2021,2026
2021,Summer,40,2,10,SF,Jud Fabian,124464,OF,Jud Fabian,SF,6,2021,2026
2021,Summer,41,2,11,NYY,Michael McGreevy,277079,SP,Michael McGreevy,NYY,6,2021,2026
2021,Summer,42,2,12,WAS,Chase Petty,78185,SP,Chase Petty,COL WAS,6,2021,2026
2021,Summer,43,2,13,STL,Trey Sweeney,414266,SS,Trey Sweeney,STL,6,2021,2026
2021,Summer,44,2,14,PIT,Maddux Bruns,330649,SP,Maddux Bruns,PIT SD,6,2021,2026
2021,Summer,45,2,15,LAD,Connor Norby,136845,2B,Connor Norby,LAD,6,2021,2026
2021,Summer,46,2,16,COL,Spencer Strider,62173,SP,Spencer Strider,COL,6,2021,2026
2021,Summer,47,2,17,NYM,Jose Salas,140198,SS,Jose Salas,NYM,6,2021,2026
2021,Summer,48,2,18,ARI,Taj Bradley,167889,SP,Taj Bradley,ARI,6,2021,2026
2021,Summer,49,2,19,PIT,José Miranda,167991,3B,Jose Miranda,PIT,6,2021,2026
2021,Summer,50,2,20,OAK,Wes Kath,367171,SS,Wes Kath,OAK,5,2021,2025
2021,Summer,51,2,21,ARI,Josh Smith,168888,SS,Josh Smith,ARI,6,2021,2026
2021,Summer,52,2,22,LAD,Reed Trimble,251608,OF,Reed Trimble,LAD,6,2021,2026
2021,Summer,53,2,23,BOS,Tyler McDonough,233838,2B,Tyler McDonough,BOS,6,2021,2026
2021,Summer,54,2,24,CHC,Peyton Stovall,464096,SS,Peyton Stovall,CHC,5,2021,2025
2021,Summer,55,2,25,SF,Joe Gray,238385,OF,Joe Gray,SF,4,2021,2024
2021,Summer,56,2,26,BAL,Nick Yorke,62516,2B,Nick Yorke,BAL,6,2021,2026
2021,Summer,57,2,27,NYM,Reese Olson,288563,SP,Reese Olson,NYM,6,2021,2026
2021,Summer,58,2,28,CHW,Rodolfo Castro,59428,2B,Rodolfo Castro,CHW,6,2021,2026
2021,Summer,59,2,29,KC,Noah Miller,211418,SS,Noah Miller,CLE KC,6,2021,2026
2021,Summer,60,2,30,BAL,James Wood,317489,OF,James Wood,BAL,6,2021,2026
2021,Summer,61,3,1,CLE,Andre Jackson,464251,SP,Andre Jackson,CLE,3,2021,2023
2021,Summer,62,3,2,CHW,Owen Caissie,302251,OF,Owen Caissie,CHW,6,2021,2026
2021,Summer,63,3,3,BOS,Christopher Morel,282414,3B,Christopher Morel,BOS,6,2021,2026
2021,Summer,64,3,4,MIN,Doug Nikhazy,39727,SP,Doug Nikhazy,MIN,6,2021,2026
2021,Summer,65,3,5,TOR,Ben Kudrna,387567,SP,Ben Kudrna,TOR,6,2021,2026
2021,Summer,66,3,6,PIT,Brandon Lewis,386670,1B,Brandon Lewis,PIT,3,2021,2023
2021,Summer,67,3,7,SEA,Huascar Ynoa,482556,SP,Huascar Ynoa,SEA,6,2021,2026
2021,Summer,68,3,8,DET,Steve Hajjar,433275,SP,Steven Hajjar,DET,6,2021,2026
2021,Summer,69,3,9,SEA,Ryne Nelson,21960,SP,Ryne Nelson,CLE KC SEA,6,2021,2026
2021,Summer,70,3,10,TEX,Steele Walker,306426,OF,Steele Walker,TEX,3,2021,2023
2021,Summer,71,3,11,CHW,Adam Macko,512549,SP,Adam Macko,CHW,6,2021,2026
2021,Summer,72,3,12,MIN,Ethan Wilson,203184,OF,Ethan Wilson,MIN,6,2021,2026
2021,Summer,73,3,13,STL,Jackson Merrill,104889,3B,Jackson Merrill,STL,6,2021,2026
2021,Summer,74,3,14,KC,A. J. Vukovich,429692,3B,A.J. Vukovich,CLE KC,6,2021,2026
2021,Summer,75,3,15,LAD,Tyler Whitaker,28505,OF,Tyler Whitaker,LAD,6,2021,2026
2021,Summer,76,3,16,MIN,Jose Ramos,13729,OF,Jose Ramos,MIN,6,2021,2026
2021,Summer,77,3,17,PIT,A. J. Alexy,399244,SP,A.J. Alexy,PIT,3,2021,2023
2021,Summer,78,3,18,COL,Graham Ashcraft,341614,SP,Graham Ashcraft,COL HOU,6,2021,2026
2021,Summer,79,3,19,ARI,Bailey Falter,165118,SP,Bailey Falter,ARI,6,2021,2026
2021,Summer,80,3,20,OAK,Jay Allen,24424,OF,Jay Allen,OAK,6,2021,2026
2021,Summer,81,3,21,CLE,Jeferson Quero,81576,C,Jeferson Quero,CLE KC,6,2021,2026
2021,Summer,82,3,22,MIN,Carlos Santiago,172846,SS,Carlos Santiago,MIN,5,2021,2025
2021,Summer,83,3,23,CIN,Russell Smith,507092,SP,Russell Smith,CIN,6,2021,2026
2021,Summer,84,3,24,CHW,Ethan Elliott,400463,SP,Ethan Elliott,CHW,3,2021,2023
2021,Summer,85,3,25,TEX,Lonnie White,289249,OF,Lonnie White,TEX,6,2021,2026
2021,Summer,86,3,26,STL,Tyler Black,49821,2B,Tyler Black,STL,6,2021,2026
2021,Summer,87,3,27,TB,Will Taylor,468753,OF,Will Taylor,TB,6,2021,2026
2021,Summer,88,3,28,CHW,Bryan Lavastida,515468,C,Bryan Lavastida,CHW,6,2021,2026
2021,Summer,89,3,29,KC,Hyun-il Choi,66035,SP,Hyun-il Choi,CLE KC,5,2021,2025
2021,Summer,90,3,30,ARI,Jacob Amaya,380317,SS,Jacob Amaya,ARI DET SD,6,2021,2026
2021,Summer,91,4,1,PIT,Alec Burleson,337454,1B,Alec Burleson,PIT,6,2021,2026
2021,Summer,92,4,2,NYM,Colin Barber,280603,OF,Colin Barber,NYM,5,2021,2025
2021,Summer,93,4,3,TEX,Dustin Harris,450407,1B,Dustin Harris,TEX,6,2021,2026
2021,Summer,94,4,4,MIL,Juan Then,113584,SP,Juan Then,MIL,4,2021,2024
2021,Summer,95,4,5,MIL,Thatcher Hurd,152852,SP,Thatcher Hurd,MIL,6,2021,2026
2021,Summer,96,4,6,MIL,Caedmon Parker,213721,SP,Caedmon Parker,MIL,6,2021,2026
2021,Summer,97,4,7,SEA,Mason Martin,367406,1B,Mason Martin,BOS SEA,4,2021,2024
2021,Summer,98,4,8,MIL,Coby Mayo,407757,OF,Coby Mayo,ATL MIL TOR,6,2021,2026
2021,Summer,99,4,9,TOR,Cooper Kinney,327017,3B,Cooper Kinney,TOR,6,2021,2026
2021,Summer,100,4,10,SF,Alexander Ramirez,33754,OF,Alexander Ramirez,SF,6,2021,2026
2021,Summer,101,4,11,COL,Elly De La Cruz,485175,3B,Elly De La Cruz,COL,6,2021,2026
2021,Summer,102,4,12,MIL,Angel Martínez,231933,SS,Angel Martinez,BOS MIL,6,2021,2026
2021,Summer,103,4,13,STL,Mat Nelson,516910,C,Matheu Nelson,STL,5,2021,2025
2021,Summer,104,4,14,BAL,Izaac Pacheco,232476,SS,Izaac Pacheco,BAL,6,2021,2026
2021,Summer,105,4,15,PHI,Ky Bush,264285,SP,Ky Bush,PHI,6,2021,2026
2021,Summer,106,4,16,COL,Adael Amador,303621,SS,Adael Amador,COL,6,2021,2026
2021,Summer,107,4,17,MIL,Jagger Haynes,412479,SP,Jagger Haynes,MIL TOR,6,2021,2026
2021,Summer,108,4,18,SEA,Vaughn Grissom,186548,SS,Vaughn Grissom,SEA WAS,6,2021,2026
2021,Summer,109,4,19,LAA,Andrew Abbott,172472,SP,Andrew Abbott,LAA,6,2021,2026
2021,Summer,110,4,20,OAK,James Triantos,476597,SS,James Triantos,OAK,6,2021,2026
2021,Summer,111,4,21,BAL,Matt Mikulski,384813,SP,Matt Mikulski,BAL,3,2021,2023
2021,Summer,112,4,22,TB,Jaden Hill,270764,SP,Jaden Hill,TB,6,2021,2026
2021,Summer,113,4,23,CLE,Andry Lara,484582,SP,Andry Lara,CLE KC,6,2021,2026
2021,Summer,114,4,24,CHC,Alex Mooney,182621,SS,Alex Mooney,CHC NYM,6,2021,2026
2021,Summer,115,4,25,MIL,Zavier Warren,137477,C,Zavier Warren,BOS MIL,4,2021,2024
2021,Summer,116,4,26,BAL,Niko Kavadas,196222,1B,Niko Kavadas,BAL,6,2021,2026
2021,Summer,117,4,27,MIL,Parker Meadows,436915,OF,Parker Meadows,BOS MIL,6,2021,2026
2021,Summer,118,4,28,CHC,Josh Hartle,199594,SP,Josh Hartle,CHC,6,2021,2026
2021,Summer,119,4,29,KC,Ryan Murphy,388339,SP,Ryan Murphy,CLE KC,6,2021,2026
2021,Summer,120,4,30,CHW,Matt Brash,272539,SP,Matt Brash,CHW,6,2021,2026
2021,Winter,1,1,1,HOU,Cristian Hernández,386081,SS,Cristian Hernandez,HOU,5,2022,2026
2021,Winter,2,1,2,WAS,Yoelquis Céspedes,53434,OF,Yoelqui Cespedes,ATL WAS,4,2022,2025
2021,Winter,3,1,3,CHC,Caleb Kilian,349677,SP,Caleb Kilian,CHC,4,2022,2025
2021,Winter,4,1,4,BOS,Brayan Bello,219583,SP,Brayan Bello,BOS,5,2022,2026
2021,Winter,5,1,5,MIN,Joey Wiemer,451626,OF,Joey Weimer,MIN,5,2022,2026
2021,Winter,6,1,6,SF,Aeverson Arteaga,439231,SS,Aeverson Arteaga,SF,5,2022,2026
2021,Winter,7,1,7,CLE,Angel Zerpa,361966,SP,Angel Zerpa,CLE KC,5,2022,2026
2021,Winter,8,1,8,CIN,Pedro León,493037,OF,Pedro Leon,CIN,5,2022,2026
2021,Winter,9,1,9,NYM,Wilman Diaz,145350,SS,Wilman Diaz,NYM,4,2022,2025
2021,Winter,10,1,10,NYY,Carlos Colmenarez,341845,SS,Carlos Colmenarez,NYY,5,2022,2026
2021,Winter,11,1,11,MIL,Camilo Doval,427504,RP,Camilo Doval,CHW MIL,5,2022,2026
2021,Winter,12,1,12,SEA,Jhonkensy Noel,406738,1B,Jhonkensy Noel,CLE KC SEA,5,2022,2026
2021,Winter,13,1,13,PHI,Eddys Leonard,506082,2B,Eddys Leonard,CIN PHI,5,2022,2026
2021,Winter,14,1,14,DET,Jackson Chourio,5913,OF,Jackson Chourio,DET,5,2022,2026
2021,Winter,15,1,15,TOR,Pedro Pineda,313938,OF,Pedro Pineda,TOR,5,2022,2026
2021,Winter,16,1,16,STL,Zack Gelof,135861,3B,Zack Gelof,STL,5,2022,2026
2021,Winter,17,1,17,OAK,Johan Rojas,441226,OF,Johan Rojas,OAK,5,2022,2026
2021,Winter,18,1,18,LAD,Hayden Wesneski,367186,SP,Hayden Wesneski,LAD,5,2022,2026
2021,Winter,19,1,19,LAA,Peyton Battenfield,17827,SP,Peyton Battenfield,LAA,4,2022,2025
2021,Winter,20,1,20,ARI,Lawrence Butler,280950,1B,Lawrence Butler,ARI,5,2022,2026
2021,Winter,21,1,21,KC,Steven Kwan,306850,OF,Steven Kwan,CLE KC,5,2022,2026
2021,Winter,22,1,22,PIT,Vinnie Pasquantino,498934,1B,Vinnie Pasquantino,PIT,5,2022,2026
2021,Winter,23,1,23,COL,Kyle Stowers,508571,OF,Kyle Stowers,COL,5,2022,2026
2021,Winter,24,1,24,ATL,Yiddi Cappe,512736,SS,Yiddi Cappe,ATL WAS,5,2022,2026
2021,Winter,25,1,25,MIA,Jacob Lopez,183728,SP,Jacob Lopez,MIA,5,2022,2026
2021,Winter,26,1,26,SD,Davis Daniel,326266,SP,Davis Daniel,SD,5,2022,2026
2021,Winter,27,1,27,BAL,Brandon Pfaadt,161322,SP,Brandon Pfaadt,BAL,5,2022,2026
2021,Winter,28,1,28,TEX,Curtis Mead,145514,3B,Curtis Mead,TEX,5,2022,2026
2021,Winter,29,1,29,TB,Justin Bruihl,326403,RP,Justin Bruihl,TB,2,2022,2023
2021,Winter,30,1,30,CHW,Juan Yepez,227349,1B,Juan Yepez,CHW,4,2022,2025
2021,Winter,31,2,1,HOU,Richie Palacios,62209,2B,Richie Palacios,HOU,5,2022,2026
2021,Winter,32,2,2,WAS,Logan O'Hoppe,380332,C,Logan O'Hoppe,ATL OAK WAS,5,2022,2026
2021,Winter,33,2,3,CHC,Cristian Santana,457505,SS,Cristian Santana,CHC,4,2022,2025
2021,Winter,34,2,4,BOS,Oswaldo Cabrera,7247,SS,Oswaldo Cabrera,BOS,5,2022,2026
2021,Winter,35,2,5,MIN,Landon Knack,214296,SP,Landon Knack,MIN SEA,5,2022,2026
2021,Winter,36,2,6,SF,Norge Vera,367026,SP,Norge Vera,SF,3,2022,2024
2021,Winter,37,2,7,CLE,Endy Rodríguez,456130,C,Endy Rodriguez,CLE KC,5,2022,2026
2021,Winter,38,2,8,CIN,Tommy Romero,315526,SP,Tommy Romero,CIN,5,2022,2026
2021,Winter,39,2,9,NYM,Evan Carter,219798,OF,Evan Carter,NYM,5,2022,2026
2021,Winter,40,2,10,NYY,Ariel Almonte,113015,OF,Ariel Almonte,NYY,5,2022,2026
2021,Winter,41,2,11,MIL,Bryce Elder,205987,SP,Bryce Elder,LAA MIL,5,2022,2026
2021,Winter,42,2,12,SEA,Jairo Pomares,339483,OF,Jairo Pomares,MIL SEA,4,2022,2025
2021,Winter,43,2,13,PHI,Buddy Kennedy,171884,3B,Buddy Kennedy,PHI,5,2022,2026
2021,Winter,44,2,14,DET,DJ Herz,128524,SP,D.J. Herz,DET WAS,5,2022,2026
2021,Winter,45,2,15,TOR,Gabriel Gonzalez,334506,OF,Gabriel Gonzalez,TOR,5,2022,2026
2021,Winter,46,2,16,STL,Xzavion Curry,160418,SP,Xzavion Curry,STL,5,2022,2026
2021,Winter,47,2,17,OAK,Jordy Vargas,370319,SP,Jordy Vargas,OAK,5,2022,2026
2021,Winter,48,2,18,LAD,Rodolfo Nolasco,414067,OF,Rodolfo Nolasco,LAD,4,2022,2025
2021,Winter,49,2,19,LAA,Matt Fraizer,424739,OF,Matt Fraizer,LAA,5,2022,2026
2021,Winter,50,2,20,ARI,Colby White,127291,RP,Colby White,ARI,5,2022,2026
2021,Winter,51,2,21,KC,Ben Leeper,303338,RP,Ben Leeper,KC,2,2022,2023
2021,Winter,52,2,22,PIT,Indigo Diaz,439622,RP,Indigo Diaz,BAL PIT,4,2022,2025
2021,Winter,53,2,23,COL,Willy Vasquez,161459,SS,Willy Vasquez,COL,5,2022,2026
2021,Winter,54,2,24,ATL,Joey Estes,109843,SP,Joey Estes,ATL WAS,5,2022,2026
2021,Winter,55,2,25,MIA,Jonathan Aranda,392276,2B,Jonathan Aranda,MIA,5,2022,2026
2021,Winter,56,2,26,SD,Colin Peluse,503981,SP,Colin Peluse,SD,4,2022,2025
2021,Winter,57,2,27,BAL,Ethan Roberts,271773,RP,Ethan Roberts,BAL,5,2022,2026
2021,Winter,58,2,28,TEX,Ricky Vanasco,236339,SP,Ricky Vanasco,TEX,5,2022,2026
2021,Winter,59,2,29,TB,José Tena,476539,SS,Jose Tena,DET TB,5,2022,2026
2021,Winter,60,2,30,CHW,Deyvison De Los Santos,145550,3B,Deyvison De Los Santos,BAL CHW,5,2022,2026
2020,Summer,1,1,1,CHC,Spencer Torkelson,469801,3B,Spencer Torkelson,ATL CHC,7,2020,2026
2020,Summer,2,1,2,NYM,Asa Lacy,467227,SP,Asa Lacy,COL MIL NYM,5,2020,2024
2020,Summer,3,1,3,HOU,Emerson Hancock,396627,SP,Emerson Hancock,HOU,7,2020,2026
2020,Summer,4,1,4,TOR,Austin Martin,471182,SS,Austin Martin,TOR,7,2020,2026
2020,Summer,5,1,5,MIN,Max Meyer,500484,SP,Max Meyer,MIN,7,2020,2026
2020,Summer,6,1,6,WAS,Heston Kjerstad,448443,OF,Heston Kjerstad,ATL MIA MIL WAS,7,2020,2026
2020,Summer,7,1,7,SF,Zac Veen,62409,OF,Zac Veen,SF,7,2020,2026
2020,Summer,8,1,8,NYY,Nick Gonzales,69174,2B,Nick Gonzales,NYY,7,2020,2026
2020,Summer,9,1,9,STL,Robert Hassell,205268,OF,Robert Hassell,STL,7,2020,2026
2020,Summer,10,1,10,BAL,Mick Abel,117364,SP,Mick Abel,BAL,7,2020,2026
2020,Summer,11,1,11,BOS,Reid Detmers,241685,SP,Reid Detmers,BOS,7,2020,2026
2020,Summer,12,1,12,DET,Bryce Jarvis,319488,SP,Bryce Jarvis,DET SD,7,2020,2026
2020,Summer,13,1,13,TOR,Ed Howard,17011,SS,Ed Howard,TOR,6,2020,2025
2020,Summer,14,1,14,LAA,Austin Hendrick,365854,OF,Austin Hendrick,LAA,7,2020,2026
2020,Summer,15,1,15,ARI,Heriberto Hernandez,30995,OF,Heriberto Hernandez,ARI,7,2020,2026
2020,Summer,16,1,16,TB,Alexander Vargas,56646,SS,Alexander Vargas,TB,5,2020,2024
2020,Summer,17,1,17,KC,Garrett Mitchell,376162,OF,Garrett Mitchell,BOS KC,7,2020,2026
2020,Summer,18,1,18,PIT,Garrett Crochet,9924,SP,Garrett Crochet,PIT,7,2020,2026
2020,Summer,19,1,19,NYM,Nick Bitsko,406264,SP,Nick Bitsko,ATL NYM WAS,6,2020,2025
2020,Summer,20,1,20,LAD,Patrick Bailey,167709,C,Patrick Bailey,LAD,7,2020,2026
2020,Summer,21,1,21,OAK,Jared Kelley,289813,SP,Jared Kelley,OAK,7,2020,2026
2020,Summer,22,1,22,CHC,Cade Cavalli,164543,SP,Cade Cavalli,CHC,7,2020,2026
2020,Summer,23,1,23,TEX,Canaan Smith-Njigba,429979,OF,Canaan Smith,TEX,6,2020,2025
2020,Summer,24,1,24,TOR,Tanner Witt,139415,SP,Tanner Witt,TOR,6,2020,2025
2020,Summer,25,1,25,SD,Jordan Walker,309584,3B,Jordan Walker,ATL KC MIA SD WAS,7,2020,2026
2020,Summer,26,1,26,CHW,Andy Pages,279578,OF,Andy Pages,CHW,7,2020,2026
2020,Summer,27,1,27,BAL,Tyler Soderstrom,65294,C,Tyler Soderstrom,BAL,7,2020,2026
2020,Summer,28,1,28,TOR,Pete Crow-Armstrong,327241,OF,Pete Crow-Armstrong,DET TB TOR,7,2020,2026
2020,Summer,29,1,29,TOR,Bobby Miller,88347,SP,Bobby Miller,DET TOR,7,2020,2026
2020,Summer,30,1,30,PIT,Aaron Sabato,408754,1B,Aaron Sabato,PIT,5,2020,2024
2020,Summer,31,2,1,CHC,Clayton Beeter,165926,SP,Clayton Beeter,CHC SEA,7,2020,2026
2020,Summer,32,2,2,TB,Ezequiel Duran,496398,2B,Ezequiel Duran,TB,7,2020,2026
2020,Summer,33,2,3,HOU,Austin Wells,428634,C,Austin Wells,HOU,7,2020,2026
2020,Summer,34,2,4,TOR,Randy Dobnak,307088,SP,Randy Dobnak,TOR,4,2020,2023
2020,Summer,35,2,5,MIN,Carson Tucker,68227,SS,Carson Tucker,MIN NYM,5,2020,2024
2020,Summer,36,2,6,NYM,Tucker Davidson,155028,SP,Tucker Davidson,NYM,6,2020,2025
2020,Summer,37,2,7,SF,Brandon Williamson,168099,SP,Brandon Williamson,SF,7,2020,2026
2020,Summer,38,2,8,NYY,Justin Foscue,85433,2B,Justin Foscue,NYY OAK,7,2020,2026
2020,Summer,39,2,9,STL,Jared Shuster,122272,SP,Jared Shuster,STL,7,2020,2026
2020,Summer,40,2,10,COL,Luis Frías,124640,SP,Luis Frias,COL NYM,6,2020,2025
2020,Summer,41,2,11,ARI,Miguel Yajure,434836,SP,Miguel Yajure,ARI,7,2020,2026
2020,Summer,42,2,12,DET,Wilderd Patiño,454475,OF,Wilderd Patino,DET,7,2020,2026
2020,Summer,43,2,13,BOS,Dillon Dingler,286856,C,Dillon Dingler,BOS,7,2020,2026
2020,Summer,44,2,14,LAA,CJ Van Eyk,33522,SP,C.J. Van Eyk,LAA PIT,5,2020,2024
2020,Summer,45,2,15,ARI,Levi Kelly,376365,SP,Levi Kelly,ARI,6,2020,2025
2020,Summer,46,2,16,CIN,Dax Fulton,351991,SP,Dax Fulton,CIN,7,2020,2026
2020,Summer,47,2,17,KC,Alex Vesia,38748,RP,Alex Vesia,KC PIT,7,2020,2026
2020,Summer,48,2,18,PHI,Jordan Westburg,19097,SS,Jordan Westburg,PHI,7,2020,2026
2020,Summer,49,2,19,TOR,Alex De Jesus,157757,SS,Alex De Jesus,MIL TOR,6,2020,2025
2020,Summer,50,2,20,LAD,Josh Rojas,359845,2B,Josh Rojas,LAD MIA,7,2020,2026
2020,Summer,51,2,21,OAK,Masyn Winn,90718,SP,Masyn Winn,OAK,7,2020,2026
2020,Summer,52,2,22,SEA,Gabriel Moreno,103234,C,Gabriel Moreno,CHC SEA,7,2020,2026
2020,Summer,53,2,23,TEX,Peyton Burdick,14971,OF,Peyton Burdick,TEX,7,2020,2026
2020,Summer,54,2,24,SEA,Patrick Sandoval,453799,SP,Patrick Sandoval,SEA TB,7,2020,2026
2020,Summer,55,2,25,MIN,Sandy Gaston,401541,SP,Sandy Gaston,MIA MIN,7,2020,2026
2020,Summer,56,2,26,CHC,Justin Lange,502023,SP,Justin Lange,CHC,6,2020,2025
2020,Summer,57,2,27,BAL,Dylan Crews,468844,OF,Dylan Crews,BAL,7,2020,2026
2020,Summer,58,2,28,KC,Hudson Head,181460,OF,Hudson Head,CLE KC,6,2020,2025
2020,Summer,59,2,29,KC,Alejandro Kirk,17623,C,Alejandro Kirk,CLE KC,7,2020,2026
2020,Summer,60,2,30,PIT,Brenton Doyle,195439,OF,Brenton Doyle,PIT,7,2020,2026
2020,Summer,61,3,1,CHW,Logan Webb,353390,SP,Logan Webb,CHW,7,2020,2026
2020,Summer,62,3,2,LAA,Edwin Uceta,147191,SP,Edwin Uceta,LAA,7,2020,2026
2020,Summer,63,3,3,TEX,Cole Henry,184256,SP,Cole Henry,TEX,7,2020,2026
2020,Summer,64,3,4,CHW,Brandon Bielak,158626,SP,Brandon Bielak,CHW,6,2020,2025
2020,Summer,65,3,5,MIN,Oswald Peraza,286022,SS,Oswald Peraza,MIN,7,2020,2026
2020,Summer,66,3,6,MIN,Nick Loftin,340017,SS,Nick Loftin,MIN,7,2020,2026
2020,Summer,67,3,7,SF,Hunter Brown,370720,SP,Hunter Brown,SF,7,2020,2026
2020,Summer,68,3,8,NYY,Carmen Mlodzinski,144893,SP,Carmen Mlodzinski,NYY,7,2020,2026
2020,Summer,69,3,9,STL,Drew Romo,214347,C,Drew Romo,STL,7,2020,2026
2020,Summer,70,3,10,COL,Chris McMahon,2426,SP,Chris McMahon,COL,6,2020,2025
2020,Summer,71,3,11,BOS,Blaze Jordan,360907,3B,Blaze Jordan,BOS,7,2020,2026
2020,Summer,72,3,12,COL,Yeison Santana,178250,SS,Yeison Santana,COL NYM,4,2020,2023
2020,Summer,73,3,13,SEA,Enoli Paredes,339289,SP,Enoli Paredes,SEA,7,2020,2026
2020,Summer,74,3,14,LAA,Daniel Cabrera,307789,OF,Daniel Cabrera,LAA TB,6,2020,2025
2020,Summer,75,3,15,ARI,Mike Baumann,334578,SP,Michael Baumann,ARI STL,6,2020,2025
2020,Summer,76,3,16,CIN,Colt Keith,74509,3B,Colt Keith,CIN NYM,7,2020,2026
2020,Summer,77,3,17,KC,Miguel Hiraldo,65811,SS,Miguel Hiraldo,CLE KC,6,2020,2025
2020,Summer,78,3,18,BOS,Liam Norris,173470,SP,Liam Norris,BOS,5,2020,2024
2020,Summer,79,3,19,NYM,Ji Hwan Bae,386875,SS,Ji-Hwan Bae,NYM WAS,7,2020,2026
2020,Summer,80,3,20,LAD,Kyle Harrison,436610,SP,Kyle Harrison,LAD,7,2020,2026
2020,Summer,81,3,21,OAK,Tanner Burns,346876,SP,Tanner Burns,OAK,6,2020,2025
2020,Summer,82,3,22,TOR,Carson Montgomery,511305,SP,Carson Montgomery,TOR,6,2020,2025
2020,Summer,83,3,23,CLE,Taylor Walls,72437,SS,Taylor Walls,CLE KC,6,2020,2025
2020,Summer,84,3,24,COL,Alexander Vizcaíno,129849,SP,Alexander Vizcaino,COL,4,2020,2023
2020,Summer,85,3,25,PIT,Brett Conine,126868,SP,Brett Conine,DET PIT,4,2020,2023
2020,Summer,86,3,26,CLE,Brayan Buelvas,477796,OF,Brayan Buelvas,CLE KC,7,2020,2026
2020,Summer,87,3,27,BAL,Anthony Servideo,515801,SS,Anthony Servideo,BAL,4,2020,2023
2020,Summer,88,3,28,MIN,Ian Seymour,84759,SP,Ian Seymour,MIN TOR,7,2020,2026
2020,Summer,89,3,29,OAK,Casey Martin,414226,SS,Casey Martin,OAK,4,2020,2023
2020,Summer,90,3,30,CLE,Jerar Encarnacion,194296,OF,Jerar Encarnacion,CLE SEA,6,2020,2026
2020,Summer,91,4,1,CHC,Noah Song,436095,SP,Noah Song,CHC,7,2020,2026
2020,Summer,92,4,2,CLE,Austin Cox,17288,SP,Austin Cox,CLE KC,6,2020,2025
2020,Summer,93,4,3,HOU,David Calabrese,67970,OF,David Calabrese,HOU,5,2020,2024
2020,Summer,94,4,4,TOR,Christian Roa,88592,SP,Christian Roa,TOR,6,2020,2025
2020,Summer,95,4,5,SEA,Jake Fraley,498294,OF,Jake Fraley,SEA,6,2020,2025
2020,Summer,96,4,6,MIL,Tommy Mace,66872,SP,Tommy Mace,MIL,5,2020,2024
2020,Summer,97,4,7,SF,Jeff Criswell,54831,SP,Jeff Criswell,SF,7,2020,2026
2020,Summer,98,4,8,NYY,Tim Cate,313499,SP,Tim Cate,NYY,6,2020,2025
2020,Summer,99,4,9,STL,Alika Williams,131659,SS,Alika Williams,STL,7,2020,2026
2020,Summer,100,4,10,MIL,Ranger Suarez,130359,RP,Ranger Suarez,MIL NYY WAS,7,2020,2026
2020,Summer,101,4,11,MIL,Kevin Ginkel,392116,RP,Kevin Ginkel,MIL,7,2020,2026
2020,Summer,102,4,12,DET,Jace Bohrofen,66869,OF,Jace Bohrofen,DET MIL,7,2020,2026
2020,Summer,103,4,13,SEA,Sheldon Neuse,348941,3B,Sheldon Neuse,SEA,6,2020,2025
2020,Summer,104,4,14,TB,Gerardo Carrillo,323267,SP,Gerardo Carrillo,TB,4,2020,2023
2020,Summer,105,4,15,SEA,Ronald Bolaños,29565,SP,Ronald Bolanos,SEA,4,2020,2023
2020,Summer,106,4,16,CHW,Eddy Yean,377961,SP,Eddy Yean,CHW,7,2020,2026
2020,Summer,107,4,17,KC,Ronny Henriquez,91085,SP,Ronny Henriquez,BOS CLE KC,7,2020,2026
2020,Summer,108,4,18,PHI,Gabriel Rodríguez,275594,SS,Gabriel Rodriguez,PHI,6,2020,2025
2020,Summer,109,4,19,CLE,Alex Santos,319118,SP,Alex Santos,CLE KC,7,2020,2026
2020,Summer,110,4,20,LAD,Jeremy Peña,219743,SS,Jeremy Pena,LAD,7,2020,2026
2020,Summer,111,4,21,OAK,Jared Jones,507145,SP,Jared Jones,OAK,7,2020,2026
2020,Summer,112,4,22,SEA,Jonathan Bowlan,437932,SP,Jonathan Bowlan,BOS SEA,7,2020,2026
2020,Summer,113,4,23,TEX,Gage Workman,434349,3B,Gage Workman,TEX,7,2020,2026
2020,Summer,114,4,24,COL,Aaron Schunk,217199,3B,Aaron Schunk,COL MIL,5,2020,2024
2020,Summer,115,4,25,PHI,Edward Olivares,4502,OF,Edward Olivares,PHI,7,2020,2026
2020,Summer,116,4,26,CHW,Julio Carreras,478824,3B,Julio Carreras,CHW,7,2020,2026
2020,Summer,117,4,27,TB,Sam Hentges,31082,SP,Sam Hentges,MIL TB,7,2020,2026
2020,Summer,118,4,28,TB,Ryan Pepiot,232322,SP,Ryan Pepiot,ATL TB,7,2020,2026
2020,Summer,119,4,29,TB,Pete Fairbanks,242158,RP,Peter Fairbanks,TB TOR,7,2020,2026
2020,Summer,120,4,30,TEX,Johan Oviedo,126679,SP,Johan Oviedo,TEX,7,2020,2026
2020,Winter,1,1,1,MIN,Jasson Domínguez,260510,OF,Jasson Dominguez,MIN,6,2021,2026
2020,Winter,2,1,2,HOU,Luis Rodriguez,168585,OF,Luis Rodriguez,HOU,6,2021,2026
2020,Winter,3,1,3,WAS,Robert Puason,324543,SS,Robert Puason,ATL WAS,5,2021,2025
2020,Winter,4,1,4,TOR,Noelvi Marte,505913,SS,Noelvi Marte,DET MIL TOR,6,2021,2026
2020,Winter,5,1,5,BOS,Connor Seabold,214334,SP,Connor Seabold,BOS,3,2021,2023
2020,Winter,6,1,6,SF,Erick Peña,13878,OF,Erick Pena,SF,4,2021,2024
2020,Winter,7,1,7,CIN,Bayron Lora,81733,OF,Bayron Lora,CIN,5,2021,2025
2020,Winter,8,1,8,NYY,Hedbert Perez,357428,OF,Hedbert Perez,NYY,6,2021,2026
2020,Winter,9,1,9,MIL,Tink Hence,43850,SP,Markevian Hence,MIL TB,6,2021,2026
2020,Winter,10,1,10,CLE,Blake Hunt,106714,C,Blake Hunt,CLE KC,5,2021,2025
2020,Winter,11,1,11,PHI,Maximo Acosta,407586,SS,Maximo Acosta,ATL PHI,6,2021,2026
2020,Winter,12,1,12,SEA,Bryce Ball,180306,1B,Bryce Ball,SEA,5,2021,2025
2020,Winter,13,1,13,STL,Luisangel Acuña,329362,SS,Luisangel Acuna,STL,6,2021,2026
2020,Winter,14,1,14,CHC,Ronnier Quintero,301013,C,Ronnier Quintero,CHC,2,2021,2022
2020,Winter,15,1,15,DET,Jonah Heim,302415,C,Jonah Heim,DET HOU,6,2021,2026
2020,Winter,16,1,16,ATL,Misael Urbina,309397,OF,Misael Urbina,ATL WAS,6,2021,2026
2020,Winter,17,1,17,LAD,Jorbit Vivas,294615,2B,Jorbit Vivas,LAD,6,2021,2026
2020,Winter,18,1,18,NYM,Arol Vera,346773,SS,Arol Vera,ATL NYM WAS,6,2021,2026
2020,Winter,19,1,19,LAA,Codi Heuer,262189,RP,Codi Heuer,LAA,4,2021,2024
2020,Winter,20,1,20,KC,Reginald Preciado,210563,SS,Reginald Preciado,CLE KC,5,2021,2025
2020,Winter,21,1,21,PIT,Burl Carraway,297469,RP,Burl Carraway,PIT,6,2021,2026
2020,Winter,22,1,22,MIA,Kevin Smith,306949,SP,Kevin Smith,MIA,4,2021,2024
2020,Winter,23,1,23,ARI,Drew Strotman,475838,SP,Drew Strotman,ARI,3,2021,2023
2020,Winter,24,1,24,OAK,Antonio Gomez,186907,C,Antonio Gomez,OAK,5,2021,2025
2020,Winter,25,1,25,TEX,Benyamín Bailey,441999,OF,Benyamin Bailey,TEX,3,2021,2023
2020,Winter,26,1,26,SD,Luis Sánchez,167647,SP,Luis Mario Sanchez,SD,6,2021,2026
2020,Winter,27,1,27,COL,Helcris Olivarez,498779,SP,Helcris Olivarez,COL,3,2021,2023
2020,Winter,28,1,28,CHW,Matt Canterino,355560,SP,Matt Canterino,CHW,6,2021,2026
2020,Winter,29,1,29,TB,Gregory Santos,16753,SP,Gregory Santos,TB,6,2021,2026
2020,Winter,30,1,30,BAL,Kevin Made,328280,SS,Kevin Made,BAL MIL,6,2021,2026
2019,Summer,1,1,1,MIN,Adley Rutschman,12809,C,Adley Rutschman,MIN,8,2019,2026
2019,Summer,2,1,2,ATL,Bobby Witt,8543,SS,Bobby Witt Jr.,ATL COL,8,2019,2026
2019,Summer,3,1,3,TOR,JJ Bleday,393651,OF,JJ Bleday,MIL TOR,8,2019,2026
2019,Summer,4,1,4,HOU,Andrew Vaughn,379218,1B,Andrew Vaughn,HOU,8,2019,2026
2019,Summer,5,1,5,CIN,Riley Greene,270274,OF,Riley Greene,ATL CIN,8,2019,2026
2019,Summer,6,1,6,SF,Josh Jung,433922,3B,Josh Jung,SF,8,2019,2026
2019,Summer,7,1,7,LAD,Jarren Duran,290962,OF,Jarren Duran,LAD,8,2019,2026
2019,Summer,8,1,8,TOR,Alek Manoah,262926,SP,Alek Manoah,SEA TOR,8,2019,2026
2019,Summer,9,1,9,COL,Hunter Bishop,363816,OF,Hunter Bishop,COL,8,2019,2026
2019,Summer,10,1,10,TOR,Matt Allan,446432,SP,Matthew Allan,TOR,6,2019,2024
2019,Summer,11,1,11,NYM,CJ Abrams,204937,SS,CJ Abrams,CLE KC NYM,8,2019,2026
2019,Summer,12,1,12,TOR,Alek Thomas,210127,OF,Alek Thomas,MIL TOR,7,2019,2025
2019,Summer,13,1,13,MIA,David Fletcher,131439,2B,David Fletcher,MIA STL,8,2019,2026
2019,Summer,14,1,14,STL,Shea Langeliers,79346,C,Shea Langeliers,STL,8,2019,2026
2019,Summer,15,1,15,MIN,Brett Baty,448982,3B,Brett Baty,MIN,8,2019,2026
2019,Summer,16,1,16,DET,Keoni Cavaco,504040,3B,Keoni Cavaco,DET,6,2019,2024
2019,Summer,17,1,17,LAA,Jackson Rutledge,76073,SP,Jackson Rutledge,LAA,8,2019,2026
2019,Summer,18,1,18,TEX,Geraldo Perdomo,375438,SS,Geraldo Perdomo,DET TEX TOR,8,2019,2026
2019,Summer,19,1,19,COL,Abraham Toro,429168,3B,Abraham Toro-Hernandez,COL,7,2019,2025
2019,Summer,20,1,20,PIT,Daniel Espino,339042,SP,Daniel Espino,PIT,8,2019,2026
2019,Summer,21,1,21,BOS,Logan Davidson,228044,SS,Logan Davidson,BOS,6,2019,2024
2019,Summer,22,1,22,BAL,Kameron Misner,18662,OF,Kameron Misner,BAL MIL,8,2019,2026
2019,Summer,23,1,23,KC,Jordan Balazovic,319349,SP,Jordan Balazovic,ATL KC WAS,7,2019,2025
2019,Summer,24,1,24,OAK,(forfeited),,,,,,,
2019,Summer,25,1,25,CHC,Corbin Carroll,510498,OF,Corbin Carroll,CHC,8,2019,2026
2019,Summer,26,1,26,COL,Tyler Freeman,161027,SS,Tyler Freeman,COL MIL MIN,8,2019,2026
2019,Summer,27,1,27,CHW,Diego Castillo,316057,RP,Diego Castillo,CHW,6,2019,2024
2019,Summer,28,1,28,ARI,Antonio Cabello,428285,OF,Antonio Cabello,ARI,7,2019,2025
2019,Summer,29,1,29,TB,Bryson Stott,395773,SS,Bryson Stott,TB,8,2019,2026
2019,Summer,30,1,30,NYM,Joe Palumbo,34752,SP,Joe Palumbo,NYM,5,2019,2023
2019,Summer,31,2,1,MIN,Will Wilson,256597,2B,Will Wilson,DET MIL MIN,8,2019,2026
2019,Summer,32,2,2,ATL,Brennan Malone,504654,SP,Brennan Malone,ATL CHC COL,5,2019,2023
2019,Summer,33,2,3,BOS,D'Shawn Knowles,63233,OF,D'Shawn Knowles,BOS,5,2019,2023
2019,Summer,34,2,4,TOR,Quinn Priester,86926,SP,Quinn Priester,MIL TOR,8,2019,2026
2019,Summer,35,2,5,CIN,Greg Jones,150227,SS,Greg Jones,CIN,8,2019,2026
2019,Summer,36,2,6,SF,Kody Hoese,168261,3B,Kody Hoese,SF,5,2019,2023
2019,Summer,37,2,7,LAD,George Kirby,149069,SP,George Kirby,LAD,8,2019,2026
2019,Summer,38,2,8,TEX,Josiah Gray,441155,SP,Josiah Gray,SEA TEX,8,2019,2026
2019,Summer,39,2,9,NYM,Michael Busch,410409,2B,Michael Busch,LAA NYM,8,2019,2026
2019,Summer,40,2,10,KC,José Alvarado,58272,RP,Jose Alvarado,CLE HOU KC,8,2019,2026
2019,Summer,41,2,11,TOR,Zack Thompson,206489,SP,Zack Thompson,PIT TOR,8,2019,2026
2019,Summer,42,2,12,CHC,JJ Goss,211319,SP,JJ Goss,CHC TB,7,2019,2025
2019,Summer,43,2,13,PHI,Braden Shewmake,267052,SS,Braden Shewmake,MIL PHI,7,2019,2025
2019,Summer,44,2,14,STL,Michael Toglia,179682,1B,Mike Toglia,STL,8,2019,2026
2019,Summer,45,2,15,PHI,Kyle Isbel,379393,OF,Kyle Isbel,PHI,8,2019,2026
2019,Summer,46,2,16,DET,Blake Walston,198382,SP,Blake Walston,DET SD,8,2019,2026
2019,Summer,47,2,17,LAA,Brennen Davis,133372,OF,Brennen Davis,LAA,8,2019,2026
2019,Summer,48,2,18,ARI,Yerry Rodríguez,504044,SP,Yerry Rodriguez,ARI,8,2019,2026
2019,Summer,49,2,19,MIN,Ryan Jensen,296299,SP,Ryan Jensen,MIN,7,2019,2025
2019,Summer,50,2,20,PIT,Tyler Ivey,515613,SP,Tyler Ivey,PIT,5,2019,2023
2019,Summer,51,2,21,SD,Gunnar Henderson,84076,SS,Gunnar Henderson,DET SD TOR,8,2019,2026
2019,Summer,52,2,22,ARI,Luis Campusano,465958,C,Luis Campusano,ARI CHC,8,2019,2026
2019,Summer,53,2,23,STL,Ethan Small,437340,SP,Ethan Small,STL,8,2019,2026
2019,Summer,54,2,24,KC,Simeon Woods Richardson,285902,SP,Simeon Woods-Richardson,CLE KC,8,2019,2026
2019,Summer,55,2,25,CHC,Matthew Lugo,249503,SS,Matthew Lugo,CHC,5,2019,2023
2019,Summer,56,2,26,MIN,Anthony Volpe,93394,SS,Anthony Volpe,BOS MIN,8,2019,2026
2019,Summer,57,2,27,CHW,Luis Gil,319944,SP,Luis Gil,CHW,8,2019,2026
2019,Summer,58,2,28,STL,Korey Lee,30813,C,Korey Lee,STL,8,2019,2026
2019,Summer,59,2,29,TB,Luis Arráez,39386,2B,Luis Arraez,MIA MIL NYM TB TOR,8,2019,2026
2019,Summer,60,2,30,COL,Owen Miller,419,SS,Owen Miller,CIN COL KC,8,2019,2026
2019,Summer,61,3,1,MIN,Drey Jameson,61454,SP,Drey Jameson,MIN,8,2019,2026
2019,Summer,62,3,2,CHC,Tyler Callihan,417111,2B,Tyler Callihan,CHC,5,2019,2023
2019,Summer,63,3,3,SEA,Zach Plesac,176137,SP,Zach Plesac,BOS SEA,8,2019,2026
2019,Summer,64,3,4,BOS,Darwinzon Hernández,371057,SP,Darwinzon Hernandez,BOS,6,2019,2024
2019,Summer,65,3,5,TB,José Barrero,164358,SS,Jose Israel Garcia,TB,7,2019,2025
2019,Summer,66,3,6,SF,Gabriel Arias,279274,SS,Gabriel Arias,SF,8,2019,2026
2019,Summer,67,3,7,LAD,Matt Wallner,145619,OF,Matt Wallner,LAD,8,2019,2026
2019,Summer,68,3,8,MIL,Jack Leiter,159684,SP,Jack Leiter,MIL MIN,8,2019,2026
2019,Summer,69,3,9,MIL,Richard Lovelady,206208,SP,Richard Lovelady,MIL,8,2019,2026
2019,Summer,70,3,10,ARI,Tony Gonsolin,94249,SP,Tony Gonsolin,ARI,8,2019,2026
2019,Summer,71,3,11,NYY,Rece Hinds,423101,SS,Rece Hinds,NYY PIT WAS,8,2019,2026
2019,Summer,72,3,12,MIL,Tahnaj Thomas,53372,SP,Tahnaj Thomas,COL MIL,8,2019,2026
2019,Summer,73,3,13,MIL,Sherten Apostel,331840,3B,Sherten Apostel,MIL,5,2019,2023
2019,Summer,74,3,14,STL,Sammy Siani,78518,OF,Sammy Siani,NYM STL,8,2019,2026
2019,Summer,75,3,15,NYM,Jelfry Marte,228413,SS,Jelfry Marte,NYM,4,2019,2022
2019,Summer,76,3,16,DET,T. J. Sikkema,21336,SP,TJ Sikkema,DET MIL SEA,6,2019,2024
2019,Summer,77,3,17,NYM,Aaron Ashby,232335,SP,Aaron Ashby,MIL NYM,8,2019,2026
2019,Summer,78,3,18,NYY,Isaiah Campbell,269101,SP,Isaiah Campbell,NYY,8,2019,2026
2019,Summer,79,3,19,TOR,Kyren Paris,415483,SS,Kyren Paris,TOR,8,2019,2026
2019,Summer,80,3,20,PIT,Sam Huff,417842,C,Sam Huff,PIT,8,2019,2026
2019,Summer,81,3,21,SD,Drew Rom,15196,SP,Drew Rom,MIA SD,8,2019,2026
2019,Summer,82,3,22,BAL,Jordan Yamamoto,437106,SP,Jordan Yamamoto,BAL,4,2019,2022
2019,Summer,83,3,23,DET,Seth Johnson,213424,SP,Seth Johnson,DET,5,2019,2023
2019,Summer,84,3,24,OAK,Alex McFarlane,177066,SP,Alex McFarlane,OAK,8,2019,2026
2019,Summer,85,3,25,TB,Bryan Abreu,65425,SP,Bryan Abreu,TB,8,2019,2026
2019,Summer,86,3,26,MIL,Símon Muzziotti,284339,OF,Simon Muzziotti,MIA MIL,8,2019,2026
2019,Summer,87,3,27,CHW,Yunior Severino,371305,2B,Yunior Severino,CHW PIT,8,2019,2026
2019,Summer,88,3,28,MIL,Hunter Barco,18589,SP,Hunter Barco,MIL,8,2019,2026
2019,Summer,89,3,29,ATL,Junior Santos,434841,SP,Junior Santos,ATL WAS,8,2019,2026
2019,Summer,90,3,30,NYM,José Urquidy,161254,SP,Jose Hernandez-Urquidy,ATL MIL NYM PHI WAS,8,2019,2026
2019,Summer,91,4,1,MIN,Davis Wendzel,473544,3B,Davis Wendzel,MIN,7,2019,2025
2019,Summer,92,4,2,COL,Tarik Skubal,61180,SP,Tarik Skubal,COL,8,2019,2026
2019,Summer,93,4,3,MIL,Cal Raleigh,332434,C,Cal Raleigh,DET MIL,8,2019,2026
2019,Summer,94,4,4,CHW,Mario Feliciano,235788,C,Mario Feliciano,CHW,6,2019,2024
2019,Summer,95,4,5,CIN,Ty France,173058,3B,Ty France,CIN LAD,7,2019,2025
2019,Summer,96,4,6,SF,Andrés Muñoz,349045,SP,Andres Munoz,SF,8,2019,2026
2019,Summer,97,4,7,LAD,Chase Strumpf,247549,2B,Chase Strumpf,LAD,8,2019,2026
2019,Summer,98,4,8,LAD,Logan Wyatt,462894,1B,Logan Wyatt,LAD,7,2019,2025
2019,Summer,99,4,9,ATL,Julio Rodriguez,10920,C,Julio E. Rodriguez,ATL WAS,7,2019,2025
2019,Summer,100,4,10,KC,James Karinchak,399566,SP,James Karinchak,CLE KC,7,2019,2025
2019,Summer,101,4,11,TB,Liover Peguero,144472,SS,Liover Peguero,TB,7,2019,2025
2019,Summer,102,4,12,MIA,Luis Barrera,276020,OF,Luis Barrera,MIA WAS,6,2019,2024
2019,Summer,103,4,13,PHI,Jameson Hannah,511378,OF,Jameson Hannah,PHI,7,2019,2025
2019,Summer,104,4,14,PIT,Niko Hulsizer,187557,OF,Niko Hulsizer,PIT,6,2019,2024
2019,Summer,105,4,15,OAK,Nasim Nuñez,470497,SS,Nasim Nunez,OAK,8,2019,2026
2019,Summer,106,4,16,PHI,Terrin Vavra,38672,SS,Terrin Vavra,NYM PHI,7,2019,2025
2019,Summer,107,4,17,MIL,Luis Toribio,191840,3B,Luis Toribio,COL DET MIL TOR,8,2019,2026
2019,Summer,108,4,18,PIT,Yoan López,417708,RP,Yoan Lopez,PIT,5,2019,2023
2019,Summer,109,4,19,SEA,Rico Garcia,229461,SP,Rico Garcia,SEA,7,2019,2025
2019,Summer,110,4,20,MIN,Cam Cannon,146311,SS,Cameron Cannon,MIA MIN,7,2019,2025
2019,Summer,111,4,21,MIA,Jake Cronenworth,65500,SS,Jake Cronenworth,CHW COL MIA MIL SEA,8,2019,2026
2019,Summer,112,4,22,BAL,Spencer Jones,314036,1B,Spencer Jones,ATL BAL TOR WAS,8,2019,2026
2019,Summer,113,4,23,BAL,Josh Wolf,452865,SP,Josh Wolf,BAL,5,2019,2023
2019,Summer,114,4,24,OAK,Jack Kochanowicz,492671,SP,Jack Kochanowicz,DET OAK,8,2019,2026
2019,Summer,115,4,25,PHI,Shaun Anderson,496512,SP,Shaun Anderson,PHI,5,2019,2023
2019,Summer,116,4,26,STL,Brady McConnell,462077,SS,Brady McConnell,STL,4,2019,2022
2019,Summer,117,4,27,ARI,Jordan Holloway,172691,SP,Jordan Holloway,ARI,8,2019,2026
2019,Summer,118,4,28,LAD,Jimmy Lewis,291542,SP,Jimmy Lewis,LAD,5,2019,2023
2019,Summer,119,4,29,NYM,Jake Rogers,116336,C,Jake Rogers,ATL MIL NYM,8,2019,2026
2019,Summer,120,4,30,MIL,Taylor Jones,370046,1B,Taylor Jones,MIL,6,2019,2024
2019,Summer,121,4,31,TB,Omar Estévez,60581,SS,Omar Estevez,TB,4,2019,2022
2019,Winter,1,1,1,CHC,Marco Luciano,335130,SS,Marco Luciano,CHC,7,2020,2026
2019,Winter,2,1,2,NYM,Julio Rodríguez,306742,OF,Julio Y. Rodriguez,NYM,7,2020,2026
2019,Winter,3,1,3,HOU,Luis Matos,423729,OF,Luis Matos,HOU,7,2020,2026
2019,Winter,4,1,4,TOR,Orelvis Martinez,365674,SS,Orelvis Martinez,TB TOR,7,2020,2026
2019,Winter,5,1,5,MIN,Tre Fletcher,234984,OF,Trejyn Fletcher,MIN,4,2020,2023
2019,Winter,6,1,6,WAS,Thaddeus Ward,429075,SP,Thad Ward,ATL WAS,6,2020,2025
2019,Winter,7,1,7,SF,Malcom Nuñez,488014,3B,Malcom Nunez,SF,7,2020,2026
2019,Winter,8,1,8,NYY,Gilberto Jimenez,228139,OF,Gilberto Jimenez,NYY,6,2020,2025
2019,Winter,9,1,9,STL,Matthew Thompson,477667,SP,Matthew Thompson,STL,6,2020,2025
2019,Winter,10,1,10,MIL,Emmanuel Clase,504502,RP,Emmanuel Clase,MIL SEA,7,2020,2026
2019,Winter,11,1,11,BOS,Jonathan Stiever,468250,SP,Jonathan Stiever,BOS,3,2020,2022
2019,Winter,12,1,12,DET,Nick Quintana,301381,3B,Nick Quintana,DET,4,2020,2023
2019,Winter,13,1,13,SEA,Sam Hilliard,508234,OF,Sam Hilliard,SEA,7,2020,2026
2019,Winter,14,1,14,LAA,Diego Cartaya,245560,C,Diego Cartaya,LAA,7,2020,2026
2019,Winter,15,1,15,ARI,Aaron Bracho,306224,2B,Aaron Bracho,ARI,6,2020,2025
2019,Winter,16,1,16,CIN,Randy Arozarena,427632,OF,Randy Arozarena,CIN PHI,7,2020,2026
2019,Winter,17,1,17,KC,Francisco Álvarez,232125,C,Francisco Alvarez,CLE KC,7,2020,2026
2019,Winter,18,1,18,PHI,Tommy Edman,470,2B,Tommy Edman,PHI SF,7,2020,2026
2019,Winter,19,1,19,CLE,Ryan Jeffers,301043,C,Ryan Jeffers,CLE KC,7,2020,2026
2019,Winter,20,1,20,LAD,Joey Cantillo,224269,SP,Joey Cantillo,LAD,7,2020,2026
2019,Winter,21,1,21,OAK,Jhon Torres,198448,OF,Jhon Torres,OAK,4,2020,2023
2019,Winter,22,1,22,MIA,Aaron Civale,194100,SP,Aaron Civale,MIA,7,2020,2026
2019,Winter,23,1,23,TEX,Yoendrys Gómez,359075,SP,Yoendrys Gomez,TEX,7,2020,2026
2019,Winter,24,1,24,COL,Seth Corry,291864,SP,Seth Corry,COL NYM SEA,7,2020,2026
2019,Winter,25,1,25,SD,Antoine Kelly,130532,SP,Antoine Kelly,CLE KC SD,6,2020,2025
2019,Winter,26,1,26,CHW,Iván Herrera,32615,C,Ivan Herrera,CHW,7,2020,2026
2019,Winter,27,1,27,BAL,Joe Ryan,352501,SP,Joe Ryan,BAL,7,2020,2026
2019,Winter,28,1,28,ATL,Josh Green,164744,SP,Josh Green,ATL WAS,6,2020,2025
2019,Winter,29,1,29,TB,Kevin Alcántara,138957,OF,Kevin Alcantara,TB,7,2020,2026
2019,Winter,30,1,30,PIT,Lane Thomas,376759,OF,Lane Thomas,MIN PIT SEA,7,2020,2026
2018,Summer,1,1,1,BAL,Joey Bart,407635,C,Joey Bart,BAL,8,2019,2026
2018,Summer,2,1,2,PHI,Casey Mize,466224,SP,Casey Mize,PHI,8,2019,2026
2018,Summer,3,1,3,ATL,Nick Madrigal,133803,2B,Nick Madrigal,ATL COL DET MIL WAS,8,2019,2026
2018,Summer,4,1,4,NYY,Brady Singer,503243,SP,Brady Singer,NYY,8,2019,2026
2018,Summer,5,1,5,COL,Matthew Liberatore,421447,SP,Matthew Liberatore,COL,8,2019,2026
2018,Summer,6,1,6,KC,Travis Swaggerty,109653,OF,Travis Swaggerty,CLE KC,7,2019,2025
2018,Summer,7,1,7,STL,Alec Bohm,309319,3B,Alec Bohm,STL,8,2019,2026
2018,Summer,8,1,8,SF,Shane McClanahan,494216,SP,Shane McClanahan,SF,8,2019,2026
2018,Summer,9,1,9,LAA,Jonathan India,423024,3B,Jonathan India,COL LAA MIL,8,2019,2026
2018,Summer,10,1,10,MIN,Carter Stewart,185999,SP,Carter Stewart,CLE KC MIN,8,2019,2026
2018,Summer,11,1,11,LAD,Logan Gilbert,21478,SP,Logan Gilbert,LAD,8,2019,2026
2018,Summer,12,1,12,TOR,Nolan Gorman,187847,3B,Nolan Gorman,DET TOR,8,2019,2026
2018,Summer,13,1,13,CLE,Jarred Kelenic,454874,OF,Jarred Kelenic,CLE DET TOR,8,2019,2026
2018,Summer,14,1,14,BOS,Triston Casas,508023,1B,Triston Casas,BOS CHC,8,2019,2026
2018,Summer,15,1,15,TOR,Cole Winn,257742,SP,Cole Winn,BOS PIT TB TOR,8,2019,2026
2018,Summer,16,1,16,MIA,Pablo López,58834,SP,Pablo Lopez,MIA MIL,8,2019,2026
2018,Summer,17,1,17,SEA,Andrew Knizner,111177,C,Andrew Knizner,SEA,8,2019,2026
2018,Summer,18,1,18,CHW,Brusdar Graterol,349626,SP,Brusdar Graterol,CHW,8,2019,2026
2018,Summer,19,1,19,DET,Grayson Rodriguez,378962,SP,Grayson Rodriguez,ARI DET,8,2019,2026
2018,Summer,20,1,20,TEX,Pete Alonso,461826,1B,Peter Alonso,TEX,8,2019,2026
2018,Summer,21,1,21,CHC,Cavan Biggio,282004,2B,Cavan Biggio,CHC,6,2019,2024
2018,Summer,22,1,22,SEA,Freddy Peralta,229146,SP,Freddy Peralta,ATL SEA,8,2019,2026
2018,Summer,23,1,23,TEX,Shane Bieber,344446,SP,Shane Bieber,TEX WAS,8,2019,2026
2018,Summer,24,1,24,BAL,Cole Wilcox,368622,SP,Cole Wilcox,BAL,8,2019,2026
2018,Summer,25,1,25,STL,Ryan Weathers,345220,SP,Ryan Weathers,STL,8,2019,2026
2018,Summer,26,1,26,OAK,Brice Turang,262552,SS,Brice Turang,OAK,8,2019,2026
2018,Summer,27,1,27,MIA,Jonathan Loáisiga,486451,SP,Jonathan Loaisiga,ARI MIA WAS,8,2019,2026
2018,Summer,28,1,28,STL,Kyler Murray,83704,OF,Kyler Murray,STL,3,2019,2021
2018,Summer,29,1,29,NYY,Trevor Larnach,359781,OF,Trevor Larnach,NYY,8,2019,2026
2018,Summer,30,1,30,BAL,Mason Denaburg,91826,SP,Mason Denaburg,BAL,5,2019,2023
2018,Summer,31,2,1,WAS,Zac Lowther,149152,SP,Zac Lowther,SEA WAS,7,2019,2025
2018,Summer,32,2,2,PHI,Ryan Borucki,245120,SP,Ryan Borucki,PHI,8,2019,2026
2018,Summer,33,2,3,ATL,Dennis Santana,325742,SP,Dennis Santana,ATL STL TB,8,2019,2026
2018,Summer,34,2,4,SF,Garrett Hampson,447361,2B,Garrett Hampson,SF,5,2019,2023
2018,Summer,35,2,5,COL,Cal Mitchell,152601,OF,Calvin Mitchell,COL,8,2019,2026
2018,Summer,36,2,6,KC,Luis Medina,387695,SP,Luis Medina,CLE KC,8,2019,2026
2018,Summer,37,2,7,TB,Nick Pivetta,394615,SP,Nick Pivetta,MIN TB,8,2019,2026
2018,Summer,38,2,8,CHW,Tirso Ornelas,206932,OF,Tirso Ornelas,CHW,8,2019,2026
2018,Summer,39,2,9,CIN,Josh James,136299,SP,Josh James,CIN,6,2019,2024
2018,Summer,40,2,10,MIN,Connor Scott,97786,OF,Connor Scott,COL HOU MIN,5,2019,2023
2018,Summer,41,2,11,LAD,Kumar Rocker,98742,SP,Kumar Rocker,LAD,8,2019,2026
2018,Summer,42,2,12,WAS,Bo Naylor,36453,C,Noah Naylor,TB WAS,8,2019,2026
2018,Summer,43,2,13,TOR,Jackson Kowar,404108,SP,Jackson Kowar,COL HOU MIL TOR,8,2019,2026
2018,Summer,44,2,14,BOS,Blaine Knight,193261,SP,Blaine Knight,BOS CHC,4,2019,2022
2018,Summer,45,2,15,TOR,Jeremiah Jackson,178997,3B,Jeremiah Jackson,HOU TOR,8,2019,2026
2018,Summer,46,2,16,MIA,Enyel De Los Santos,186083,SP,Enyel De Los Santos,MIA,8,2019,2026
2018,Summer,47,2,17,ARI,Miguel Amaya,92474,C,Miguel Amaya,ARI,8,2019,2026
2018,Summer,48,2,18,ATL,Jordan Hicks,439987,RP,Jordan Hicks,ATL TB WAS,8,2019,2026
2018,Summer,49,2,19,SEA,José Suarez,144161,SP,Jose Suarez,CLE KC SEA,8,2019,2026
2018,Summer,50,2,20,TB,Jordyn Adams,88462,OF,Jordyn Adams,TB,7,2019,2025
2018,Summer,51,2,21,CHC,Ethan Hankins,88970,SP,Ethan Hankins,CHC,6,2019,2024
2018,Summer,52,2,22,SEA,Caleb Ferguson,417391,SP,Caleb Ferguson,COL NYM SEA TB,8,2019,2026
2018,Summer,53,2,23,ARI,Oneil Cruz,38665,SS,Oneil Cruz,ARI CHC,8,2019,2026
2018,Summer,54,2,24,SD,Ryan Rolison,250467,SP,Ryan Rolison,DET NYM SD,8,2019,2026
2018,Summer,55,2,25,COL,Ronaldo Hernández,202517,C,Ronaldo Hernandez,COL,8,2019,2026
2018,Summer,56,2,26,OAK,Anthony Seigler,427530,C,Anthony Seigler,OAK,8,2019,2026
2018,Summer,57,2,27,MIA,Óscar Mercado,219794,OF,Oscar Mercado,MIA STL,7,2019,2025
2018,Summer,58,2,28,TB,Vidal Bruján,391830,2B,Vidal Brujan,MIL TB WAS,7,2019,2025
2018,Summer,59,2,29,CIN,Jordan Groshans,437723,3B,Jordan Groshans,CIN TOR,7,2019,2025
2018,Summer,60,2,30,CIN,Resly Linares,388489,SP,Resly Linares,CIN,7,2019,2025
2018,Summer,61,3,1,BAL,Greyson Jenista,120708,OF,Greyson Jenista,BAL,5,2019,2023
2018,Summer,62,3,2,PHI,Seranthony Domínguez,228506,RP,Seranthony Dominguez,MIA PHI,8,2019,2026
2018,Summer,63,3,3,PIT,Nathaniel Lowe,43764,1B,Nathaniel Lowe,MIL OAK PIT SEA,8,2019,2026
2018,Summer,64,3,4,SF,Esteury Ruiz,476127,2B,Esteury Ruiz,SF,8,2019,2026
2018,Summer,65,3,5,NYY,Sean Hjelle,491950,SP,Sean Hjelle,CHC NYY TB,7,2019,2025
2018,Summer,66,3,6,KC,Seth Beer,476786,1B,Seth Beer,BOS KC,8,2019,2026
2018,Summer,67,3,7,TOR,William Contreras,121207,C,William Contreras,TOR,8,2019,2026
2018,Summer,68,3,8,NYY,Emilio Vargas,428201,SP,Emilio Vargas,NYY,6,2019,2024
2018,Summer,69,3,9,LAA,Xavier Edwards,152227,SS,Xavier Edwards,LAA,8,2019,2026
2018,Summer,70,3,10,MIN,Nick Schnell,471718,OF,Nick Schnell,MIA MIN,8,2019,2026
2018,Summer,71,3,11,BOS,Taylor Widener,515237,SP,Taylor Widener,BOS SEA,6,2019,2024
2018,Summer,72,3,12,MIL,Griffin Conine,391019,OF,Griffin Conine,MIL PIT SD,8,2019,2026
2018,Summer,73,3,13,BAL,Nander De Sedas,299145,SS,Nander De Sedas,BAL KC,5,2019,2023
2018,Summer,74,3,14,ARI,Colin Poche,48618,SP,Colin Poche,ARI,7,2019,2025
2018,Summer,75,3,15,COL,Ryan McKenna,359192,OF,Ryan McKenna,CIN COL DET PIT SD WAS,5,2019,2025
2018,Summer,76,3,16,PIT,Cristian Javier,251972,SP,Cristian Javier,PIT,8,2019,2026
2018,Summer,77,3,17,CIN,Kevin Kramer,29604,2B,Kevin Kramer,CIN MIA STL,5,2019,2023
2018,Summer,78,3,18,TEX,Cody Bolton,430028,SP,Cody Bolton,SF TEX,7,2019,2025
2018,Summer,79,3,19,NYM,Lolo Sanchez,15943,OF,Lolo Sanchez,NYM,6,2019,2024
2018,Summer,80,3,20,ARI,Matt Tabor,310581,SP,Matt Tabor,ARI,8,2019,2026
2018,Summer,81,3,21,SF,Deivi García,349571,SP,Deivi Garcia,SF,7,2019,2025
2018,Summer,82,3,22,SEA,Jorge Alcalá,67791,SP,Jorge Alcala,SEA,8,2019,2026
2018,Summer,83,3,23,TOR,Reggie Lawson,299236,SP,Reggie Lawson,COL TOR,4,2019,2022
2018,Summer,84,3,24,SD,Nico Hoerner,41932,SS,Nico Hoerner,BOS CIN COL MIA SD TB,8,2019,2026
2018,Summer,85,3,25,CIN,Roansy Contreras,416979,SP,Roansy Contreras,CIN COL,8,2019,2026
2018,Summer,86,3,26,BOS,Kody Clemens,480723,2B,Kody Clemens,BOS,8,2019,2026
2018,Summer,87,3,27,ARI,Jeisson Rosario,21173,OF,Jeisson Rosario,ARI,8,2019,2026
2018,Summer,88,3,28,TOR,José Devers,58312,SS,Jose Devers,CLE COL KC MIA TOR,7,2019,2025
2018,Summer,89,3,29,PIT,Lyon Richardson,408990,SP,Lyon Richardson,MIN PIT,8,2019,2026
2018,Summer,90,3,30,BOS,Luken Baker,450576,1B,Luken Baker,BOS,8,2019,2026
2018,Summer,91,4,1,CLE,Elehuris Montero,286622,3B,Elehuris Montero,CLE PHI,8,2019,2026
2018,Summer,92,4,2,PHI,Reyes Moronta,402697,RP,Reyes Moronta,PHI,4,2019,2022
2018,Summer,93,4,3,TB,Brett Cumberland,448070,C,Brett Cumberland,NYM TB,4,2019,2022
2018,Summer,94,4,4,SF,Edward Cabrera,282402,SP,Edward Cabrera,SF,8,2019,2026
2018,Summer,95,4,5,CHW,Ryan Helsley,184925,SP,Ryan Helsley,CHW,8,2019,2026
2018,Summer,96,4,6,KC,Luis García,152253,SS,Luis Garcia,COL KC,8,2019,2026
2018,Summer,97,4,7,BAL,Lenny Torres,420531,SP,Lenny Torres Jr.,BAL,5,2019,2023
2018,Summer,98,4,8,NYY,Brad Keller,386869,SP,Brad Keller,NYY TOR,7,2019,2026
2018,Summer,99,4,9,COL,Jared Oliva,384454,OF,Jared Oliva,COL,4,2019,2022
2018,Summer,100,4,10,MIN,Jeremy Eierman,201049,3B,Jeremy Eierman,MIA MIN,7,2019,2025
2018,Summer,101,4,11,LAD,Wil Crowe,86728,SP,Wil Crowe,LAD,5,2019,2023
2018,Summer,102,4,12,CHW,Matt McLain,148932,2B,Matt McLain,CHW,8,2019,2026
2018,Summer,103,4,13,CLE,Adam Kloffenstein,442845,SP,Adam Kloffenstein,CLE MIL,5,2019,2023
2018,Summer,104,4,14,MIL,Nicky Lopez,3114,SS,Nicky Lopez,BAL MIL TB TOR,8,2019,2026
2018,Summer,105,4,15,PHI,Cedric Mullins,74352,OF,Cedric Mullins,MIA MIL PHI WAS,8,2019,2026
2018,Summer,106,4,16,MIA,Johan Camargo,146761,3B,Johan Camargo,MIA MIL STL,6,2019,2025
2018,Summer,107,4,17,CIN,Luis Oviedo,222046,SP,Luis Oviedo,CIN,8,2019,2026
2018,Summer,108,4,18,CHW,Hector Perez,446904,SP,Hector Perez,CHW,4,2019,2022
2018,Summer,109,4,19,KC,Francisco Morales,468485,SP,Francisco Morales,BOS KC,6,2019,2024
2018,Summer,110,4,20,MIL,Kevin Smith,333084,SS,Kevin Smith,MIL,5,2019,2023
2018,Summer,111,4,21,CHC,Slade Cecconi,52343,SP,Slade Cecconi,CHC,8,2019,2026
2018,Summer,112,4,22,OAK,Owen White,99810,SP,Owen White,OAK,8,2019,2026
2018,Summer,113,4,23,TOR,Jhoan Durán,290874,SP,Jhoan Duran,DET TOR,8,2019,2026
2018,Summer,114,4,24,COL,Luis Rengifo,168547,SS,Luis Rengifo,CLE COL KC,8,2019,2026
2018,Summer,115,4,25,OAK,Daniel Lynch,77813,SP,Daniel Lynch,OAK,8,2019,2026
2018,Summer,116,4,26,MIL,Kameron Guangorena,507972,C,Kameron Guangorena,MIL,4,2019,2022
2018,Summer,117,4,27,CIN,Cadyn Grenier,486568,SS,Cadyn Grenier,CIN,8,2019,2026
2018,Summer,118,4,28,SF,Bryan Mata,115627,SP,Bryan Mata,SF,8,2019,2026
2018,Summer,119,4,29,LAA,Rylan Bannon,351161,3B,Rylan Bannon,LAA MIA,7,2019,2025
2018,Summer,120,4,30,DET,(forfeited),,,,,,,
2018,Winter,1,1,1,MIN,Wander Franco,512841,SS,Wander Franco,MIN,7,2019,2025
2018,Winter,2,1,2,ATL,Luis Robert,389671,OF,Luis Robert,ATL COL,8,2019,2026
2018,Winter,3,1,3,TOR,Luis Patiño,200686,SP,Luis Patino,DET TOR,8,2019,2026
2018,Winter,4,1,4,HOU,Zac Gallen,499693,SP,Zac Gallen,DET HOU,8,2019,2026
2018,Winter,5,1,5,CIN,Freudis Nova,269116,SS,Freudis Nova,CIN,7,2019,2025
2018,Winter,6,1,6,SF,Eric Pardinho,43480,SP,Eric Pardinho,SF,5,2019,2023
2018,Winter,7,1,7,LAD,Brailyn Márquez,9790,SP,Brailyn Marquez,LAD,8,2019,2026
2018,Winter,8,1,8,MIL,Spencer Howard,261557,SP,Spencer Howard,BAL MIL,8,2019,2026
2018,Winter,9,1,9,WAS,Ronny Mauricio,71319,SS,Ronny Mauricio,COL WAS,8,2019,2026
2018,Winter,10,1,10,KC,Kristian Robinson,507126,OF,Kristian Robinson,KC PIT WAS,8,2019,2026
2018,Winter,11,1,11,NYY,J. P. Martínez,137024,OF,Julio Pablo Martinez,NYY,7,2019,2025
2018,Winter,12,1,12,BOS,Miguel Vargas,290248,3B,Miguel Vargas,BOS,8,2019,2026
2018,Winter,13,1,13,MIA,Tucupita Marcano,100778,2B,Tucupita Marcano,LAA MIA,7,2019,2025
2018,Winter,14,1,14,STL,Jake McCarthy,441669,OF,Jake McCarthy,STL,8,2019,2026
2018,Winter,15,1,15,PHI,Brayan Rocchio,167964,SS,Brayan Rocchio,PHI,8,2019,2026
2018,Winter,16,1,16,DET,Kris Bubic,452110,SP,Kris Bubic,ATL DET TOR,8,2019,2026
2018,Winter,17,1,17,LAA,Dylan Carlson,37966,OF,Dylan Carlson,ARI LAA,8,2019,2026
2018,Winter,18,1,18,TEX,Cole Roederer,43253,OF,Cole Roederer,PIT TEX,7,2019,2025
2018,Winter,19,1,19,SEA,Grant Lavigne,81736,1B,Grant Lavigne,SEA,7,2019,2025
2018,Winter,20,1,20,PIT,Lourdes Gurriel,383278,SS,Lourdes Gurriel Jr.,PIT SEA,8,2019,2026
2018,Winter,21,1,21,SD,George Valera,17101,OF,George Valera,DET SD,8,2019,2026
2018,Winter,22,1,22,BAL,Shervyen Newton,104836,SS,Shervyen Newton,BAL SD,7,2019,2025
2018,Winter,23,1,23,CLE,Luis Garcia,182199,SS,Luis Garcia,CLE KC,7,2019,2025
2018,Winter,24,1,24,OAK,Freddy Tarnok,470016,SP,Freddy Tarnok,DET OAK,8,2019,2026
2018,Winter,25,1,25,CHC,Antoni Flores,36999,SS,Antoni Flores,CHC,4,2019,2022
2018,Winter,26,1,26,COL,José Castillo,23512,RP,Jose Castillo,COL MIN,6,2019,2024
2018,Winter,27,1,27,CHW,Alexander Canario,325817,OF,Alexander Canario,CHW,8,2019,2026
2018,Winter,28,1,28,ARI,Brock Burke,15120,SP,Brock Burke,ARI MIA,8,2019,2026
2018,Winter,29,1,29,TB,Carlos Vargas,461865,SP,Carlos Vargas,TB,8,2019,2026
2018,Winter,30,1,30,NYM,Everson Pereira,256206,OF,Everson Pereira,NYM,8,2019,2026
2017,Summer,1,1,1,PHI,Kyle Wright,71912,SP,Kyle Wright,PHI,9,2018,2026
2017,Summer,2,1,2,KC,Hunter Greene,358564,SP,Hunter Greene,CLE KC,9,2018,2026
2017,Summer,3,1,3,BAL,MacKenzie Gore,336212,SP,Mackenzie Gore,BAL,9,2018,2026
2017,Summer,4,1,4,TOR,Royce Lewis,270140,SS,Royce Lewis,COL TOR,9,2018,2026
2017,Summer,5,1,5,BAL,Dustin Fowler,82739,OF,Dustin Fowler,BAL,5,2018,2022
2017,Summer,6,1,6,HOU,Adam Haseley,198135,OF,Adam Haseley,HOU,7,2018,2024
2017,Summer,7,1,7,ATL,Domingo Leyba,207964,2B,Domingo Leyba,ATL WAS,8,2018,2025
2017,Summer,8,1,8,LAA,Luis Urías,316410,2B,Luis Urias,LAA,8,2018,2025
2017,Summer,9,1,9,ATL,Jo Adell,306472,OF,Jordan Adell,ATL COL HOU,9,2018,2026
2017,Summer,10,1,10,BAL,Fernando Tatís,114895,SS,Fernando Tatis Jr.,BAL COL,9,2018,2026
2017,Summer,11,1,11,PIT,Austin Beck,73951,OF,Austin Beck,CLE PIT,5,2018,2022
2017,Summer,12,1,12,CHW,J. B. Bukauskas,408179,SP,J.B. Bukauskas,CHW,9,2018,2026
2017,Summer,13,1,13,DET,Logan Warmoth,469733,SS,Logan Warmoth,ATL DET WAS,8,2018,2025
2017,Summer,14,1,14,LAD,David Peterson,306368,SP,David Peterson,LAD NYM,9,2018,2026
2017,Summer,15,1,15,SF,Shane Baz,130328,SP,Shane Baz,SF,9,2018,2026
2017,Summer,16,1,16,CHC,Keston Hiura,338684,2B,Keston Hiura,CHC TEX,9,2018,2026
2017,Summer,17,1,17,NYY,Nick Pratto,231101,1B,Nick Pratto,NYY,9,2018,2026
2017,Summer,18,1,18,NYM,DL Hall,417096,SP,D.L. Hall,CLE KC NYM,9,2018,2026
2017,Summer,19,1,19,ARI,Adonis Medina,133863,SP,Adonis Medina,ARI CLE TOR,6,2018,2023
2017,Summer,20,1,20,SD,Jordan Montgomery,407086,SP,Jordan Montgomery,BOS CLE KC SD,8,2018,2025
2017,Summer,21,1,21,NYY,Sam Carlson,33065,SP,Sam Carlson,CHC NYY,6,2018,2023
2017,Summer,22,1,22,ARI,Lucius Fox,300643,SS,Lucius Fox,ARI,8,2018,2025
2017,Summer,23,1,23,MIN,Jake Burger,383961,3B,Jake Burger,DET MIN NYM TOR,9,2018,2026
2017,Summer,24,1,24,OAK,Alex Faedo,164589,SP,Alex Faedo,OAK,8,2018,2025
2017,Summer,25,1,25,NYM,Dinelson Lamet,292736,SP,Dinelson Lamet,CLE NYM,6,2018,2023
2017,Summer,26,1,26,COL,Luis Castillo,299924,SP,Luis Castillo,BOS COL SD,10,2010,2026
2017,Summer,27,1,27,NYY,Seth Romero,371450,SP,Seth Romero,CHC NYY,6,2018,2023
2017,Summer,28,1,28,PIT,Tony Wolters,473225,C,Tony Wolters,MIA PIT,5,2018,2022
2017,Summer,29,1,29,NYM,Colton Welker,383782,3B,Colton Welker,NYM,6,2018,2023
2017,Summer,30,1,30,COL,Cristian Pache,344417,OF,Cristian Pache,COL DET MIL OAK,9,2018,2026
2017,Summer,31,2,1,PHI,Daniel Gossett,93130,SP,Daniel Gossett,NYM PHI,5,2018,2022
2017,Summer,32,2,2,KC,Jacob Nix,322321,SP,Jacob Nix,KC,6,2018,2023
2017,Summer,33,2,3,ARI,Shed Long,133121,2B,Shed Long,ARI,8,2018,2025
2017,Summer,34,2,4,SF,Dawel Lugo,121893,SS,Dawel Lugo,SF,4,2018,2021
2017,Summer,35,2,5,TOR,Zack Littell,59416,SP,Zack Littell,CHC TOR,9,2018,2026
2017,Summer,36,2,6,HOU,Gavin Sheets,84223,1B,Gavin Sheets,HOU,9,2018,2026
2017,Summer,37,2,7,CLE,Nate Pearson,33561,SP,Nate Pearson,CLE MIL TOR,9,2018,2026
2017,Summer,38,2,8,KC,Bubba Thompson,421917,OF,Bubba Thompson,BOS KC LAA,6,2018,2024
2017,Summer,39,2,9,COL,Corbin Burnes,114976,SP,Corbin Burnes,CIN COL MIL TOR,9,2018,2026
2017,Summer,40,2,10,TOR,Drew Waters,385576,OF,Drew Waters,TOR,8,2018,2025
2017,Summer,41,2,11,BOS,Evan White,322831,1B,Evan White,BOS CHC,7,2018,2024
2017,Summer,42,2,12,CHW,Chris Rodriguez,164812,SP,Chris Rodriguez,CHW,8,2018,2025
2017,Summer,43,2,13,DET,Brent Rooker,206437,OF,Brent Rooker,DET LAD,8,2018,2026
2017,Summer,44,2,14,LAD,Austin Slater,416034,2B,Austin Slater,LAD,8,2018,2025
2017,Summer,45,2,15,TOR,Thairo Estrada,504009,2B,Thairo Estrada,MIA SEA TOR,9,2018,2026
2017,Summer,46,2,16,TB,Joe Biagini,180589,SP,Joe Biagini,TB,4,2018,2021
2017,Summer,47,2,17,NYY,Víctor Caratini,55144,C,Victor Caratini,CHW NYY,9,2018,2026
2017,Summer,48,2,18,MIA,Trevor Rogers,390507,SP,Trevor Rogers,MIA NYM PIT,9,2018,2026
2017,Summer,49,2,19,TB,Dustin May,446121,SP,Dustin May,TB,9,2018,2026
2017,Summer,50,2,20,KC,Austin Hays,238310,OF,Austin Hays,BOS KC NYY,9,2018,2026
2017,Summer,51,2,21,TEX,Mason Thompson,96083,SP,Mason Thompson,MIL TB TEX TOR,7,2018,2024
2017,Summer,52,2,22,CIN,Ryan Vilade,96066,3B,Ryan Vilade,CIN NYM STL,9,2018,2026
2017,Summer,53,2,23,MIN,Jeter Downs,342586,SS,Jeter Downs,MIN,8,2018,2025
2017,Summer,54,2,24,OAK,Heliot Ramos,398423,OF,Heliot Ramos,OAK,9,2018,2026
2017,Summer,55,2,25,NYM,Tristan Beck,360456,SP,Tristan Beck,NYM,9,2018,2026
2017,Summer,56,2,26,SF,Estevan Florial,274354,OF,Estevan Florial,SF,8,2018,2025
2017,Summer,57,2,27,CHC,Drew Ellis,276675,3B,Drew Ellis,CHC NYM,5,2018,2022
2017,Summer,58,2,28,PIT,Taylor Clarke,447904,SP,Taylor Clarke,PIT SF,8,2018,2025
2017,Summer,59,2,29,PIT,Jordan Humphreys,21729,SP,Jordan Humphreys,CHW PIT TOR,5,2018,2022
2017,Summer,60,2,30,SF,Tyler Watson,486209,SP,Tyler Watson,SF,4,2018,2021
2017,Summer,61,3,1,PHI,Heath Quinn,167961,OF,Heath Quinn,PHI,6,2018,2023
2017,Summer,62,3,2,COL,Danny Jansen,49597,C,Danny Jansen,COL MIA WAS,9,2018,2026
2017,Summer,63,3,3,ARI,Franmil Reyes,353328,OF,Franmil Reyes,ARI ATL LAD WAS,8,2018,2025
2017,Summer,64,3,4,TOR,Michael Mercado,18252,SP,Michael Mercado,PIT SF TOR,8,2018,2025
2017,Summer,65,3,5,LAA,MJ Melendez,114335,C,MJ Melendez,LAA MIL NYM,9,2018,2026
2017,Summer,66,3,6,TEX,Rogelio Armenteros,362839,SP,Rogelio Armenteros,PHI TEX,5,2018,2022
2017,Summer,67,3,7,CLE,Hans Crouse,150613,SP,Hans Crouse,CLE COL KC NYM SEA,9,2018,2026
2017,Summer,68,3,8,PIT,Edwin Ríos,222251,1B,Edwin Rios,PIT,6,2018,2023
2017,Summer,69,3,9,SF,Khalil Lee,205680,OF,Khalil Lee,SF,7,2018,2024
2017,Summer,70,3,10,COL,Jon Duplantier,116054,SP,Jon Duplantier,COL,6,2018,2023
2017,Summer,71,3,11,CLE,Nick Allen,495174,SS,Nick Allen,CHC CLE PIT,9,2018,2026
2017,Summer,72,3,12,CHW,Isaac Paredes,388336,SS,Isaac Paredes,CHW,9,2018,2026
2017,Summer,73,3,13,NYM,Phil Maton,96812,RP,Phil Maton,LAD MIL NYM PHI,9,2018,2026
2017,Summer,74,3,14,PHI,Anderson Tejeda,343437,SS,Anderson Tejeda,MIN PHI,6,2018,2023
2017,Summer,75,3,15,TOR,Austin Franklin,511140,SP,Austin Franklin,ARI TOR,5,2018,2022
2017,Summer,76,3,16,CHC,Brandon Marsh,134864,OF,Brandon Marsh,CHC SEA,9,2018,2026
2017,Summer,77,3,17,NYY,Matt Sauer,183884,SP,Matt Sauer,NYY,9,2018,2026
2017,Summer,78,3,18,MIA,Clarke Schmidt,151156,SP,Clarke Schmidt,CHC MIA,9,2018,2026
2017,Summer,79,3,19,TEX,Joey Lucchesi,295731,SP,Joey Lucchesi,TEX,7,2018,2024
2017,Summer,80,3,20,CLE,Blayne Enlow,132048,SP,Blayne Enlow,CLE PHI,7,2018,2024
2017,Summer,81,3,21,KC,Tyler Wade,220484,SS,Tyler Wade,KC SF,5,2018,2022
2017,Summer,82,3,22,COL,Nick Solak,96692,2B,Nick Solak,COL,8,2018,2025
2017,Summer,83,3,23,MIN,Tzu-Wei Lin,347675,SS,Tzu-Wei Lin,MIN,4,2018,2021
2017,Summer,84,3,24,PHI,Travis Blankenhorn,435224,3B,Travis Blankenhorn,MIL PHI,6,2018,2023
2017,Summer,85,3,25,MIL,Hagen Danner,488725,C,Hagen Danner,MIL,6,2018,2025
2017,Summer,86,3,26,OAK,Seuly Matias,188123,OF,Seuly Matias,OAK,6,2018,2023
2017,Summer,87,3,27,KC,Wladimir Galindo,386047,3B,Wladimir Galindo,KC STL,5,2018,2022
2017,Summer,88,3,28,PIT,Brandon Lowe,3538,2B,Brandon Lowe,CHC PIT,9,2018,2026
2017,Summer,89,3,29,NYM,Pedro Gonzalez,24377,OF,Pedro Gonzalez,CHC NYM PIT,5,2018,2022
2017,Summer,90,3,30,BAL,Brendon Little,480252,SP,Brendon Little,BAL,9,2018,2026
2017,Summer,91,4,1,PHI,Brayan Hernandez,270609,OF,Brayan Hernandez,PHI,4,2018,2021
2017,Summer,92,4,2,KC,Mark Vientos,49515,SS,Mark Vientos,ATL KC MIL WAS,9,2018,2026
2017,Summer,93,4,3,ARI,Jordan Romano,329462,SP,Jordan Romano,ARI,9,2018,2026
2017,Summer,94,4,4,KC,Miguelangel Sierra,513708,SS,Miguelangel Sierra,CLE KC,4,2018,2021
2017,Summer,95,4,5,TEX,Gavin LaValley,316439,1B,Gavin LaValley,TEX,4,2018,2021
2017,Summer,96,4,6,NYM,Juan De Leon,335252,OF,Juan De Leon,MIA NYM,8,2018,2025
2017,Summer,97,4,7,CLE,Jake Eder,30791,SP,Jake Eder,CLE KC,8,2018,2025
2017,Summer,98,4,8,LAA,Drew Rasmussen,124620,SP,Drew Rasmussen,LAA NYM,9,2018,2026
2017,Summer,99,4,9,MIL,Jacob Gonzalez,252259,3B,Jacob Gonzalez,MIL,6,2018,2023
2017,Summer,100,4,10,CHW,Adam Frazier,359970,SS,Adam Frazier,ATL CHW WAS,8,2018,2025
2017,Summer,101,4,11,TB,Gilberto Celestino,383214,OF,Gilberto Celestino,TB,7,2018,2024
2017,Summer,102,4,12,CHW,Chris Seise,341273,SS,Chris Seise,CHW PHI,7,2018,2024
2017,Summer,103,4,13,NYM,Alex Claudio,213100,RP,Alex Claudio,CLE NYM,6,2018,2023
2017,Summer,104,4,14,LAD,Génesis Cabrera,335144,SP,Genesis Cabrera,LAD,8,2018,2025
2017,Summer,105,4,15,CHC,Sean Murphy,364045,C,Sean Murphy,CHC SD,9,2018,2026
2017,Summer,106,4,16,BAL,Steven Jennings,26397,SP,Steven Jennings,BAL,4,2018,2021
2017,Summer,107,4,17,SEA,Jimmy Herget,202636,RP,Jimmy Herget,BOS SEA,9,2018,2026
2017,Summer,108,4,18,SD,Jaime Barría,16142,SP,Jaime Barria,BOS SD,9,2018,2026
2017,Summer,109,4,19,TB,Quentin Holmes,497565,OF,Quentin Holmes,ATL TB WAS,8,2018,2025
2017,Summer,110,4,20,SD,Dérmis García,449236,3B,Dermis Garcia,SD,7,2018,2024
2017,Summer,111,4,21,OAK,Derian Cruz,241777,SS,Derian Cruz,OAK,3,2018,2020
2017,Summer,112,4,22,CIN,(forfeited),,,,,,,
2017,Summer,113,4,23,SD,Jhailyn Ortiz,474710,OF,Jhailyn Ortiz,SD,8,2018,2025
2017,Summer,114,4,24,MIL,Jared Miller,148696,RP,Jared Miller,MIL,2,2018,2019
2017,Summer,115,4,25,MIL,Jakob Junis,3726,SP,Jake Junis,MIA MIL,9,2018,2026
2017,Summer,116,4,26,COL,Zach Granite,508738,OF,Zack Granite,CIN COL,8,2018,2025
2017,Summer,117,4,27,BOS,Curtis Taylor,57141,SP,Curtis Taylor,BOS,6,2018,2023
2017,Summer,118,4,28,PIT,Myles Straw,213503,OF,Myles Straw,CLE MIA PIT,9,2018,2026
2017,Summer,119,4,29,SEA,Merandy González,59854,SP,Merandy Gonzalez,MIA SEA,5,2018,2022
2017,Summer,120,4,30,TB,Taylor Hearn,279514,SP,Taylor Hearn,SEA TB,8,2018,2025
2017,Winter,1,1,1,BAL,Michel Báez,362956,SP,Michel Baez,BAL,5,2019,2023
2017,Winter,2,1,2,PHI,Kevin Maitan,218933,SS,Kevin Maitan,HOU PHI,6,2019,2024
2017,Winter,3,1,3,ATL,Adrián Morejón,482624,SP,Adrian Morejon,ARI ATL,8,2019,2026
2017,Winter,4,1,4,SF,Vladimir Gutiérrez,45052,SP,Vladimir Gutierrez,SF,5,2019,2023
2017,Winter,5,1,5,HOU,José Soriano,259439,SP,Jose Soriano,HOU,8,2019,2026
2017,Winter,6,1,6,KC,Yordan Álvarez,215098,1B,Yordan Alvarez,CLE KC,8,2019,2026
2017,Winter,7,1,7,STL,Adbert Alzolay,144765,SP,Adbert Alzolay,STL,8,2019,2026
2017,Winter,8,1,8,NYY,Freicer Perez,345813,SP,Freicer Perez,NYY,4,2019,2022
2017,Winter,9,1,9,LAA,Trevor Oaks,145261,SP,Trevor Oaks,LAA,6,2019,2024
2017,Winter,10,1,10,MIN,Corbin Martin,105252,SP,Corbin Martin,MIN,5,2019,2023
2017,Winter,11,1,11,LAD,Aramis Ademan,438949,SS,Aramis Ademan,LAD,5,2019,2023
2017,Winter,12,1,12,MIL,Jesús Luzardo,313805,SP,Jesus Luzardo,COL MIL PHI,8,2019,2026
2017,Winter,13,1,13,CLE,José Siri,71721,OF,Jose Siri,BAL CLE COL,8,2019,2026
2017,Winter,14,1,14,BOS,Tristen Lutz,123335,OF,Tristen Lutz,BOS,6,2019,2024
2017,Winter,15,1,15,TOR,Wander Javier,41133,SS,Wander Javier,HOU TOR,5,2019,2023
2017,Winter,16,1,16,MIA,Jalen Beeks,126929,SP,Jalen Beeks,BOS MIA,6,2019,2024
2017,Winter,17,1,17,CIN,Yasel Antuna,325091,SS,Yasel Antuna,CIN,7,2019,2025
2017,Winter,18,1,18,CHW,Andrés Giménez,261215,SS,Andres Gimenez,CHW,8,2019,2026
2017,Winter,19,1,19,NYM,Cionel Pérez,390820,SP,Cionel Perez,CLE KC NYM,8,2019,2026
2017,Winter,20,1,20,ARI,Bryse Wilson,236876,SP,Bryse Wilson,ARI BAL,7,2019,2025
2017,Winter,21,1,21,CHC,Jorge Guzmán,257314,SP,Jorge Guzman,CHC,4,2019,2022
2017,Winter,22,1,22,SEA,Daulton Varsho,235861,C,Daulton Varsho,PIT,8,2019,2026
2017,Winter,23,1,23,TEX,Daniel Johnson,499185,OF,Daniel Johnson,TEX,5,2019,2023
2017,Winter,24,1,24,SD,Adolis García,38543,OF,Jose Adolis Garcia,PIT SD,8,2019,2026
2017,Winter,25,1,25,COL,JoJo Romero,49195,SP,Jojo Romero,CLE COL KC,8,2019,2026
2017,Winter,26,1,26,OAK,Jairo Solis,167692,SP,Jairo Solis,OAK TB,5,2019,2023
2017,Winter,27,1,27,DET,Starling Heredia,515005,OF,Starling Heredia,DET,3,2019,2021
2017,Winter,28,1,28,PIT,Yonny Chirinos,187752,SP,Yonny Chirinos,PHI PIT,6,2019,2024
2017,Winter,29,1,29,TB,Willi Castro,242906,SS,Willi Castro,DET MIL TB,8,2019,2026
2017,Winter,30,1,30,WAS,Lázaro Armenteros,195022,OF,Lazaro Armenteros,TB WAS,4,2019,2022
2016,Summer,1,1,1,OAK,Jay Groome,469086,SP,Jason Groome,OAK PIT,9,2017,2025
2016,Summer,2,1,2,SF,Riley Pint,181478,SP,Riley Pint,KC SF,7,2017,2023
2016,Summer,3,1,3,CHW,Mickey Moniak,63327,OF,Mickey Moniak,CHW,10,2017,2026
2016,Summer,4,1,4,PHI,Nick Senzel,124751,3B,Nick Senzel,PHI,10,2017,2026
2016,Summer,5,1,5,NYY,Braxton Garrett,496588,SP,Braxton Garrett,NYY TB,10,2017,2026
2016,Summer,6,1,6,MIN,Ian Anderson,321308,SP,Ian Anderson,MIN,9,2017,2025
2016,Summer,7,1,7,LAA,Matt Manning,331382,SP,Matt Manning,LAA PIT,10,2017,2026
2016,Summer,8,1,8,HOU,Matt Thaiss,20754,C,Matt Thaiss,HOU,10,2017,2026
2016,Summer,9,1,9,WAS,Willie Calhoun,23301,2B,Willie Calhoun,BOS TOR WAS,8,2017,2024
2016,Summer,10,1,10,KC,Blake Rutherford,238886,OF,Blake Rutherford,KC SF,6,2017,2022
2016,Summer,11,1,11,ATL,Josh Lowe,277321,3B,Josh Lowe,ATL COL NYM,10,2017,2026
2016,Summer,12,1,12,ARI,Delvin Pérez,343751,SS,Delvin Perez,ARI SD,8,2017,2024
2016,Summer,13,1,13,DET,Dakota Hudson,353105,SP,Dakota Hudson,ATL DET WAS,9,2017,2025
2016,Summer,14,1,14,MIA,Cody Reed,433633,SP,Cody Reed,MIA,8,2017,2024
2016,Summer,15,1,15,STL,Tyler O'Neill,239578,OF,Tyler O'Neill,HOU STL,10,2017,2026
2016,Summer,16,1,16,CHW,Aledmys Díaz,36821,SS,Aledmys Diaz,ARI CHW TOR,7,2017,2023
2016,Summer,17,1,17,BOS,Chris Shaw,342302,1B,Chris Shaw,BOS,6,2017,2022
2016,Summer,18,1,18,LAD,Harrison Bader,308730,OF,Harrison Bader,CHC LAD MIL TB,10,2017,2026
2016,Summer,19,1,19,OAK,Alex Kirilloff,59667,OF,Alex Kirilloff,OAK,8,2017,2024
2016,Summer,20,1,20,CIN,Forrest Whitley,87084,SP,Forrest Whitley,ATL CIN WAS,9,2017,2025
2016,Summer,21,1,21,ARI,Mitch Keller,508831,SP,Mitch Keller,ARI CHC COL,10,2017,2026
2016,Summer,22,1,22,TB,Ronald Acuña,411947,OF,Ronald Acuna,TB,10,2017,2026
2016,Summer,23,1,23,CLE,Nolan Jones,164976,3B,Nolan Jones,ATL CLE KC,9,2017,2025
2016,Summer,24,1,24,TEX,Chris Paddack,194410,SP,Chris Paddack,TEX,10,2017,2026
2016,Summer,25,1,25,BAL,Will Craig,65225,3B,Will Craig,BAL STL,7,2017,2023
2016,Summer,26,1,26,BAL,Eric Lauer,85607,SP,Eric Lauer,BAL TOR,10,2017,2026
2016,Summer,27,1,27,CLE,Cody Sedlock,104582,SP,Cody Sedlock,CLE,5,2017,2021
2016,Summer,28,1,28,NYM,Gavin Lux,219129,SS,Gavin Lux,CIN NYM STL,10,2017,2026
2016,Summer,29,1,29,CHC,Carter Kieboom,31170,SS,Carter Kieboom,CHC,9,2017,2025
2016,Summer,30,1,30,CHW,T. J. Zeuch,66856,SP,T.J. Zeuch,CHW DET,8,2017,2024
2016,Summer,31,2,1,BAL,Joey Wentz,125079,SP,Joey Wentz,BAL,9,2017,2025
2016,Summer,32,2,2,SF,Christin Stewart,40998,OF,Christin Stewart,SF,8,2017,2024
2016,Summer,33,2,3,CHW,Justin Dunn,448910,SP,Justin Dunn,CHW,8,2017,2024
2016,Summer,34,2,4,CHW,Daniel Mengden,17410,SP,Daniel Mengden,CHW MIL SEA TOR,7,2017,2023
2016,Summer,35,2,5,BAL,Joe Rizzo,212435,3B,Joe Rizzo,BAL MIA,9,2017,2025
2016,Summer,36,2,6,MIN,Will Benson,372645,OF,Will Benson,MIN PHI,10,2017,2026
2016,Summer,37,2,7,LAA,Dane Dunning,411326,SP,Dane Dunning,COL LAA MIL TEX,9,2017,2025
2016,Summer,38,2,8,HOU,Cole Ragans,304657,SP,Cole Ragans,HOU,10,2017,2026
2016,Summer,39,2,9,WAS,Jaime Schultz,218036,SP,Jaime Schultz,LAA WAS,8,2017,2024
2016,Summer,40,2,10,SF,Tyler Mahle,332315,SP,Tyler Mahle,SF,10,2017,2026
2016,Summer,41,2,11,ATL,Hudson Potts,284200,SS,Hudson Potts,ATL MIN,7,2017,2023
2016,Summer,42,2,12,WAS,Josh Ockimey,67261,1B,Josh Ockimey,BAL WAS,6,2017,2022
2016,Summer,43,2,13,DET,Jake Woodford,22854,SP,Jake Woodford,DET,8,2017,2024
2016,Summer,44,2,14,MIA,Sandy Alcántara,407530,SP,Sandy Alcantara,ATL HOU MIA,10,2017,2026
2016,Summer,45,2,15,CHC,Brock Stewart,99931,SP,Brock Stewart,BAL CHC,8,2017,2026
2016,Summer,46,2,16,BAL,Kevin Gowdy,435409,SP,Kevin Gowdy,BAL,4,2017,2020
2016,Summer,47,2,17,BOS,Drew Jackson,147085,SS,Drew Jackson,BOS STL,6,2017,2022
2016,Summer,48,2,18,LAD,Bryan Reynolds,216136,OF,Bryan Reynolds,BAL KC LAD MIL TOR,10,2017,2026
2016,Summer,49,2,19,COL,Ryan Mountcastle,120131,SS,Ryan Mountcastle,COL HOU,10,2017,2026
2016,Summer,50,2,20,CIN,Kyle Muller,338094,SP,Kyle Muller,ATL CIN MIA WAS,9,2017,2025
2016,Summer,51,2,21,CIN,Taylor Trammell,438013,OF,Taylor Trammell,CIN HOU TOR,10,2017,2026
2016,Summer,52,2,22,TB,Marcos Diplán,515635,SP,Marcos Diplan,TB,4,2017,2020
2016,Summer,53,2,23,PIT,Kyle Barraclough,503620,RP,Kyle Barraclough,PIT,5,2017,2021
2016,Summer,54,2,24,TEX,Anthony Banda,93576,SP,Anthony Banda,HOU LAD SEA TEX,8,2017,2026
2016,Summer,55,2,25,SD,Logan Allen,483165,SP,Logan Allen,ATL MIA SD WAS,9,2017,2025
2016,Summer,56,2,26,BOS,Ryan O'Hearn,248064,1B,Ryan O'Hearn,BOS SEA,10,2017,2026
2016,Summer,57,2,27,TB,Juan Hillman,419985,SP,Juan Hillman,TB TEX,7,2017,2023
2016,Summer,58,2,28,NYM,Yu Chang,239073,SS,Yu-Cheng Chang,CLE NYM,7,2017,2023
2016,Summer,59,2,29,CHC,Francisco Rios,512513,SP,Francisco Rios,CHC,4,2017,2020
2016,Summer,60,2,30,TOR,Michael Reed,321855,OF,Buddy Reed,ATL TB TOR,6,2017,2022
2016,Summer,61,3,1,TEX,Akil Baddoo,354002,OF,Akil Baddoo,BOS MIN SEA TEX TOR,10,2017,2026
2016,Summer,62,3,2,SF,Roniel Raudes,450414,SP,Roniel Raudes,SF,6,2017,2022
2016,Summer,63,3,3,CHW,Peter Lambert,232907,SP,Peter Lambert,CHW,9,2017,2025
2016,Summer,64,3,4,PHI,Will Smith,454320,C,Will Smith,PHI,10,2017,2026
2016,Summer,65,3,5,NYY,Zack Burdi,488876,RP,Zack Burdi,NYY,8,2017,2024
2016,Summer,66,3,6,ATL,Anthony Kay,193573,SP,Anthony Kay,ATL MIL WAS,10,2017,2026
2016,Summer,67,3,7,WAS,Ryon Healy,92624,1B,Ryon Healy,SEA TOR WAS,5,2017,2021
2016,Summer,68,3,8,HOU,Daulton Jefferies,55077,SP,Daulton Jeffries,HOU,8,2017,2024
2016,Summer,69,3,9,WAS,Steven Moya,500610,OF,Steven Moya,CIN WAS,9,2017,2025
2016,Summer,70,3,10,KC,Steven Duggar,360961,OF,Steven Duggar,CLE KC,9,2017,2025
2016,Summer,71,3,11,ATL,Anfernee Grier,172058,OF,Anfernee Grier,ATL WAS,9,2017,2025
2016,Summer,72,3,12,TOR,Germán Márquez,372856,SP,German Marquez,ARI TOR,8,2017,2024
2016,Summer,73,3,13,TOR,LaMonte Wade,456805,OF,Lamonte Wade,NYM OAK STL TOR,9,2017,2025
2016,Summer,74,3,14,MIA,Tony Santillan,173369,SP,Antonio Santillan,CLE COL HOU KC MIA,10,2017,2026
2016,Summer,75,3,15,COL,Albert Abreu,172399,SP,Albert Abreu,CLE COL KC MIA MIL,9,2017,2025
2016,Summer,76,3,16,CHW,Cody Ponce,438414,SP,Cody Ponce,CHW MIL MIN TEX TOR,8,2017,2026
2016,Summer,77,3,17,SEA,Joe Jiménez,339285,RP,Joe Jimenez,HOU MIA SEA,9,2017,2026
2016,Summer,78,3,18,ATL,Nick Lodolo,372704,SP,Nick Lodolo,ATL MIL TOR,10,2017,2026
2016,Summer,79,3,19,OAK,Alex Speas,24612,SP,Alex Speas,OAK,8,2017,2024
2016,Summer,80,3,20,NYM,Yandy Díaz,203439,3B,Yandy Diaz,ARI MIA NYM PIT WAS,10,2017,2026
2016,Summer,81,3,21,ARI,Chance Adams,329424,SP,Chance Adams,ARI,6,2017,2022
2016,Summer,82,3,22,TB,Justin Maese,395592,SP,Justin Maese,MIL TB,5,2017,2021
2016,Summer,83,3,23,PIT,Conner Greene,167048,SP,Conner Greene,PIT TOR,4,2017,2020
2016,Summer,84,3,24,ATL,Ben Bowden,15145,SP,Ben Bowden,ATL WAS,9,2017,2025
2016,Summer,85,3,25,PHI,Chad Kuhl,166216,SP,Chad Kuhl,MIL MIN PHI,6,2017,2022
2016,Summer,86,3,26,MIL,Drew Mendoza,287477,3B,Drew Mendoza,BAL MIL,6,2017,2022
2016,Summer,87,3,27,LAD,Bo Bichette,472383,2B,Bo Bichette,LAD,10,2017,2026
2016,Summer,88,3,28,NYM,Ángel Perdomo,113932,SP,Angel Perdomo,CHW NYM,10,2017,2026
2016,Summer,89,3,29,CHC,Lucas Erceg,22974,3B,Lucas Erceg,CHC CLE KC,9,2017,2026
2016,Summer,90,3,30,CHW,Andrew Stevenson,86922,OF,Andrew Stevenson,CHW MIL TEX,10,2017,2026
2016,Summer,91,4,1,ARI,Carson Kelly,117238,C,Carson Kelly,ARI BOS SF,10,2017,2026
2016,Summer,92,4,2,SF,Sócrates Brito,167602,OF,Socrates Brito,SF,7,2017,2023
2016,Summer,93,4,3,CHW,Brett Martin,290856,SP,Brett Martin,CHW,8,2017,2024
2016,Summer,94,4,4,TEX,Anderson Franco,479482,3B,Anderson Franco,KC TEX,3,2017,2019
2016,Summer,95,4,5,TB,Kevin Padlo,306194,3B,Kevin Padlo,PIT TB,7,2017,2023
2016,Summer,96,4,6,MIN,C. J. Chatham,86116,SS,C.J. Chatham,MIA MIN,7,2017,2023
2016,Summer,97,4,7,PIT,Andy Yerzy,370334,C,Andrew Yerzy,PIT,9,2017,2025
2016,Summer,98,4,8,HOU,(forfeited),,,,,,,
2016,Summer,99,4,9,WAS,JaCoby Jones,222970,SS,JaCoby Jones,CIN WAS,6,2017,2022
2016,Summer,100,4,10,PIT,Patrick Weigel,264088,SP,Patrick Weigel,PIT,7,2017,2023
2016,Summer,101,4,11,ATL,Keegan Akin,497794,SP,Keegan Akin,ATL CLE KC LAA TOR,10,2017,2026
2016,Summer,102,4,12,TOR,Yeudy García,171851,SP,Yeudy Garcia,SF TOR,5,2017,2021
2016,Summer,103,4,13,ARI,Chad Green,360928,SP,Chad Green,ARI ATL MIA WAS,10,2017,2026
2016,Summer,104,4,14,MIA,Matt Hall,2948,SP,Matt Hall,MIA PIT,6,2017,2022
2016,Summer,105,4,15,COL,Max Schrock,391517,2B,Max Schrock,COL HOU,8,2017,2024
2016,Summer,106,4,16,COL,Steven Brault,310210,SP,Steven Brault,COL HOU,6,2017,2022
2016,Summer,107,4,17,BOS,Tyler White,427138,1B,Tyler White,BOS CLE TEX,5,2017,2021
2016,Summer,108,4,18,CLE,Cole Stobbe,186192,3B,Cole Stobbe,CLE MIA,6,2017,2022
2016,Summer,109,4,19,COL,Luis Alejandro Basabe,208579,2B,Luis Alejandro Basabe,COL HOU,6,2017,2022
2016,Summer,110,4,20,TB,Felipe Vázquez,157745,RP,Felipe Rivero,COL NYM TB TEX,6,2017,2022
2016,Summer,111,4,21,DET,Zeek White,244461,OF,Isaiah White,DET MIN PHI,4,2017,2020
2016,Summer,112,4,22,KC,Josh Sborz,51170,SP,Josh Sborz,KC MIL TEX,10,2017,2026
2016,Summer,113,4,23,PIT,Dietrich Enns,463676,SP,Dietrich Enns,LAA PIT WAS,9,2017,2026
2016,Summer,114,4,24,MIL,Robert Gsellman,105941,SP,Robert Gsellman,KC MIA MIL,5,2017,2021
2016,Summer,115,4,25,SD,J. D. Davis,426578,3B,J.D. Davis,ATL SD,8,2017,2024
2016,Summer,116,4,26,PIT,Dylan Cozens,200548,OF,Dylan Cozens,LAA PIT,8,2017,2024
2016,Summer,117,4,27,LAD,Nick Neidert,451882,SP,Nick Neidert,LAD MIL,7,2017,2023
2016,Summer,118,4,28,MIL,John Gant,131012,SP,John Gant,MIL MIN PIT,6,2017,2022
2016,Summer,119,4,29,CHC,Jared Horn,479957,SP,Jared Horn,CHC,5,2017,2021
2016,Summer,120,4,30,PHI,Nate Orf,206791,2B,Nate Orf,PHI,6,2017,2022
2016,Winter,1,1,1,PHI,Thomas Szapucki,184877,SP,Thomas Szapucki,KC NYM PHI,8,2018,2025
2016,Winter,2,1,2,KC,Vladimir Guerrero,333303,3B,Vladimir Guerrero Jr.,CLE KC LAD,9,2018,2026
2016,Winter,3,1,3,ARI,Yadier Álvarez,281596,SP,Yadier Alvarez,ARI,3,2018,2020
2016,Winter,4,1,4,SF,Sixto Sánchez,68883,SP,Sixto Sanchez,SF,9,2018,2026
2016,Winter,5,1,5,WAS,Jahmai Jones,391931,OF,Jahmai Jones,ATL HOU NYM WAS,9,2018,2026
2016,Winter,6,1,6,HOU,Greg Allen,485513,OF,Greg Allen,HOU NYY,8,2018,2025
2016,Winter,7,1,7,CLE,Mauricio Dubón,443201,SS,Mauricio Dubon,CLE MIN WAS,9,2018,2026
2016,Winter,8,1,8,LAA,DJ Peters,187280,OF,D.J. Peters,LAA,8,2018,2025
2016,Winter,9,1,9,ATL,Juan Soto,459148,OF,Juan Soto,ATL DET WAS,9,2018,2026
2016,Winter,10,1,10,MIL,Jazz Chisholm,489433,SS,Jasrado Chisholm,MIL STL,9,2018,2026
2016,Winter,11,1,11,BOS,Trevor Clifton,368369,SP,Trevor Clifton,BOS,6,2018,2023
2016,Winter,12,1,12,CHW,Matt Strahm,349834,SP,Matt Strahm,CHW CLE KC TOR,9,2018,2026
2016,Winter,13,1,13,DET,Yusniel Díaz,56523,OF,Yusniel Diaz,DET MIA,9,2018,2026
2016,Winter,14,1,14,LAD,Andrew Toles,87326,OF,Andrew Toles,LAD,5,2018,2022
2016,Winter,15,1,15,TOR,Jesús Sánchez,476736,OF,Jesus Sanchez,CLE KC TOR,9,2018,2026
2016,Winter,16,1,16,CHC,Brandon Woodruff,162499,SP,Brandon Woodruff,CHC KC LAA,9,2018,2026
2016,Winter,17,1,17,NYY,A. J. Minter,58701,RP,A.J. Minter,NYY SF,9,2018,2026
2016,Winter,18,1,18,MIA,Leody Taveras,412445,OF,Leody Taveras,LAD MIA MIL,9,2018,2026
2016,Winter,19,1,19,TB,Fernando Romero,473834,SP,Fernando Romero,TB,5,2018,2022
2016,Winter,20,1,20,SD,Ryan Castellani,127776,SP,Ryan Castellani,SD,7,2018,2024
2016,Winter,21,1,21,TEX,Mitch White,435062,SP,Mitch White,SEA TEX TOR,9,2018,2026
2016,Winter,22,1,22,CIN,Keibert Ruiz,436063,C,Keibert Ruiz,ATL CIN COL,9,2018,2026
2016,Winter,23,1,23,MIN,Lewin Díaz,89204,1B,Lewin Diaz,MIN,6,2018,2023
2016,Winter,24,1,24,OAK,Andrew Moore,454074,SP,Andrew Moore,OAK,3,2018,2020
2016,Winter,25,1,25,NYM,Josh Staumont,399925,SP,Josh Staumont,NYM,6,2018,2023
2016,Winter,26,1,26,COL,Luis Alexander Basabe,154945,OF,Luis Alexander Basabe,COL OAK,5,2018,2022
2016,Winter,27,1,27,BAL,José Albertos,396171,SP,Jose Albertos,BAL KC PIT,6,2018,2023
2016,Winter,28,1,28,PIT,Ramón Laureano,21637,OF,Ramon Laureano,DET MIA PIT SEA,9,2018,2026
2016,Winter,29,1,29,SEA,Andy Ibáñez,455152,2B,Andy Ibanez,MIA PIT SEA,9,2018,2026
2016,Winter,30,1,30,STL,Desmond Lindsay,107143,OF,Desmond Lindsay,STL,5,2018,2022
2015,Summer,1,1,1,TB,Brendan Rodgers,134442,SS,Brendan Rodgers,SEA TB,10,2016,2025
2015,Summer,2,1,2,LAD,Brent Honeywell,419335,SP,Brent Honeywell,LAD,8,2016,2023
2015,Summer,3,1,3,CLE,Daz Cameron,448824,OF,Daz Cameron,CLE COL DET MIA TOR,8,2016,2025
2015,Summer,4,1,4,TB,José De León,80692,SP,Jose De Leon,CIN TB,9,2016,2024
2015,Summer,5,1,5,MIN,Dillon Tate,472810,SP,Dillon Tate,MIN PHI,11,2016,2026
2015,Summer,6,1,6,PHI,Jon Harris,324614,SP,Jon Harris,CHC PHI TOR,5,2016,2020
2015,Summer,7,1,7,LAA,Kyle Tucker,441952,OF,Kyle Tucker,LAA,11,2016,2026
2015,Summer,8,1,8,SF,Kolby Allard,60227,SP,Kolby Allard,CHW CLE SF,11,2016,2026
2015,Summer,9,1,9,TB,Alec Hansen,153385,SP,Alec Hansen,TB,6,2016,2021
2015,Summer,10,1,10,TEX,Austin Barnes,389718,C,Austin Barnes,SD TEX TOR,9,2016,2025
2015,Summer,11,1,11,TB,A. J. Puk,378304,SP,A.J. Puk,DET TB,11,2016,2026
2015,Summer,12,1,12,DET,Jomar Reyes,448228,3B,Jomar Reyes,DET,6,2016,2021
2015,Summer,13,1,13,WAS,Andrew Benintendi,92533,OF,Andrew Benintendi,COL MIA WAS,11,2016,2026
2015,Summer,14,1,14,BOS,Garrett Whitley,341912,OF,Garrett Whitley,BOS,8,2016,2023
2015,Summer,15,1,15,NYY,Ashe Russell,208075,SP,Ashe Russell,NYY,6,2016,2021
2015,Summer,16,1,16,MIA,Anthony DeSclafani,61227,SP,Anthony DeSclafani,CIN MIA MIL,9,2016,2024
2015,Summer,17,1,17,KC,Robert Tyler,440116,SP,Robert Tyler,KC,5,2016,2020
2015,Summer,18,1,18,TOR,Mike Nikorak,454218,SP,Mike Nikorak,KC TOR,4,2016,2019
2015,Summer,19,1,19,COL,Cornelius Randolph,328513,3B,Cornelius Randolph,CLE COL,7,2016,2022
2015,Summer,20,1,20,TEX,Amir Garrett,308549,SP,Amir Garrett,CHW DET TEX,9,2016,2024
2015,Summer,21,1,21,TOR,JJ Schwarz,303868,C,J.J. Schwarz,CHC TOR,4,2016,2019
2015,Summer,22,1,22,SD,Javy Guerra,237039,SS,Javier Guerra,SD,9,2016,2024
2015,Summer,23,1,23,CLE,(forfeited),,,,,,,
2015,Summer,24,1,24,CHC,Tyler Jay,453497,SP,Tyler Jay,CHC,5,2016,2020
2015,Summer,25,1,25,ARI,Magneuris Sierra,211365,OF,Magneuris Sierra,ARI TEX,8,2016,2023
2015,Summer,26,1,26,TOR,Ruddy Giron,510122,SS,Ruddy Giron,HOU KC TOR,7,2016,2022
2015,Summer,27,1,27,HOU,Tyler Stephenson,217605,C,Tyler Stephenson,HOU MIL NYM TEX,11,2016,2026
2015,Summer,28,1,28,TB,Kevin Newman,509262,SS,Kevin Newman,COL MIL OAK TB,9,2016,2024
2015,Summer,29,1,29,TOR,Ryan Cordell,160648,OF,Ryan Cordell,ATL SD TOR,6,2016,2021
2015,Summer,30,1,30,OAK,Connor Jones,278020,SP,Connor Jones,OAK,7,2016,2022
2015,Summer,31,2,1,STL,Scott Blewett,319032,SP,Scott Blewett,BOS NYM STL,7,2016,2022
2015,Summer,32,2,2,TOR,Matt Boyd,28581,SP,Matt Boyd,ATL TOR WAS,11,2016,2026
2015,Summer,33,2,3,CHW,Raisel Iglesias,177742,SP,Raisel Iglesias,CHC CHW COL NYM,11,2016,2026
2015,Summer,34,2,4,ATL,Jalen Miller,115333,SS,Jalen Miller,ATL WAS,10,2016,2025
2015,Summer,35,2,5,PHI,Scott Kingery,156648,2B,Scott Kingery,PHI,11,2016,2026
2015,Summer,36,2,6,TEX,Alex Verdugo,253793,OF,Alex Verdugo,TEX,10,2016,2025
2015,Summer,37,2,7,COL,Anthony Alford,380707,OF,Anthony Alford,CHC COL MIA TEX,8,2016,2023
2015,Summer,38,2,8,SF,Trent Grisham,361138,OF,Trenton Clark,BOS SF,11,2016,2026
2015,Summer,39,2,9,TB,Nick Banks,65303,OF,Nick Banks,CHC TB,6,2016,2021
2015,Summer,40,2,10,HOU,Josh Naylor,404494,1B,Josh Naylor,HOU TOR,11,2016,2026
2015,Summer,41,2,11,TOR,Carson Smith,352348,RP,Carson Smith,MIA TOR,5,2016,2020
2015,Summer,42,2,12,ARI,Josh Morgan,23768,SS,Josh Morgan,ARI,5,2016,2020
2015,Summer,43,2,13,WAS,Kendall Graveman,252299,SP,Kendall Graveman,ATL SEA WAS,8,2016,2023
2015,Summer,44,2,14,BOS,Jacob Nottingham,395339,C,Jacob Nottingham,BOS,11,2016,2026
2015,Summer,45,2,15,PIT,Matt Duffy,119273,3B,Matt Duffy,BOS DET KC MIA MIL PIT TB TOR,8,2016,2023
2015,Summer,46,2,16,MIA,Billy Burns,99945,OF,Billy Burns,MIA,3,2016,2018
2015,Summer,47,2,17,KC,Chris Okey,421465,C,Chris Okey,KC,8,2016,2023
2015,Summer,48,2,18,PIT,Jacob Lindgren,299387,RP,Jacob Lindgren,KC PIT,7,2016,2022
2015,Summer,49,2,19,CIN,Beau Burrows,309883,SP,Beau Burrows,CIN CLE NYM TOR,7,2016,2022
2015,Summer,50,2,20,STL,Casey Meisner,161925,SP,Casey Meisner,STL,6,2016,2021
2015,Summer,51,2,21,NYM,Dustin Peterson,106084,OF,Dustin Peterson,BAL MIA MIL NYM,10,2016,2025
2015,Summer,52,2,22,CHC,Zack Collins,301728,C,Zack Collins,CHC DET,8,2016,2023
2015,Summer,53,2,23,DET,Jairo Labourt,153990,SP,Jairo Labourt,DET,3,2016,2018
2015,Summer,54,2,24,CHC,Alex Lange,67802,SP,Alex Lange,CHC,11,2016,2026
2015,Summer,55,2,25,ARI,Eloy Jiménez,113523,OF,Eloy Jimenez,ARI OAK SD TOR,11,2016,2026
2015,Summer,56,2,26,SEA,Willy García,33969,OF,Willy Garcia,CLE SEA,5,2016,2020
2015,Summer,57,2,27,COL,Carlos Tocci,336032,OF,Carlos Tocci,COL MIA,10,2016,2025
2015,Summer,58,2,28,LAD,Ariel Jurado,118870,SP,Ariel Jurado,BAL LAD WAS,9,2016,2024
2015,Summer,59,2,29,NYM,Jakson Reetz,233969,C,Jakson Reetz,ATL NYM WAS,10,2016,2025
2015,Summer,60,2,30,OAK,Nick Plummer,59154,OF,Nick Plummer,OAK,8,2016,2023
2015,Summer,61,3,1,STL,Sam Travis,246315,1B,Sam Travis,LAA STL,9,2016,2024
2015,Summer,62,3,2,LAD,Willson Contreras,56673,C,Willson Contreras,BAL CHW LAD,11,2016,2026
2015,Summer,63,3,3,TEX,Michael Reed,378821,OF,Michael Reed,MIA SEA TEX,7,2016,2022
2015,Summer,64,3,4,PIT,Mark Zagunis,136095,OF,Mark Zagunis,MIA PIT SD,9,2016,2024
2015,Summer,65,3,5,MIN,Bobby Dalbec,427668,3B,Bobby Dalbec,MIL MIN PIT,10,2016,2025
2015,Summer,66,3,6,TEX,Miguel Andújar,51774,3B,Miguel Andujar,TEX TOR,11,2016,2026
2015,Summer,67,3,7,NYM,Yeyson Yrizarri,186648,SS,Yeyson Yrizarri,MIA MIL NYM,7,2016,2022
2015,Summer,68,3,8,SF,Antonio Senzatela,106773,SP,Antonio Senzatela,SF,9,2016,2024
2015,Summer,69,3,9,DET,Chih-Wei Hu,134723,SP,Chih-Wei Hu,DET,6,2016,2021
2015,Summer,70,3,10,DET,Brian Anderson,60675,3B,Brian Anderson,CHW DET NYM,11,2009,2023
2015,Summer,71,3,11,STL,Zach Davies,365400,SP,Zach Davies,STL,7,2016,2022
2015,Summer,72,3,12,DET,Chris Betts,298610,C,Chris Betts,DET,8,2016,2023
2015,Summer,73,3,13,WAS,Chris Ellis,105174,SP,Christopher Ellis,WAS,4,2016,2019
2015,Summer,74,3,14,BOS,Cody Bellinger,101763,1B,Cody Bellinger,BOS DET PIT,11,2016,2026
2015,Summer,75,3,15,NYY,Justin Hooper,241533,SP,Justin Hooper,NYY,6,2016,2021
2015,Summer,76,3,16,MIA,Kyle Waldrop,457590,OF,Kyle Waldrop,LAD MIA,4,2016,2019
2015,Summer,77,3,17,LAD,Alfredo Escalera-Maldonado,476959,OF,Alfredo Escalera-Maldonado,LAD,3,2016,2018
2015,Summer,78,3,18,PIT,Adam Plutko,95492,SP,Adam Plutko,MIL PHI PIT,10,2016,2025
2015,Summer,79,3,19,CIN,Jordan Sheffield,460243,SP,Jordan Sheffield,ARI CIN,8,2016,2023
2015,Summer,80,3,20,TB,Corey Ray,166009,OF,Corey Ray,SD TB,9,2016,2024
2015,Summer,81,3,21,NYM,Micker Adolfo,468345,OF,Micker Adolfo,CHW HOU NYM TOR,8,2016,2023
2015,Summer,82,3,22,SD,Wuilmer Becerra,160743,OF,Wuilmer Becerra,MIN SD,4,2016,2019
2015,Summer,83,3,23,MIL,Donnie Dewees,441432,OF,Donnie Dewees,MIL,6,2016,2021
2015,Summer,84,3,24,CHC,Cal Quantrill,455668,SP,Cal Quantrill,CHC,9,2016,2024
2015,Summer,85,3,25,PIT,Jake Faria,62846,SP,Jacob Faria,COL HOU MIL PIT,7,2016,2022
2015,Summer,86,3,26,SEA,Colin Rea,304530,SP,Colin Rea,KC MIL SEA,5,2016,2024
2015,Summer,87,3,27,OAK,Matt Crohan,490125,SP,Matt Crohan,OAK,5,2016,2020
2015,Summer,88,3,28,STL,Jose Pujols,91664,OF,Jose Pujols,STL,5,2016,2020
2015,Summer,89,3,29,NYM,Justin Williams,69872,OF,Justin Williams,NYM PIT SF,7,2016,2022
2015,Summer,90,3,30,BAL,Matt Krook,311385,SP,Matt Krook,ATL BAL WAS,10,2016,2025
2015,Summer,91,4,1,MIL,Logan Shore,359704,SP,Logan Shore,MIL TB,7,2016,2022
2015,Summer,92,4,2,NYY,Ender Inciarte,279634,OF,Ender Inciarte,CHW NYY SD,7,2016,2022
2015,Summer,93,4,3,TEX,Blake Treinen,106058,SP,Blake Treinen,NYM PHI TEX,11,2016,2026
2015,Summer,94,4,4,MIL,Brock Dykxhoorn,177617,SP,Brock Dykxhoorn,MIL,5,2016,2020
2015,Summer,95,4,5,MIN,Brendan McKay,61199,SP,Brendan McKay,MIN,11,2016,2026
2015,Summer,96,4,6,PHI,Tyler Nevin,121531,3B,Tyler Nevin,CLE KC PHI,10,2016,2025
2015,Summer,97,4,7,COL,Wendell Rijo,418149,SS,Wendell Rijo,COL NYM SF,3,2016,2018
2015,Summer,98,4,8,NYM,Ke'Bryan Hayes,117408,3B,Ke'Bryan Hayes,NYM OAK,11,2016,2026
2015,Summer,99,4,9,LAD,Jason Martin,370427,OF,Jason Martin,LAD,10,2016,2025
2015,Summer,100,4,10,COL,Jorge López,136257,SP,Jorge Lopez,CLE COL KC,10,2016,2025
2015,Summer,101,4,11,TB,Cody Anderson,50986,SP,Cody Anderson,BOS CHW TB,7,2016,2022
2015,Summer,102,4,12,ARI,Franklyn Kilome,139350,SP,Franklyn Kilome,ARI MIL SD TOR,9,2016,2024
2015,Summer,103,4,13,WAS,Francis Martes,191635,SP,Francis Martes,CLE TOR WAS,7,2016,2022
2015,Summer,104,4,14,DET,Nick Longhi,168894,OF,Nick Longhi,DET,6,2016,2021
2015,Summer,105,4,15,NYM,Richie Martin,257085,SS,Richie Martin,MIL NYM SEA TOR,7,2016,2022
2015,Summer,106,4,16,MIA,Trey Mancini,337948,1B,Trey Mancini,MIA NYM SD,9,2016,2024
2015,Summer,107,4,17,MIN,Pavin Smith,224526,1B,Pavin Smith,KC MIN SEA,11,2016,2026
2015,Summer,108,4,18,WAS,Jordan Patterson,91447,OF,Jordan Patterson,NYY WAS,7,2016,2022
2015,Summer,109,4,19,CIN,Zach Jackson,83752,SP,Zack Jackson,CIN,11,2016,2026
2015,Summer,110,4,20,CHC,Tanner Houck,136952,SP,Tanner Houck,CHC,11,2016,2026
2015,Summer,111,4,21,NYY,Harrison Musgrave,447221,SP,Harrison Musgrave,NYY,6,2016,2021
2015,Summer,112,4,22,PIT,Keone Kela,365034,RP,Keone Kela,CHW PIT SEA,9,2016,2024
2015,Summer,113,4,23,BAL,K. J. Harrison,197115,C,K.J. Harrison,BAL PIT,8,2016,2023
2015,Summer,114,4,24,OAK,Jeren Kendall,326688,OF,Jeren Kendall,OAK,3,2016,2018
2015,Summer,115,4,25,SD,Aaron Altherr,452251,OF,Aaron Altherr,MIN PHI SD,6,2016,2021
2015,Summer,116,4,26,MIL,Griffin Canning,41647,SP,Griffin Canning,ARI ATL LAA MIL,11,2016,2026
2015,Summer,117,4,27,MIL,Taylor Ward,463853,C,Taylor Ward,ATL HOU LAD MIL PIT,11,2016,2026
2015,Summer,118,4,28,MIL,Demi Orimoloye,378579,OF,Demi Orimoloye,ATL MIL STL,7,2016,2022
2015,Summer,119,4,29,SD,Rowdy Tellez,463216,1B,Rowdy Tellez,MIL SD SF,9,2016,2024
2015,Summer,120,4,30,BAL,Kyle Lewis,279352,OF,Kyle Lewis,BAL BOS NYM WAS,10,2016,2025
2015,Winter,1,1,1,BAL,Yoán Moncada,326397,2B,Yoan Moncada,ATL BAL NYM,10,2017,2026
2015,Winter,2,1,2,SF,Anderson Espinoza,313241,SP,Anderson Espinoza,SF,8,2017,2024
2015,Winter,3,1,3,CHW,Víctor Robles,376908,OF,Victor Robles,CHW,10,2017,2026
2015,Winter,4,1,4,PHI,Austin Gomber,19764,SP,Austin Gomber,ATL PHI TOR WAS,9,2017,2025
2015,Winter,5,1,5,NYY,Odúbel Herrera,404219,OF,Odubel Herrera,CIN DET MIL NYM NYY WAS,8,2017,2024
2015,Winter,6,1,6,MIN,Michael Soroka,300632,SP,Mike Soroka,MIN,10,2017,2026
2015,Winter,7,1,7,LAA,Silvino Bracho,209802,SP,Silvino Bracho,LAA,5,2017,2021
2015,Winter,8,1,8,HOU,Roberto Baldoquín,19789,2B,Roberto Baldoquin,HOU,6,2017,2022
2015,Winter,9,1,9,WAS,Cody Reed,278146,SP,Cody Reed,HOU KC WAS,7,2017,2023
2015,Winter,10,1,10,KC,Austin Riley,314738,3B,Austin Riley,HOU KC,10,2017,2026
2015,Winter,11,1,11,ATL,Kyle Holder,57306,SS,Kyle Holder,ATL WAS,9,2017,2025
2015,Winter,12,1,12,MIL,Lazaro Leyva,224459,SP,Lazaro Leyva,MIL,2,2017,2018
2015,Winter,13,1,13,DET,Mychal Givens,451151,RP,Mychal Givens,DET OAK SD,8,2017,2024
2015,Winter,14,1,14,MIA,Isan Díaz,274619,SS,Isan Diaz,CLE KC MIA,9,2017,2025
2015,Winter,15,1,15,COL,David Paulino,270119,SP,David Paulino,COL,6,2017,2022
2015,Winter,16,1,16,STL,Jharel Cotton,211149,SP,Jharel Cotton,STL,9,2017,2025
2015,Winter,17,1,17,BOS,Triston McKenzie,101548,SP,Triston McKenzie,BOS NYM PIT TB WAS,9,2017,2025
2015,Winter,18,1,18,LAD,Mike Clevinger,75534,SP,Mike Clevinger,LAD PIT,8,2017,2024
2015,Winter,19,1,19,OAK,Andrew Knapp,424976,C,Andrew Knapp,OAK,7,2017,2023
2015,Winter,20,1,20,CIN,Rhys Hoskins,507969,1B,Rhys Hoskins,CIN CLE DET KC TOR,10,2017,2026
2015,Winter,21,1,21,ARI,Adrian Rondon,36205,SS,Adrian Rondon,ARI MIL,2,2017,2018
2015,Winter,22,1,22,TB,Oscar De La Cruz,271104,SP,Oscar De La Cruz,PIT TB,5,2017,2021
2015,Winter,23,1,23,PIT,Stone Garrett,511703,OF,Stone Garrett,PIT SF,9,2017,2025
2015,Winter,24,1,24,TEX,Paul DeJong,457858,3B,Paul DeJong,HOU KC TEX,10,2017,2026
2015,Winter,25,1,25,SD,Domingo Acevedo,463810,SP,Domingo Acevedo,KC PHI SD,10,2017,2026
2015,Winter,26,1,26,SEA,Dom Nuñez,91922,C,Dom Nunez,SEA,7,2017,2023
2015,Winter,27,1,27,CLE,Wilkerman Garcia,326039,SS,Wilkerman Garcia,ATL BAL CLE WAS,9,2017,2025
2015,Winter,28,1,28,NYM,Junior Fernández,40666,SP,Junior Fernandez,NYM PHI,9,2017,2025
2015,Winter,29,1,29,CHC,Franklin Pérez,337518,SP,Franklin Perez,CHC,6,2017,2022
2015,Winter,30,1,30,TOR,Yairo Muñoz,449051,SS,Yairo Munoz,MIA SEA TB TOR,9,2017,2025
2014,Summer,1,1,1,LAA,Brady Aiken,2820,SP,Brady Aiken,LAA PIT,7,2015,2021
2014,Summer,2,1,2,TB,Tyler Kolek,285637,SP,Tyler Kolek,PHI TB,7,2015,2021
2014,Summer,3,1,3,LAA,Alex Jackson,16505,C,Alex Jackson,LAA PIT SF,11,2015,2025
2014,Summer,4,1,4,BOS,Roenis Elías,187057,SP,Roenis Elias,BOS,8,2015,2022
2014,Summer,5,1,5,TEX,Nick Gordon,456356,SS,Nick Gordon,HOU PIT TEX,12,2015,2026
2014,Summer,6,1,6,MIA,Ben Lively,262520,SP,Ben Lively,CLE MIA STL,10,2015,2026
2014,Summer,7,1,7,SD,Kyle Freeland,261307,SP,Kyle Freeland,BAL MIN SD,10,2015,2026
2014,Summer,8,1,8,MIN,Michael Conforto,280501,OF,Michael Conforto,CHW MIN SD SF,12,2015,2026
2014,Summer,9,1,9,OAK,Touki Toussaint,144535,SP,Touki Toussaint,OAK,10,2015,2024
2014,Summer,10,1,10,SEA,Chad Pinder,213485,2B,Chad Pinder,BAL DET SEA,9,2015,2023
2014,Summer,11,1,11,PIT,Nolan Fontana,358146,SS,Nolan Fontana,CLE PIT,7,2015,2021
2014,Summer,12,1,12,TB,Grant Holmes,394510,SP,Grant Holmes,DET NYM SEA TB,10,2015,2026
2014,Summer,13,1,13,LAD,Jake Lamb,84902,3B,Jake Lamb,LAD,6,2015,2020
2014,Summer,14,1,14,TOR,Michael Chavis,216838,SS,Michael Chavis,ATL HOU TEX TOR,9,2015,2023
2014,Summer,15,1,15,TB,Michael Matuella,488916,SP,Michael Matuella,MIL TB,7,2015,2021
2014,Summer,16,1,16,DET,Braxton Davidson,16215,1B,Braxton Davidson,DET,7,2015,2021
2014,Summer,17,1,17,CHC,Brandon Finnegan,169507,SP,Brandon Finnegan,CHC,6,2015,2020
2014,Summer,18,1,18,LAD,Casey Gillaspie,370189,1B,Casey Gillaspie,LAD MIL,5,2015,2019
2014,Summer,19,1,19,HOU,(forfeited),,,,,,,
2014,Summer,20,1,20,STL,Jake Gatewood,66237,SS,Jacob Gatewood,STL,9,2015,2023
2014,Summer,21,1,21,ARI,Nathan Kirby,35657,SP,Nathan Kirby,ARI,5,2015,2019
2014,Summer,22,1,22,HOU,Spencer Adams,318391,SP,Spencer Adams,HOU,8,2015,2022
2014,Summer,23,1,23,CHC,Carson Fulmer,478430,SP,Carson Fulmer,CHC PHI TEX,9,2015,2023
2014,Summer,24,1,24,OAK,Luis Ortiz,129295,SP,Luis Ortiz,OAK,8,2015,2022
2014,Summer,25,1,25,COL,Teoscar Hernández,433291,OF,Teoscar Hernandez,BOS COL NYM SEA TOR,12,2015,2026
2014,Summer,26,1,26,NYM,Foster Griffin,386737,SP,Foster Griffin,NYM,11,2015,2026
2014,Summer,27,1,27,NYY,A. J. Reed,322093,1B,A.J. Reed,NYY,7,2015,2021
2014,Summer,28,1,28,HOU,Erick Fedde,149143,SP,Erick Fedde,HOU TEX,11,2015,2025
2014,Summer,29,1,29,ATL,Derek Hill,423398,OF,Derek Hill,ATL CIN MIA NYM TEX,12,2015,2026
2014,Summer,30,1,30,WAS,Rob Refsnyder,17746,2B,Robert Refsnyder,KC MIL NYM PHI WAS,12,2015,2026
2014,Summer,31,2,1,TOR,Christian Binford,460440,SP,Christian Binford,ATL TOR,4,2015,2018
2014,Summer,32,2,2,ATL,Sean Reid-Foley,337167,SP,Sean Reid-Foley,ATL DET SEA,9,2015,2024
2014,Summer,33,2,3,ATL,Luiz Gohara,69407,SP,Luiz Gohara,ATL LAD,8,2015,2022
2014,Summer,34,2,4,BOS,Steven Souza,214217,OF,Steven Souza Jr.,BOS CHW CIN,6,2015,2020
2014,Summer,35,2,5,PIT,Frankie Montas,335338,SP,Francellis Montas,CHW DET MIL NYM PIT TOR,10,2015,2024
2014,Summer,36,2,6,MIA,Dalton Pompey,501445,OF,Dalton Pompey,MIA,8,2015,2022
2014,Summer,37,2,7,SD,Luis Severino,463898,SP,Luis Severino,DET MIL SD TB WAS,12,2015,2026
2014,Summer,38,2,8,SD,Franklin Barreto,418264,SS,Franklin Barreto,MIN SD SEA WAS,8,2015,2022
2014,Summer,39,2,9,SF,Brandon Drury,164039,3B,Brandon Drury,SD SF TB,11,2015,2025
2014,Summer,40,2,10,TOR,Miguel Castro,25712,SP,Miguel Castro,LAA MIA TOR,11,2015,2025
2014,Summer,41,2,11,PIT,Dariel Álvarez,403485,OF,Dariel Alvarez,CHC MIL PIT,5,2015,2019
2014,Summer,42,2,12,PHI,James McCann,288032,C,James McCann,COL MIL PHI TEX TOR,11,2015,2025
2014,Summer,43,2,13,SF,Matt Olson,430693,1B,Matt Olson,SF STL,12,2015,2026
2014,Summer,44,2,14,TOR,Forrest Wall,31529,2B,Forrest Wall,ATL MIL TOR,7,2015,2021
2014,Summer,45,2,15,NYY,Monte Harrison,79038,OF,Monte Harrison,COL NYY,9,2015,2023
2014,Summer,46,2,16,DET,Manuel Margot,349281,OF,Manuel Margot,DET LAA PIT TEX,12,2015,2026
2014,Summer,47,2,17,CIN,Michael Kopech,514692,SP,Michael Kopech,CIN DET NYM WAS,12,2015,2026
2014,Summer,48,2,18,SF,Gabriel Guerrero,289681,OF,Gabriel Guerrero,KC SF,5,2015,2019
2014,Summer,49,2,19,KC,Ian Happ,411589,2B,Ian Happ,COL KC MIL MIN STL,12,2015,2026
2014,Summer,50,2,20,TEX,Michael Lorenzen,56179,SP,Michael Lorenzen,DET MIL NYY SEA TEX,12,2015,2026
2014,Summer,51,2,21,ARI,Lewis Thorpe,291516,SP,Lewis Thorpe,ARI,8,2015,2022
2014,Summer,52,2,22,PHI,Brett Graves,397798,SP,Brett Graves,PHI,7,2015,2021
2014,Summer,53,2,23,NYM,Danny Santana,239683,SS,Danny Santana,MIA NYM STL,10,2015,2024
2014,Summer,54,2,24,OAK,Michael Taylor,258474,OF,Michael A. Taylor,COL OAK,12,2015,2026
2014,Summer,55,2,25,PHI,Ti'Quan Forbes,7963,SS,Ti'quan Forbes,KC MIA NYM PHI STL,9,2015,2023
2014,Summer,56,2,26,HOU,Liam Sabino,151675,SS,Liam Sabino,HOU,8,2015,2022
2014,Summer,57,2,27,PIT,Ryan Rua,285233,3B,Ryan Rua,PIT SF,6,2015,2020
2014,Summer,58,2,28,OAK,Kyle Funkhouser,20532,SP,Kyle Funkhouser,OAK,9,2015,2023
2014,Summer,59,2,29,BAL,Riley Ferrell,204149,SP,Riley Ferrell,BAL,6,2015,2020
2014,Summer,60,2,30,MIN,DJ Stewart,286075,OF,D.J. Stewart,CHC LAA MIA MIN,10,2015,2024
2014,Summer,61,3,1,TB,Keegan Thompson,67073,SP,Keegan Thompson,BAL TB,12,2015,2026
2014,Summer,62,3,2,DET,Walker Buehler,315683,SP,Walker Buehler,CHC DET TOR,11,2015,2025
2014,Summer,63,3,3,BAL,Kodi Medeiros,233575,SP,Kodi Medeiros,BAL NYM,6,2015,2020
2014,Summer,64,3,4,BOS,Aaron Blair,139427,SP,Aaron Blair,BOS CIN TOR,11,2015,2025
2014,Summer,65,3,5,NYM,Sergio Alcántara,349237,SS,Sergio Alcantara,ARI NYM,10,2015,2024
2014,Summer,66,3,6,MIA,(forfeited),,,,,,,
2014,Summer,67,3,7,SD,Óscar Hernández,97599,C,Oscar Hernandez,SD TB,4,2015,2018
2014,Summer,68,3,8,KC,James Ramsey,125774,OF,James Ramsey,KC,3,2015,2017
2014,Summer,69,3,9,NYY,José Ramírez,460140,2B,Jose Ramirez,CHW CLE NYY TEX,12,2015,2026
2014,Summer,70,3,10,SEA,Kevin Kiermaier,512543,OF,Kevin Kiermaier,MIL OAK SEA TB,11,2015,2025
2014,Summer,71,3,11,PIT,Alec Asher,262378,SP,Alec Asher,MIL PIT WAS,7,2015,2021
2014,Summer,72,3,12,PHI,Blake Taylor,198394,SP,Blake Taylor,HOU MIN PHI,11,2015,2025
2014,Summer,73,3,13,LAD,Seth Streich,486609,SP,Seth Streich,LAD,4,2015,2018
2014,Summer,74,3,14,TOR,Stephen Gonsalves,6867,SP,Stephen Gonsalves,BAL TOR,8,2015,2022
2014,Summer,75,3,15,NYY,Matt Chapman,494549,3B,Matt Chapman,BAL NYY,12,2015,2026
2014,Summer,76,3,16,MIL,Greg Bird,207200,1B,Greg Bird,CHW MIL,8,2015,2022
2014,Summer,77,3,17,CIN,Tony Kemp,211970,2B,Tony Kemp,CIN OAK SF WAS,9,2015,2023
2014,Summer,78,3,18,LAD,Kean Wong,189108,2B,Kean Wong,LAD,11,2015,2025
2014,Summer,79,3,19,ATL,Dilson Herrera,497967,2B,Dilson Herrera,ATL COL MIL,6,2015,2020
2014,Summer,80,3,20,STL,Ken Giles,157512,RP,Ken Giles,CLE KC PIT SEA STL,10,2015,2024
2014,Summer,81,3,21,CLE,Michael Gettys,209558,OF,Michael Gettys,CLE PIT TB,9,2015,2023
2014,Summer,82,3,22,NYY,Christian Walker,253204,1B,Christian Walker,BAL DET MIL NYY SEA,12,2015,2026
2014,Summer,83,3,23,TB,Michael Feliz,213370,SP,Michael Feliz,ARI TB,7,2015,2021
2014,Summer,84,3,24,COL,Parker Bridwell,226251,SP,Parker Bridwell,COL NYY PHI,6,2015,2020
2014,Summer,85,3,25,CHW,Justus Sheffield,490421,SP,Justus Sheffield,CHW,9,2015,2023
2014,Summer,86,3,26,NYM,Matt Imhof,89149,SP,Matt Imhof,NYM,3,2015,2017
2014,Summer,87,3,27,HOU,Dylan Cease,383807,SP,Dylan Cease,HOU,12,2015,2026
2014,Summer,88,3,28,HOU,Greg Deichmann,334305,SS,Gregory Deichmann,HOU,9,2015,2023
2014,Summer,89,3,29,BAL,James Kaprielian,197835,SP,James Kaprielian,BAL COL,11,2015,2025
2014,Summer,90,3,30,WAS,Jacob deGrom,332505,SP,Jake DeGrom,PIT SD TB WAS,12,2015,2026
2014,Summer,91,4,1,LAA,Taylor Hill,374258,SP,Taylor Hill,LAA,4,2015,2018
2014,Summer,92,4,2,ATL,Charlie Tilson,27035,OF,Charlie Tilson,ATL,6,2015,2020
2014,Summer,93,4,3,LAD,José Rondón,290189,SS,Jose Rondon,LAD,11,2015,2025
2014,Summer,94,4,4,BOS,Kevin Siegrist,254540,RP,Kevin Siegrist,BOS TOR,4,2015,2018
2014,Summer,95,4,5,TEX,Stolmy Pimentel,312727,SP,Stolmy Pimentel,ATL TEX WAS,7,2015,2021
2014,Summer,96,4,6,MIA,Jake Bauers,311977,1B,Jake Bauers,CHC MIA MIN PHI SEA,10,2015,2026
2014,Summer,97,4,7,SD,Drew Ward,146505,3B,Drew Ward,PHI PIT SD,7,2015,2021
2014,Summer,98,4,8,TOR,Chance Sisco,160370,C,Chance Sisco,TOR,8,2015,2022
2014,Summer,99,4,9,LAA,Grayson Greiner,134703,C,Grayson Greiner,LAA,8,2015,2022
2014,Summer,100,4,10,NYY,Adam Walker,373531,1B,Adam Brett Walker II,NYY,5,2015,2019
2014,Summer,101,4,11,PIT,Scott Schebler,114615,OF,Scott Schebler,CLE PIT,7,2015,2021
2014,Summer,102,4,12,ARI,Juan Lagares,177180,OF,Juan Lagares,ARI,6,2015,2020
2014,Summer,103,4,13,LAD,Austin Voth,190516,SP,Austin Voth,LAD,11,2015,2025
2014,Summer,104,4,14,CHW,Riley Unroe,48063,SS,Riley Unroe,CHW MIL,4,2015,2018
2014,Summer,105,4,15,NYY,Tyler Marlette,481497,C,Tyler Marlette,NYY,6,2015,2020
2014,Summer,106,4,16,MIL,Kyle Hendricks,334566,SP,Kyle Hendricks,DET MIL PHI SD WAS,12,2015,2026
2014,Summer,107,4,17,CHC,Rowan Wick,357669,OF,Rowan Wick,CHC PHI,9,2015,2024
2014,Summer,108,4,18,NYY,Tyler Pike,350794,SP,Tyler Pike,NYY,7,2015,2021
2014,Summer,109,4,19,KC,Buck Farmer,398957,SP,Buck Farmer,KC LAA,6,2015,2021
2014,Summer,110,4,20,HOU,Dillon Overton,258455,SP,Dillon Overton,HOU,7,2015,2021
2014,Summer,111,4,21,TOR,Richard Ureña,54593,SS,Richard Urena,SF TOR,8,2015,2022
2014,Summer,112,4,22,TB,Marcus Wilson,157636,OF,Marcus Wilson,CHC TB,7,2015,2021
2014,Summer,113,4,23,MIL,Yohander Méndez,250988,SP,Yohander Mendez,MIL,7,2015,2021
2014,Summer,114,4,24,MIL,Alex Blandino,181994,SS,Alex Blandino,MIA MIL SD TOR,11,2015,2025
2014,Summer,115,4,25,SF,José Ureña,208808,SP,Jose Urena,SF,8,2015,2022
2014,Summer,116,4,26,NYM,Tyler Danish,359540,SP,Tyler Danish,NYM SF,5,2015,2019
2014,Summer,117,4,27,NYM,Trey Michalczewski,371798,3B,Trey Michalczewski,NYM,6,2015,2020
2014,Summer,118,4,28,OAK,Kyle Cody,409531,SP,Kyle Cody,OAK,9,2015,2023
2014,Summer,119,4,29,CHW,Nick Howard,425973,SP,Nick Howard,CHW PHI WAS,7,2015,2021
2014,Summer,120,4,30,NYY,Abiatal Avelino,422083,SS,Abiatal Avelino,NYY,10,2015,2024
2014,Winter,1,1,1,LAA,Rafael Devers,292346,3B,Rafael Devers,KC LAA,11,2016,2026
2014,Winter,2,1,2,LAD,Gio Urshela,214411,3B,Giovanny Urshela,LAD WAS,11,2016,2026
2014,Winter,3,1,3,HOU,Dansby Swanson,395658,SS,Dansby Swanson,HOU TB TEX,11,2016,2026
2014,Winter,4,1,4,ATL,Mallex Smith,437790,OF,Mallex Smith,ATL LAD,8,2016,2023
2014,Winter,5,1,5,MIN,Jhoan Ureña,16685,3B,Jhoan Urena,MIN,5,2016,2020
2014,Winter,6,1,6,PHI,Kyle Kubitza,377124,3B,Kyle Kubitza,MIN PHI PIT,4,2016,2019
2014,Winter,7,1,7,STL,Yimi García,108507,RP,Yimi Garcia,CLE COL PHI PIT STL TB,9,2016,2026
2014,Winter,8,1,8,SF,Orlando Arcia,83270,SS,Orlando Arcia,HOU KC SF,11,2016,2026
2014,Winter,9,1,9,MIL,Sam Tuivailala,243755,RP,Samuel Tuivailala,MIL SF TOR,6,2016,2021
2014,Winter,10,1,10,TEX,Aristides Aquino,220187,OF,Aristides Aquino,HOU TEX,9,2016,2024
2014,Winter,11,1,11,CHW,Willy Adames,402635,SS,Willy Adames,CHW,11,2016,2026
2014,Winter,12,1,12,DET,Reynaldo López,30801,SP,Reynaldo Lopez,BOS DET SEA,11,2016,2026
2014,Winter,13,1,13,WAS,Marcos Molina,291206,SP,Marcos Molina,ATL WAS,4,2016,2019
2014,Winter,14,1,14,BOS,Wilmer Difo,400405,SS,Wilmer Difo,BOS PIT,6,2016,2021
2014,Winter,15,1,15,NYY,Enrique Hernández,189301,2B,Enrique Hernandez,BOS NYY PHI TEX,10,2016,2026
2014,Winter,16,1,16,MIA,Brett Phillips,211048,OF,Brett Phillips,ARI MIA MIL STL,9,2016,2024
2014,Winter,17,1,17,KC,Ryan Boldt,79397,OF,Ryan Boldt,KC MIA PIT,10,2016,2025
2014,Winter,18,1,18,PIT,Peter O'Brien,62373,C,Peter O'Brien,PIT,5,2016,2020
2014,Winter,19,1,19,CIN,Ozzie Albies,63790,SS,Ozzie Albies,ARI CIN MIL NYM,11,2016,2026
2014,Winter,20,1,20,TB,Gleyber Torres,142908,SS,Gleyber Torres,TB,11,2016,2026
2014,Winter,21,1,21,TOR,Duane Underwood,396419,SP,Duane Underwood,HOU SD TOR,9,2016,2024
2014,Winter,22,1,22,SD,Jack Flaherty,484463,SP,Jack Flaherty,ATL CIN SD,11,2016,2026
2014,Winter,23,1,23,CLE,Gio Brusa,266787,OF,Gio Brusa,CLE PIT,5,2016,2020
2014,Winter,24,1,24,CHC,Ketel Marte,434065,SS,Ketel Marte,CHC CHW NYY,11,2016,2026
2014,Winter,25,1,25,ARI,Cole Tucker,318676,SS,Cole Tucker,ARI,11,2016,2026
2014,Winter,26,1,26,SEA,Patrick Kivlehan,198014,3B,Patrick Kivlehan,SEA,6,2016,2021
2014,Winter,27,1,27,COL,Keury Mella,111329,SP,Keury Mella,CHC COL,5,2016,2020
2014,Winter,28,1,28,BAL,Jorge Mateo,259485,SS,Jorge Mateo,BAL CHC COL WAS,10,2016,2025
2014,Winter,29,1,29,NYM,Carson Sands,485406,SP,Carson Sands,MIL NYM WAS,6,2016,2021
2014,Winter,30,1,30,OAK,Bobby Bradley,276800,1B,Bobby Bradley,OAK,8,2016,2023
2013,Summer,1,1,1,TB,Jon Gray,12252,SP,Jonathan Gray,MIA TB TEX,13,2014,2026
2013,Summer,2,1,2,TB,Clint Frazier,346761,OF,Clint Frazier,COL NYM TB,11,2014,2024
2013,Summer,3,1,3,TB,Austin Meadows,146542,OF,Austin Meadows,DET STL TB,13,2014,2026
2013,Summer,4,1,4,STL,Kohl Stewart,361106,SP,Kohl Stewart,BOS MIA STL,9,2014,2022
2013,Summer,5,1,5,TB,Trea Turner,249374,SS,Trea Turner,ATL MIL NYM TB TOR,13,2014,2026
2013,Summer,6,1,6,LAA,Braden Shipley,222788,SP,Braden Shipley,LAA,12,2014,2025
2013,Summer,7,1,7,SF,Trey Ball,360871,SP,Trey Ball,SF,6,2014,2019
2013,Summer,8,1,8,DET,Hunter Dozier,128056,SS,Hunter Dozier,DET PIT,11,2014,2024
2013,Summer,9,1,9,BOS,Evan Gattis,476857,C,Evan Gattis,BAL BOS NYM,7,2014,2020
2013,Summer,10,1,10,MIN,Reese McGuire,235673,C,Reese McGuire,CHW LAA MIN NYM,13,2014,2026
2013,Summer,11,1,11,KC,D. J. Peterson,330368,1B,D.J. Peterson,KC LAA,11,2014,2024
2013,Summer,12,1,12,MIA,Jesse Winker,9193,OF,Jesse Winker,MIA NYM TEX,12,2014,2025
2013,Summer,13,1,13,OAK,Tyler Glasnow,225044,SP,Tyler Glasnow,OAK STL,13,2014,2026
2013,Summer,14,1,14,ARI,Dominic Smith,173457,1B,Dominic Smith,ARI MIL,10,2014,2023
2013,Summer,15,1,15,TB,Michael Cederoth,16802,SP,Michael Cederoth,CHC TB,6,2014,2019
2013,Summer,16,1,16,CIN,Hunter Renfroe,128398,OF,Hunter Renfroe,CIN LAA PIT SEA,12,2014,2025
2013,Summer,17,1,17,CLE,Chris Anderson,415290,SP,Chris Anderson,CLE,7,2014,2020
2013,Summer,18,1,18,ATL,Nick Ciuffo,74308,C,Nick Ciuffo,ATL WAS,12,2014,2025
2013,Summer,19,1,19,CHC,Phil Bickford,67039,SP,Phillip Bickford,CHC DET MIA,11,2014,2025
2013,Summer,20,1,20,PHI,Billy McKinney,417937,OF,Billy McKinney,CHW PHI,13,2014,2026
2013,Summer,21,1,21,SEA,Maikel Franco,283388,3B,Maikel Franco,ATL MIN SEA WAS,10,2014,2023
2013,Summer,22,1,22,SD,Nick Kingham,415393,SP,Nick Kingham,CHW MIL NYM PHI SD,7,2014,2020
2013,Summer,23,1,23,PIT,Jeff Locke,428810,SP,Jeff Locke,CIN PIT,13,2014,2026
2013,Summer,24,1,24,HOU,Jon Denney,197273,C,Jon Denney,HOU,7,2014,2020
2013,Summer,25,1,25,KC,Thomas Eshelman,306136,SP,Thomas Eshelman,KC,7,2014,2020
2013,Summer,26,1,26,DET,J. P. Crawford,249102,SS,J.P. Crawford,DET MIA SD,13,2014,2026
2013,Summer,27,1,27,SEA,César Puello,13360,OF,Cesar Puello,MIN SEA WAS,9,2014,2022
2013,Summer,28,1,28,CHC,Eric Jagielo,200598,3B,Eric Jagielo,CHC,4,2014,2017
2013,Summer,29,1,29,TOR,Victor Payano,348341,SP,Victor Payano,TOR,1,2014,2014
2013,Summer,30,1,30,COL,Rosell Herrera,230324,SS,Rosell Herrera,COL NYY,7,2014,2020
2013,Summer,31,2,1,BOS,Jesse Hahn,304291,SP,Jesse Hahn,ATL BOS WAS,12,2014,2025
2013,Summer,32,2,2,SD,Arismendy Alcántara,239804,SS,Arismendy Alcantara,KC SD SEA,5,2014,2018
2013,Summer,33,2,3,TOR,Carl Edwards,134260,SP,C.J. Edwards,CHW TOR,8,2014,2021
2013,Summer,34,2,4,NYY,Nick Tepesch,468561,SP,Nick Tepesch,NYY,6,2014,2019
2013,Summer,35,2,5,CIN,Eury Pérez,312776,OF,Eury Perez,CIN,5,2014,2018
2013,Summer,36,2,6,SF,Eddie Butler,463624,SP,Eddie Butler,KC SF,6,2014,2019
2013,Summer,37,2,7,CHW,Rob Kaminsky,270149,SP,Rob Kaminsky,CHW MIL,9,2014,2022
2013,Summer,38,2,8,DET,Marco Gonzales,143517,SP,Marco Gonzales,DET,9,2014,2022
2013,Summer,39,2,9,ARI,Edwin Escobar,40890,SP,Edwin Escobar,ARI,4,2014,2017
2013,Summer,40,2,10,MIN,Max Muncy,205504,1B,Max Muncy,CHC CHW KC MIA MIL MIN SD,13,2014,2026
2013,Summer,41,2,11,KC,Martin Agosta,324918,SP,Martin Agosta,KC,4,2014,2017
2013,Summer,42,2,12,SD,Eduardo Rodríguez,11791,SP,Eduardo Rodriguez,ARI CIN MIA SD SEA WAS,12,2014,2025
2013,Summer,43,2,13,CLE,Aaron Nola,199099,SP,Aaron Nola,CLE DET SD SEA,13,2014,2026
2013,Summer,44,2,14,CHC,Jorge Polanco,17279,2B,Jorge Polanco,CHC HOU MIN,13,2014,2026
2013,Summer,45,2,15,LAD,Matt Andriese,162014,SP,Matt Andriese,CLE LAD NYM,6,2014,2019
2013,Summer,46,2,16,ARI,Daniel Robertson,339261,3B,Daniel Robertson,ARI ATL CIN,8,2014,2021
2013,Summer,47,2,17,ATL,Jeff Ames,169165,SP,Jeff Ames,ATL,5,2014,2018
2013,Summer,48,2,18,CLE,Derek Fisher,297210,OF,Derek Fisher,CLE PIT,9,2014,2022
2013,Summer,49,2,19,COL,Miguel Almonte,370226,SP,Miguel Almonte,COL HOU NYY,7,2014,2020
2013,Summer,50,2,20,MIA,Chris Taylor,27819,SS,Chris Taylor,MIA NYM OAK PIT TEX,12,2014,2025
2013,Summer,51,2,21,CLE,Kyle Schwarber,85977,C,Kyle Schwarber,CLE COL KC PIT,13,2014,2026
2013,Summer,52,2,22,SEA,Joey Terdoslavich,90034,1B,Joey Terdoslavich,SEA,7,2014,2020
2013,Summer,53,2,23,PIT,Jordy Mercer,167416,SS,Jordy Mercer,ATL PHI PIT,6,2014,2019
2013,Summer,54,2,24,CLE,Taylor Lindsey,448777,2B,Taylor Lindsay,CLE LAA PIT TB,9,2014,2022
2013,Summer,55,2,25,CHC,Alex Bregman,469990,SS,Alex Bregman,ARI BOS CHC MIN,13,2014,2026
2013,Summer,56,2,26,BAL,Derek Dietrich,214707,2B,Derek Dietrich,ARI BAL TEX,9,2014,2022
2013,Summer,57,2,27,LAD,(forfeited),,,,,,,
2013,Summer,58,2,28,NYM,Renato Núñez,250005,3B,Renato Nunez,ARI MIA MIL NYM,9,2014,2022
2013,Summer,59,2,29,TOR,Tyrone Taylor,319927,OF,Tyrone Taylor,CIN KC NYM TOR,11,2014,2025
2013,Summer,60,2,30,COL,Mookie Betts,491974,2B,Mookie Betts,ATL COL TB WAS,13,2014,2026
2013,Summer,61,3,1,BOS,Erik Johnson,429392,SP,Erik Johnson,BOS,9,2014,2022
2013,Summer,62,3,2,COL,Mauricio Cabrera,111404,SP,Mauricio Cabrera,COL KC TEX,6,2014,2019
2013,Summer,63,3,3,LAA,Brandon Workman,378047,SP,Brandon Workman,ATL LAA SF WAS,10,2014,2023
2013,Summer,64,3,4,NYY,Gabriel Ynoa,216125,SP,Gabriel Ynoa,NYY,7,2014,2020
2013,Summer,65,3,5,COL,Yoel Mecias,77354,SP,Yoel Mecias,COL LAA,9,2014,2022
2013,Summer,66,3,6,ARI,Paco Rodríguez,409837,RP,Paco Rodriguez,ARI MIL MIN,4,2014,2017
2013,Summer,67,3,7,SF,Ronny Rodríguez,333296,SS,Ronny Rodriguez,SF,4,2014,2017
2013,Summer,68,3,8,DET,Hunter Harvey,416165,SP,Hunter Harvey,DET LAA MIL WAS,13,2014,2026
2013,Summer,69,3,9,ATL,Josh Hart,364970,OF,Josh Hart,ATL WAS,12,2014,2025
2013,Summer,70,3,10,HOU,Nick Burdi,360458,RP,Nick Burdi,CIN COL HOU,11,2014,2026
2013,Summer,71,3,11,TB,Josh Phegley,494852,C,Josh Phegley,MIN PHI TB,8,2014,2021
2013,Summer,72,3,12,TOR,Travis Demeritte,71880,3B,Travis Demeritte,CHW TOR,11,2014,2024
2013,Summer,73,3,13,OAK,Sean Newcomb,382649,SP,Sean Newcomb,MIN OAK SD TB TOR,11,2014,2026
2013,Summer,74,3,14,CHW,Nick Williams,332684,OF,Nick Williams,CHW CIN NYM,8,2014,2021
2013,Summer,75,3,15,SF,Tom Murphy,133667,C,Tom Murphy,LAA PIT SF,13,2014,2026
2013,Summer,76,3,16,CIN,Devin Williams,264258,SP,Devin Williams,CIN NYM,13,2014,2026
2013,Summer,77,3,17,DET,Chi Chi González,198611,SP,Alex Gonzalez,DET WAS,9,2012,2021
2013,Summer,78,3,18,OAK,Tim Anderson,280239,SS,Tim Anderson,CLE KC OAK SEA,12,2014,2025
2013,Summer,79,3,19,SEA,Luis Sardiñas,354334,SS,Luis Sardinas,PHI SEA,5,2014,2018
2013,Summer,80,3,20,CLE,Luke Weaver,218974,SP,Luke Weaver,BAL CLE TOR,10,2014,2026
2013,Summer,81,3,21,PIT,Danny Salazar,386782,SP,Danny Salazar,PIT,7,2014,2020
2013,Summer,82,3,22,TEX,Taylor Jordan,83037,SP,Taylor Jordan,STL TEX,4,2014,2017
2013,Summer,83,3,23,PIT,Yan Gomes,18801,C,Yan Gomes,PHI PIT SD WAS,10,2014,2024
2013,Summer,84,3,24,TEX,José Peraza,407165,SS,Jose Peraza,SF TEX,10,2014,2023
2013,Summer,85,3,25,TEX,Mitch Haniger,37537,OF,Mitch Haniger,CHC COL KC MIL TEX,9,2014,2024
2013,Summer,86,3,26,BAL,Kevin Plawecki,5695,C,Kevin Plawecki,BAL COL,9,2014,2022
2013,Summer,87,3,27,SEA,Ross Stripling,424544,SP,Ross Stripling,NYY SEA TEX,12,2014,2025
2013,Summer,88,3,28,ATL,Blake Snell,233102,SP,Blake Snell,ATL DET SD,13,2014,2026
2013,Summer,89,3,29,NYM,A. J. Jiménez,64218,C,A.J. Jimenez,CHW NYM,4,2014,2017
2013,Summer,90,3,30,NYM,Rio Ruiz,259129,3B,Rio Ruiz,NYM SF,9,2014,2022
2013,Summer,91,4,1,BOS,Jimmy Nelson,159528,SP,Jimmy Nelson,BOS SEA,11,2014,2024
2013,Summer,92,4,2,STL,Nomar Mazara,78317,OF,Nomar Mazara,BOS COL HOU MIN NYY STL,11,2014,2024
2013,Summer,93,4,3,LAA,Josh Hader,504126,SP,Josh Hader,CIN LAA MIA SF,13,2014,2026
2013,Summer,94,4,4,NYY,Dan Winkler,129840,SP,Dan Winkler,NYY,9,2014,2022
2013,Summer,95,4,5,LAA,Jake Thompson,93099,SP,Jake Thompson,COL LAA SEA TOR WAS,9,2014,2024
2013,Summer,96,4,6,TB,Jeff Hoffman,129985,SP,Jeff Hoffman,SEA TB,13,2014,2026
2013,Summer,97,4,7,SF,D. J. Davis,501533,OF,D.J. Davis,SF,5,2014,2018
2013,Summer,98,4,8,DET,Christian Arroyo,35862,SS,Christian Arroyo,DET,11,2014,2024
2013,Summer,99,4,9,SD,J. R. Murphy,18240,C,J.R. Murphy,MIN SD,7,2014,2020
2013,Summer,100,4,10,KC,Zach Borenstein,158906,OF,Zach Borenstein,KC,5,2014,2018
2013,Summer,101,4,11,SEA,Cody Allen,53882,RP,Cody Allen,SEA,7,2014,2020
2013,Summer,102,4,12,SEA,Jace Peterson,22698,SS,Jace Peterson,SEA WAS,11,2014,2024
2013,Summer,103,4,13,PIT,(forfeited),,,,,,,
2013,Summer,104,4,14,TEX,Brian Dozier,307655,SS,Brian Dozier,TEX WAS,8,2014,2021
2013,Summer,105,4,15,LAD,Ty Blach,309123,SP,Ty Blach,KC LAD,8,2014,2021
2013,Summer,106,4,16,TOR,Ian Clarkin,150867,SP,Ian Clarkin,CHW CLE TOR,8,2014,2021
2013,Summer,107,4,17,NYM,Hunter Green,175411,SP,Hunter Green,NYM,3,2014,2016
2013,Summer,108,4,18,CHW,Ronald Guzmán,51419,1B,Ronald Guzman,CHW,10,2014,2023
2013,Summer,109,4,19,DET,Jason Hursh,481438,SP,Jason Hursh,DET KC SF,7,2014,2020
2013,Summer,110,4,20,MIA,Josmil Pinto,282511,C,Josmil Pinto,MIA,5,2014,2018
2013,Summer,111,4,21,SEA,Brandon Maurer,25926,SP,Brandon Maurer,CHC SEA WAS,7,2014,2020
2013,Summer,112,4,22,ATL,Cody Asche,155369,3B,Cody Asche,ATL,7,2014,2020
2013,Summer,113,4,23,PIT,Raúl Alcántara,493824,SP,Raul Alcantara,ATL PIT WAS,8,2014,2021
2013,Summer,114,4,24,BOS,Kennys Vargas,60377,1B,Kennys Vargas,BOS,8,2014,2021
2013,Summer,115,4,25,BOS,Steven Matz,306434,SP,Steven Matz,ATL BOS CIN COL LAA WAS,13,2014,2026
2013,Summer,116,4,26,TB,Corey Kluber,379603,SP,Corey Kluber,CIN NYM TB WAS,11,2014,2024
2013,Summer,117,4,27,OAK,Edwin Díaz,3068,SP,Edwin Diaz,BOS OAK,13,2014,2026
2013,Summer,118,4,28,COL,Brian Flynn,169474,SP,Brian Flynn,COL MIL WAS,9,2014,2022
2013,Summer,119,4,29,TOR,Jin-De Jhang,205493,C,Jin-De Jhang,NYY TOR,7,2014,2020
2013,Summer,120,4,30,TOR,Kyle Smith,229482,SP,Kyle Smith,CIN TOR,7,2014,2020
2013,Winter,1,1,1,LAA,Julio Urías,251579,SP,Julio Urias,LAA,10,2015,2024
2013,Winter,2,1,2,CLE,Brett Oberholtzer,393182,SP,Brett Oberholtzer,CLE PHI,5,2015,2019
2013,Winter,3,1,3,ATL,Asher Wojciechowski,172732,SP,Asher Wojciechowski,ATL,5,2015,2019
2013,Winter,4,1,4,BOS,Burch Smith,444592,SP,Burch Smith,BOS SD,9,2015,2023
2013,Winter,5,1,5,STL,Marcus Semien,365220,2B,Marcus Semien,BOS CLE MIL MIN SEA STL TOR,12,2015,2026
2013,Winter,6,1,6,MIA,Jose Rafael De Paula,105790,SP,Rafael De Paula,MIA PIT,7,2015,2021
2013,Winter,7,1,7,SD,Harold Ramírez,359250,OF,Harold Ramirez,HOU KC SD,11,2015,2025
2013,Winter,8,1,8,MIN,Seth Mejias-Brean,119215,3B,Seth Mejias-Brean,MIN,3,2015,2017
2013,Winter,9,1,9,MIL,Ryan McMahon,208051,3B,Ryan McMahon,BOS LAA MIL NYM WAS,12,2015,2026
2013,Winter,10,1,10,SEA,Vince Velasquez,408485,SP,Vincent Velasquez,DET KC MIN OAK SEA,10,2015,2025
2013,Winter,11,1,11,PIT,Nate Karns,250249,SP,Nate Karns,PIT SEA TEX WAS,7,2015,2021
2013,Winter,12,1,12,PHI,Gosuke Katoh,219983,2B,Gosuke Katoh,MIN PHI SD,10,2015,2024
2013,Winter,13,1,13,LAD,Jeimer Candelario,377043,3B,Jeimer Candelario,CIN CLE KC LAD MIL,11,2015,2025
2013,Winter,14,1,14,TOR,Raimel Tapia,374508,OF,Raimel Tapia,CLE KC SD TOR,9,2015,2023
2013,Winter,15,1,15,NYY,Shae Simmons,345501,RP,Shae Simmons,NYY,5,2015,2019
2013,Winter,16,1,16,DET,Adalberto Mejía,110005,SP,Adalberto Mejia,DET,7,2015,2021
2013,Winter,17,1,17,CHC,Bradley Zimmer,490657,OF,Bradley Zimmer,CHC,8,2015,2022
2013,Winter,18,1,18,SF,Mitch Nay,510463,3B,Mitch Nay,SF,4,2015,2018
2013,Winter,19,1,19,KC,Travis Jankowski,413366,OF,Travis Jankowski,KC MIN,8,2015,2024
2013,Winter,20,1,20,TEX,Tim Cooney,224843,SP,Tim Cooney,PHI TEX,5,2015,2019
2013,Winter,21,1,21,ARI,Christian Vázquez,265998,C,Christian Vazquez,ARI DET MIA NYY WAS,12,2015,2026
2013,Winter,22,1,22,TB,Max Pentecost,68384,C,Max Pentecost,TB,5,2015,2019
2013,Winter,23,1,23,CIN,Francisco Mejía,480875,C,Francisco Mejia,ARI CIN,12,2015,2026
2013,Winter,24,1,24,OAK,Amed Rosario,104749,SS,Amed Rosario,NYM OAK,11,2015,2026
2013,Winter,25,1,25,CHW,Alberto Tirado,91561,SP,Alberto Tirado,CHW CLE,7,2015,2021
2013,Winter,26,1,26,NYM,Alex Reyes,64000,SP,Alex Reyes,BOS COL NYM,10,2015,2024
2013,Winter,27,1,27,HOU,Tom Windle,191187,SP,Tom Windle,HOU,4,2015,2018
2013,Winter,28,1,28,COL,Mac Williamson,235983,OF,Mac Williamson,COL MIL NYM PHI,8,2015,2022
2013,Winter,29,1,29,BAL,Skye Bolt,498577,OF,Skye Bolt,BAL STL,11,2015,2025
2013,Winter,30,1,30,WAS,Devon Travis,44240,2B,Devon Travis,MIN SEA WAS,5,2015,2019
2012,Summer,1,1,1,KC,Andrelton Simmons,67655,SS,Andrelton Simmons,KC LAA MIA SD WAS,12,2013,2024
2012,Summer,2,1,2,STL,Lance Lynn,486838,SP,Lance Lynn,ATL CIN MIN STL TEX WAS,13,2013,2025
2012,Summer,3,1,3,CIN,Drew Smyly,283548,SP,Drew Smyly,CIN MIL SEA,9,2013,2021
2012,Summer,4,1,4,PHI,Wade Miley,80738,SP,Wade Miley,ATL HOU PHI SD STL TEX,12,2013,2025
2012,Summer,5,1,5,OAK,Carlos Correa,103571,SS,Carlos Correa,MIL OAK,14,2013,2026
2012,Summer,6,1,6,TB,Carlos Rodón,170720,SP,Carlos Rodon,BAL KC TB TEX WAS,14,2013,2026
2012,Summer,7,1,7,TOR,Jorge Bonifacio,498442,OF,Jorge Bonifacio,NYY TOR,9,2013,2021
2012,Summer,8,1,8,PIT,Andrew Chafin,62198,SP,Andrew Chafin,LAA PIT TB,12,2013,2024
2012,Summer,9,1,9,OAK,Byron Buxton,152073,OF,Byron Buxton,CLE KC OAK SD SEA,14,2013,2026
2012,Summer,10,1,10,BOS,Lucas Giolito,4485,SP,Lucas Giolito,BOS OAK PIT WAS,14,2013,2026
2012,Summer,11,1,11,OAK,Kyle Zimmer,434379,SP,Kyle Zimmer,BOS OAK,10,2013,2022
2012,Summer,12,1,12,OAK,Max Fried,443654,SP,Max Fried,OAK,14,2013,2026
2012,Summer,13,1,13,PIT,Kyle Seager,214226,3B,Kyle Seager,DET NYM OAK PHI PIT,10,2013,2022
2012,Summer,14,1,14,LAD,Justin Grimm,207875,SP,Justin Grimm,LAD,6,2013,2018
2012,Summer,15,1,15,MIA,Tony Cingrani,458938,SP,Tony Cingrani,KC MIA PIT TEX,7,2013,2020
2012,Summer,16,1,16,HOU,Albert Almora,180393,OF,Albert Almora,HOU,11,2013,2023
2012,Summer,17,1,17,NYY,Steve Lombardozzi,96855,2B,Steve Lombardozzi,NYY SEA,7,2013,2019
2012,Summer,18,1,18,TOR,Rougned Odor,346129,2B,Rougned Odor,LAA TOR WAS,10,2013,2022
2012,Summer,19,1,19,ATL,Andrew Heaney,198058,SP,Andrew Heaney,ATL BAL COL KC MIL PIT,14,2013,2026
2012,Summer,20,1,20,SF,Adeiny Hechavarría,196197,SS,Adeiny Hechavarria,SF,8,2013,2020
2012,Summer,21,1,21,LAA,David Dahl,224938,OF,David Dahl,ARI LAA,13,2013,2026
2012,Summer,22,1,22,SEA,Kirk Nieuwenhuis,143557,OF,Kirk Nieuwenhuis,CHW SEA,6,2013,2018
2012,Summer,23,1,23,MIN,Gavin Cecchini,190296,SS,Gavin Cecchini,KC MIN,9,2013,2021
2012,Summer,24,1,24,TEX,Robbie Ross,453524,SP,Robbie Ross,TEX WAS,6,2013,2018
2012,Summer,25,1,25,MIL,Chris Heston,205277,SP,Chris Heston,MIL NYM,5,2013,2017
2012,Summer,26,1,26,PHI,Tyler Austin,40462,OF,Tyler Austin,CHC OAK PHI STL TOR,14,2013,2026
2012,Summer,27,1,27,TOR,Aaron Sanchez,179424,SP,Aaron Sanchez,NYY TOR,10,2013,2023
2012,Summer,28,1,28,BAL,Ryne Stanek,435198,SP,Ryne Stanek,BAL LAA OAK SEA WAS,14,2013,2026
2012,Summer,29,1,29,CHC,Alen Hanson,349831,SS,Alen Hanson,CHC,8,2013,2020
2012,Summer,30,1,30,BAL,Kris Bryant,59089,3B,Kris Bryant,BAL LAD,13,2013,2025
2012,Summer,31,2,1,CIN,Welington Castillo,399810,C,Wellington Castillo,CIN LAA MIL,8,2013,2021
2012,Summer,32,2,2,STL,Kyle Crick,74969,SP,Kyle Crick,ATL CIN PIT STL,9,2013,2021
2012,Summer,33,2,3,KC,Marcus Stroman,321216,SP,Marcus Stroman,ATL CHW KC NYM SD TOR WAS,14,2013,2026
2012,Summer,34,2,4,CHC,Luis Heredia,312541,SP,Luis Heredia,CHC CHW NYM,6,2013,2018
2012,Summer,35,2,5,COL,Clayton Blackburn,275113,SP,Clayton Blackburn,COL PIT SEA,7,2013,2019
2012,Summer,36,2,6,LAD,Dan Straily,512943,SP,Dan Straily,LAD PIT,7,2013,2019
2012,Summer,37,2,7,CHW,Rob Brantly,388551,C,Rob Brantly,CHW HOU MIL NYY TOR,5,2013,2020
2012,Summer,38,2,8,COL,Austin Hedges,419543,C,Austin Hedges,ATL CLE COL SF WAS,12,2013,2026
2012,Summer,39,2,9,TOR,Brad Miller,58180,SS,Brad Miller,CIN LAA TB TOR,10,2013,2022
2012,Summer,40,2,10,BOS,Miles Head,358041,3B,Miles Head,BOS,4,2013,2016
2012,Summer,41,2,11,COL,Robert Stephenson,195508,SP,Robert Stephenson,COL KC MIA NYM TEX,14,2013,2026
2012,Summer,42,2,12,NYM,Jorge Alfaro,473517,C,Jorge Alfaro,BOS CLE COL NYM OAK SD WAS,14,2013,2026
2012,Summer,43,2,13,DET,Tyler Naquin,383385,OF,Tyler Naquin,DET MIL NYY TOR,11,2013,2023
2012,Summer,44,2,14,SF,Kyle Lotzkar,340843,SP,Kyle Lotzkar,CHW SF,2,2013,2014
2012,Summer,45,2,15,MIA,A. J. Griffin,505289,SP,A.J. Griffin,MIA,6,2013,2018
2012,Summer,46,2,16,HOU,Addison Russell,344015,SS,Addison Russell,COL HOU MIL TEX,9,2013,2021
2012,Summer,47,2,17,NYY,Scooter Gennett,80115,2B,Scooter Gennett,BAL LAA MIL NYY SEA,8,2013,2020
2012,Summer,48,2,18,MIL,Corey Seager,233582,3B,Corey Seager,LAA MIL NYM PIT,14,2013,2026
2012,Summer,49,2,19,MIA,Ryan Wheeler,169134,3B,Ryan Wheeler,MIA,4,2013,2016
2012,Summer,50,2,20,BOS,Ryan Cook,279880,RP,Ryan Cook,BOS TOR,4,2013,2016
2012,Summer,51,2,21,NYM,Lance McCullers,156160,SP,Lance McCullers Jr.,CHW NYM OAK SEA,14,2013,2026
2012,Summer,52,2,22,BOS,Tyler Moore,484278,1B,Tyler Moore,BOS,10,2013,2022
2012,Summer,53,2,23,MIN,Richie Shaffer,515275,1B,Richie Shaffer,MIN SEA,7,2013,2019
2012,Summer,54,2,24,STL,Kelvin Herrera,208297,RP,Kelvin Herrera,DET NYY SF STL TOR,8,2013,2021
2012,Summer,55,2,25,MIN,Courtney Hawkins,299720,OF,Courtney Hawkins,HOU MIN,9,2013,2021
2012,Summer,56,2,26,MIL,Stryker Trahan,143816,C,Stryker Trahan,MIL NYY,6,2013,2018
2012,Summer,57,2,27,TOR,Eugenio Suárez,388742,SS,Eugenio Suarez,CIN LAA PHI PIT TOR,14,2013,2026
2012,Summer,58,2,28,WAS,Ariel Peña,221079,SP,Ariel Pena,WAS,9,2013,2021
2012,Summer,59,2,29,TB,Jose Vinicio,512671,SS,Jose Vinicio,MIL STL TB,7,2013,2019
2012,Summer,60,2,30,SF,Ty Hensley,388684,SP,Ty Hensley,SF,3,2013,2015
2012,Summer,61,3,1,CIN,J. R. Graham,392489,SP,J.R. Graham,CIN MIA,6,2013,2018
2012,Summer,62,3,2,TEX,Nick Maronde,471903,SP,Nick Maronde,MIA TEX,6,2013,2018
2012,Summer,63,3,3,CIN,Josh Rutledge,87864,SS,Josh Rutledge,CIN SEA,7,2013,2019
2012,Summer,64,3,4,SD,Jose Quintana,120857,SP,Jose Quintana,CLE KC SD,14,2013,2026
2012,Summer,65,3,5,NYM,Lucas Sims,440217,SP,Lucas Sims,NYM STL,14,2013,2026
2012,Summer,66,3,6,CHW,Joe Musgrove,324200,SP,Joe Musgrove,ARI CHW LAA,14,2013,2026
2012,Summer,67,3,7,SD,Rex Brothers,47958,RP,Rex Brothers,CIN SD,6,2013,2020
2012,Summer,68,3,8,SD,Tim Collins,455399,RP,Tim Collins,SD SEA,5,2013,2017
2012,Summer,69,3,9,TB,Phil Ervin,152147,OF,Phillip Ervin,ARI TB,10,2013,2022
2012,Summer,70,3,10,SEA,Jason Martinson,149104,SS,Jason Martinson,SEA,6,2013,2018
2012,Summer,71,3,11,CHW,Junior Lake,377028,SS,Junior Lake,CHW MIL,5,2013,2017
2012,Summer,72,3,12,NYM,Matt Carpenter,179763,3B,Matt Carpenter,BOS MIN NYM PIT SD,12,2013,2024
2012,Summer,73,3,13,BAL,Chris Stratton,256146,SP,Chris Stratton,BAL TEX,14,2013,2026
2012,Summer,74,3,14,BAL,Colin Moran,171509,3B,Colin Moran,BAL DET,12,2013,2024
2012,Summer,75,3,15,CHW,Ravel Santana,242761,OF,Ravel Santana,ARI CHW,3,2013,2015
2012,Summer,76,3,16,HOU,Pierce Johnson,335704,SP,Pierce Johnson,HOU,13,2013,2025
2012,Summer,77,3,17,NYY,Matt Skole,435723,3B,Matthew Skole,CLE HOU NYY,9,2013,2021
2012,Summer,78,3,18,ATL,Scott Diamond,129856,SP,Scott Diamond,ATL,3,2013,2015
2012,Summer,79,3,19,ARI,J. T. Realmuto,303381,C,J.T. Realmuto,ARI BAL BOS CIN DET MIL SEA TB TEX,14,2013,2026
2012,Summer,80,3,20,PIT,Marc Krauss,446150,OF,Marc Krauss,PHI PIT,5,2013,2017
2012,Summer,81,3,21,LAA,Donn Roach,358516,SP,Donn Roach,LAA,10,2013,2022
2012,Summer,82,3,22,CHW,Tommy La Stella,322313,2B,Tommy La Stella,CHW MIN NYY,11,2013,2023
2012,Summer,83,3,23,CLE,Lewis Brinson,128244,OF,Lewis Brinson,BAL CLE,11,2013,2023
2012,Summer,84,3,24,CLE,Dillon Howard,487790,SP,Dillon Howard,CLE,5,2013,2017
2012,Summer,85,3,25,PIT,Joe Kelly,156049,SP,Joe Kelly,CIN COL MIL NYY PHI PIT TOR WAS,13,2013,2025
2012,Summer,86,3,26,CLE,Nick Travieso,513752,SP,Nick Travieso,CLE WAS,9,2013,2021
2012,Summer,87,3,27,CHC,Adam Conley,71819,SP,Adam Conley,ARI CHC,8,2013,2020
2012,Summer,88,3,28,COL,Gregory Polanco,455588,OF,Gregory Polanco,COL NYY,10,2013,2022
2012,Summer,89,3,29,TB,Bobby Wahl,242295,SP,Bobby Wahl,LAA PIT TB,10,2013,2022
2012,Summer,90,3,30,CHC,Joey Gallo,414141,1B,Joey Gallo,BAL CHC,14,2013,2026
2012,Summer,91,4,1,TEX,Moisés Sierra,261108,OF,Moises Sierra,STL TEX,8,2013,2020
2012,Summer,92,4,2,PIT,Dan Vogelbach,295489,1B,Dan Vogelbach,MIL PIT STL TOR,12,2013,2024
2012,Summer,93,4,3,KC,Adam Eaton,515745,OF,Adam Eaton,COL DET KC TEX,10,2013,2022
2012,Summer,94,4,4,CHC,Zach Eflin,245594,SP,Zach Eflin,CHC MIA NYY PHI,14,2013,2026
2012,Summer,95,4,5,SEA,Nick Tropeano,443839,SP,Nick Tropeano,MIL SEA TOR WAS,8,2013,2020
2012,Summer,96,4,6,BOS,Domingo Santana,390353,OF,Domingo Santana,ARI BOS CHW SEA,9,2013,2021
2012,Summer,97,4,7,TB,Matt Smoral,476315,SP,Matthew Smoral,CHW SEA TB,7,2013,2019
2012,Summer,98,4,8,TEX,Jesús Aguilar,23077,1B,Jesus Aguilar,ATL MIA NYM PIT TEX WAS,12,2013,2024
2012,Summer,99,4,9,WAS,Will Swanner,89989,C,Will Swanner,MIA WAS,6,2013,2018
2012,Summer,100,4,10,BOS,Alfredo Marte,506241,OF,Alfredo Marte,BOS,4,2013,2016
2012,Summer,101,4,11,CLE,Jake Petricka,2918,SP,Jake Petricka,CLE,9,2013,2021
2012,Summer,102,4,12,COL,Jonathan Villar,485085,SS,Jonathan Villar,ATL COL SD,10,2013,2022
2012,Summer,103,4,13,BAL,(forfeited),,,,,,,
2012,Summer,104,4,14,LAA,Freddy Galvis,95119,SS,Freddy Galvis,KC LAA MIN STL,10,2013,2022
2012,Summer,105,4,15,MIA,Robbie Grossman,246925,OF,Robbie Grossman,CIN MIA NYM,12,2013,2024
2012,Summer,106,4,16,TB,José Berríos,438638,SP,Jose Berrios,CHW NYM TB,14,2013,2026
2012,Summer,107,4,17,NYY,Rafael Montero,358809,SP,Rafael Montero,CHC LAA MIA NYY,13,2013,2025
2012,Summer,108,4,18,MIL,Ryan Eades,34795,SP,Ryan Eades,CHC MIL,8,2013,2020
2012,Summer,109,4,19,ATL,Henry Rodríguez,106297,2B,Henry Rodriguez,ATL,3,2013,2015
2012,Summer,110,4,20,LAD,Stefen Romero,353574,3B,Stefen Romero,LAD MIL PIT SD,7,2013,2019
2012,Summer,111,4,21,TB,Mike Fiers,459527,SP,Michael Fiers,DET TB,7,2013,2019
2012,Summer,112,4,22,BOS,Cody Martin,327660,SP,Cody Martin,BOS MIA,6,2013,2018
2012,Summer,113,4,23,DET,L. J. Hoes,496645,OF,L.J. Hoes,DET MIL,4,2013,2016
2012,Summer,114,4,24,TEX,Mike Kickham,294883,SP,Michael Kickham,BAL CIN TEX,8,2013,2020
2012,Summer,115,4,25,PIT,Anthony Meo,418757,SP,Anthony Meo,PIT,3,2013,2015
2012,Summer,116,4,26,CIN,Michael Fulmer,496807,SP,Michael Fulmer,BAL CIN SEA,12,2013,2024
2012,Summer,117,4,27,OAK,Angelo Gumbs,478559,2B,Angelo Gumbs,OAK,3,2013,2015
2012,Summer,118,4,28,LAA,Daniel Rosenbaum,11019,SP,Daniel Rosenbaum,LAA,3,2013,2015
2012,Summer,119,4,29,CLE,Jonathan Pettibone,212018,SP,Jonathan Pettibone,CLE,5,2013,2017
2012,Summer,120,4,30,SEA,Anthony García,263310,OF,Anthony Garcia,MIA SEA,14,2013,2026
2012,Winter,1,1,1,BOS,Victor Sanchez,54858,SP,Victor Sanchez,BOS,2,2014,2015
2012,Winter,2,1,2,STL,Carter Capps,106309,RP,Carter Capps,HOU SD STL,5,2014,2018
2012,Winter,3,1,3,LAA,Dorssys Paulino,267819,SS,Dorssys Paulino,LAA NYM,7,2014,2020
2012,Winter,4,1,4,NYY,Jorge Soler,46362,OF,Jorge Soler,CHW MIL NYY OAK TOR WAS,13,2014,2026
2012,Winter,5,1,5,CIN,Bruce Rondón,44791,RP,Bruce Rondon,CIN,13,2014,2026
2012,Winter,6,1,6,PHI,Avisaíl García,151026,OF,Avisail Garcia,KC PHI SD TOR,10,2014,2023
2012,Winter,7,1,7,SF,Roberto Osuna,171532,SP,Roberto Osuna,ARI PIT SF,10,2014,2023
2012,Winter,8,1,8,DET,Clint Coulter,81494,C,Clint Coulter,CHW DET,10,2014,2024
2012,Winter,9,1,9,ATL,Roman Quinn,46191,SS,Roman Quinn,ATL,7,2014,2020
2012,Winter,10,1,10,MIN,Sean Manaea,480153,SP,Sean Manaea,DET MIL MIN PHI WAS,13,2014,2026
2012,Winter,11,1,11,KC,Kevin Ziomek,502455,SP,Kevin Ziomek,KC SF,4,2014,2017
2012,Winter,12,1,12,WAS,Yasiel Puig,464314,OF,Yasiel Puig,DET NYM SD WAS,11,2014,2024
2012,Winter,13,1,13,OAK,Slade Heathcott,436146,OF,Slade Heathcott,OAK WAS,8,2014,2021
2012,Winter,14,1,14,CHC,Trayce Thompson,12846,OF,Trayce Thompson,ATL BAL CHC,8,2014,2024
2012,Winter,15,1,15,LAD,Didi Gregorius,408816,SS,Didi Gregorius,CHW LAD MIL NYM SD,9,2014,2022
2012,Winter,16,1,16,ARI,Nick Delmonico,488757,1B,Nicky Delmonico,ARI NYY,7,2014,2020
2012,Winter,17,1,17,CLE,Jonathon Crawford,121797,SP,Jonathan Crawford,CLE HOU,7,2014,2020
2012,Winter,18,1,18,TB,Trey Williams,262931,3B,Trey Williams,LAA TB,2,2014,2015
2012,Winter,19,1,19,MIL,Adalberto Mondesí,135856,SS,Adalberto Mondesi,COL MIL NYM TOR,11,2014,2024
2012,Winter,20,1,20,MIA,Matt Wisler,62681,SP,Matt Wisler,MIA SEA,11,2014,2024
2012,Winter,21,1,21,SEA,Hunter Morris,229039,1B,Hunter Morris,SEA,5,2014,2018
2012,Winter,22,1,22,SD,Erasmo Ramírez,268302,SP,Erasmo Ramirez,KC SD,10,2014,2023
2012,Winter,23,1,23,PIT,Héctor Santiago,345708,SP,Hector Santiago,PIT,4,2014,2017
2012,Winter,24,1,24,HOU,Yolmer Sánchez,82379,SS,Carlos Sanchez,HOU,8,2014,2021
2012,Winter,25,1,25,TEX,Sean Nolin,207457,SP,Sean Nolin,TEX,6,2014,2019
2012,Winter,26,1,26,BAL,Aaron Judge,13773,1B,Aaron Judge,BAL OAK,13,2014,2026
2012,Winter,27,1,27,CHW,Max Kepler,406220,OF,Max Kepler,CHW,13,2014,2026
2012,Winter,28,1,28,NYM,Alex Wood,379651,SP,Alex Wood,ATL COL NYM TB,11,2014,2024
2012,Winter,29,1,29,TOR,Tom Wilhelmsen,130362,RP,Tom Wilhelmsen,CHW NYM TOR,4,2014,2017
2012,Winter,30,1,30,COL,Domingo Tapia,474193,SP,Domingo Tapia,CHW COL,2,2014,2015
2011,Summer,1,1,1,KC,Juan Nicasio,39069,SP,Juan Nicasio,BAL KC SEA TEX,9,2012,2021
2011,Summer,2,1,2,OAK,Dylan Bundy,424909,SP,Dylan Bundy,OAK WAS,11,2012,2022
2011,Summer,3,1,3,CHW,Neil Ramírez,420363,SP,Neil Ramirez,CHW TB,8,2012,2019
2011,Summer,4,1,4,ATL,Rubby De La Rosa,29349,SP,Rubby de la Rosa,ATL MIL TB TEX,9,2012,2020
2011,Summer,5,1,5,CHW,Jed Bradley,51,SP,Jed Bradley,CHW MIL NYM,6,2012,2017
2011,Summer,6,1,6,STL,Keyvius Sampson,164425,SP,Keyvius Sampson,BOS PIT SD SEA STL,11,2012,2022
2011,Summer,7,1,7,SD,Jeurys Familia,164332,SP,Jeurys Familia,BOS CLE SD WAS,11,2012,2022
2011,Summer,8,1,8,PHI,Mark Trumbo,402148,1B,Mark Trumbo,CLE PHI SEA,8,2012,2020
2011,Summer,9,1,9,PIT,Paul Goldschmidt,216101,1B,Paul Goldschmidt,CIN COL LAA MIN OAK PIT WAS,14,2012,2026
2011,Summer,10,1,10,TB,Bubba Starling,433486,OF,Bubba Starling,BAL BOS TB,11,2012,2022
2011,Summer,11,1,11,SD,Anthony Gose,155431,OF,Anthony Gose,PHI PIT SD,9,2012,2024
2011,Summer,12,1,12,ARI,Mitch Moreland,421553,1B,Mitch Moreland,ARI TEX WAS,10,2012,2023
2011,Summer,13,1,13,NYY,Julio Rodriguez,48349,SP,Julio Rodriguez,NYY,3,2012,2014
2011,Summer,14,1,14,LAD,Mikie Mahtook,186704,OF,Mikie Mahtook,CIN LAD PHI TOR,11,2012,2022
2011,Summer,15,1,15,NYM,Francisco Lindor,339001,SS,Francisco Lindor,ATL COL NYM NYY SEA,15,2012,2026
2011,Summer,16,1,16,TB,Archie Bradley,96731,SP,Archie Bradley,COL TB,11,2012,2022
2011,Summer,17,1,17,OAK,Taijuan Walker,314836,SP,Taijuan Walker,CLE OAK,14,2012,2025
2011,Summer,18,1,18,TEX,Luke Jackson,211644,SP,Luke Jackson,ATL MIA SF TEX,14,2012,2025
2011,Summer,19,1,19,MIN,Kolten Wong,143257,2B,Kolten Wong,BAL MIN OAK PHI TEX,14,2012,2025
2011,Summer,20,1,20,SEA,Brad Peacock,426406,SP,Brad Peacock,LAA MIA SEA,11,2012,2022
2011,Summer,21,1,21,TOR,Jedd Gyorko,264946,3B,Jedd Gyorko,BOS COL KC TOR WAS,10,2012,2021
2011,Summer,22,1,22,CIN,Alex Meyer,41964,SP,Alex Mayer,CIN WAS,8,2012,2019
2011,Summer,23,1,23,BOS,Eric Thames,341538,OF,Eric Thames,BAL BOS,7,2012,2021
2011,Summer,24,1,24,CIN,Brandon Nimmo,498629,OF,Brandon Nimmo,CHW CIN TOR,15,2012,2026
2011,Summer,25,1,25,BAL,Tim Wheeler,515319,OF,Tim Wheeler,ATL BAL COL,5,2012,2016
2011,Summer,26,1,26,COL,Jake Marisnick,308286,OF,Jake Marisnick,BOS COL MIA PIT,11,2012,2022
2011,Summer,27,1,27,MIL,Cory Vaughn,294515,OF,Cory Vaughn,MIL NYY,4,2012,2015
2011,Summer,28,1,28,CHC,Liam Hendriks,118220,SP,Liam Hendriks,CHC CHW LAD TOR WAS,15,2012,2026
2011,Summer,29,1,29,TOR,Joe Wieland,215993,SP,Joe Wieland,TOR WAS,10,2012,2021
2011,Summer,30,1,30,HOU,Javier Báez,405680,3B,Javier Baez,CLE HOU MIA PIT SF TOR,15,2012,2026
2011,Summer,31,2,1,KC,C. J. Cron,371812,1B,C.J. Cron,ATL KC PHI STL,14,2012,2025
2011,Summer,32,2,2,KC,Cory Spangenberg,284045,2B,Cory Spangenberg,KC SD,10,2012,2021
2011,Summer,33,2,3,SF,Joe Benson,76586,OF,Joe Benson,PIT SF,4,2012,2015
2011,Summer,34,2,4,WAS,Dillon Gee,228604,SP,Dillon Gee,WAS,6,2012,2017
2011,Summer,35,2,5,NYM,Daniel Corcino,68422,SP,Daniel Corcino,BOS NYM,5,2012,2016
2011,Summer,36,2,6,STL,Trevor May,10676,SP,Trevor May,CIN COL HOU KC LAA MIL STL TB TOR,13,2012,2024
2011,Summer,37,2,7,OAK,Cheslor Cuthbert,261258,3B,Cheslor Cuthbert,MIL OAK,10,2012,2021
2011,Summer,38,2,8,CLE,José Fernández,205117,SP,Jose Fernandez,CLE,5,2012,2016
2011,Summer,39,2,9,WAS,Charlie Blackmon,36615,OF,Charlie Blackmon,CHC MIA PIT SEA WAS,14,2012,2025
2011,Summer,40,2,10,CLE,Levi Michael,257474,SS,Levi Michael,CLE,10,2012,2021
2011,Summer,41,2,11,PIT,Tyson Ross,15014,SP,Tyson Ross,CLE PIT,8,2013,2020
2011,Summer,42,2,12,ARI,José Altuve,486372,2B,Jose Altuve,ARI CIN COL PHI,15,2012,2026
2011,Summer,43,2,13,CLE,Tyler Beede,382648,SP,Tyler Beede,CLE,10,2012,2021
2011,Summer,44,2,14,LAD,Eric Surkamp,273442,SP,Eric Surkamp,LAD MIL,5,2012,2016
2011,Summer,45,2,15,NYM,Allen Webster,246106,SP,Allen Webster,NYM SF,6,2012,2017
2011,Summer,46,2,16,SF,Jason Adam,61228,SP,Jason Adam,ARI CLE KC SF,10,2012,2026
2011,Summer,47,2,17,MIL,Tomás Telis,478228,C,Tomas Telis,CHW MIL TB TOR,11,2012,2022
2011,Summer,48,2,18,BOS,Garrett Richards,313759,SP,Garrett Richards,ARI BOS KC SEA TOR,12,2012,2023
2011,Summer,49,2,19,ARI,James Paxton,466266,SP,James Paxton,ARI ATL CHW NYM WAS,15,2012,2026
2011,Summer,50,2,20,BOS,Alex Cobb,296184,SP,Alex Cobb,BOS LAD SD,13,2012,2025
2011,Summer,51,2,21,SD,Tyrell Jenkins,114403,SP,Tyrell Jenkins,CHW SD TOR,8,2012,2019
2011,Summer,52,2,22,DET,Josh Bell,459198,OF,Josh Bell,ARI DET KC MIA MIL NYM SEA SF,16,2011,2026
2011,Summer,53,2,23,BOS,Brad Hand,38867,SP,Brad Hand,BOS COL MIA,12,2012,2023
2011,Summer,54,2,24,DET,Edward Salcedo,28307,3B,Edward Salcedo,DET,4,2012,2015
2011,Summer,55,2,25,BAL,Taylor Guerrieri,178718,SP,Taylor Guerrieri,ATL BAL TEX WAS,14,2012,2025
2011,Summer,56,2,26,COL,Jonathan Schoop,433976,3B,Jonathan Schoop,BAL COL DET PIT SEA SF TEX WAS,14,2012,2025
2011,Summer,57,2,27,STL,Edinson Rincon,377350,3B,Edinson Rincon,ARI STL,3,2012,2014
2011,Summer,58,2,28,CHC,Blake Swihart,318996,C,Blake Swihart,CHC,9,2012,2020
2011,Summer,59,2,29,OAK,Daniel Norris,247263,SP,Daniel Norris,CHC OAK,12,2012,2023
2011,Summer,60,2,30,HOU,Andrew Susac,345208,C,Andrew Susac,HOU,10,2012,2021
2011,Summer,61,3,1,KC,Sean Gilmartin,345398,SP,Sean Gilmartin,ATL KC,8,2012,2019
2011,Summer,62,3,2,MIA,Matt Adams,9239,1B,Matt Adams,ARI MIA MIL PIT,9,2012,2020
2011,Summer,63,3,3,OAK,Kevin Gausman,376217,SP,Kevin Gausman,CLE COL OAK TB,14,2013,2026
2011,Summer,64,3,4,TB,Mark Appel,268337,SP,Mark Appel,PIT TB,8,2012,2019
2011,Summer,65,3,5,CHW,Matt Szczur,306122,OF,Matthew Szczur,CHW PHI WAS,10,2012,2021
2011,Summer,66,3,6,STL,David Holmberg,260578,SP,David Holmberg,ARI STL,7,2012,2018
2011,Summer,67,3,7,NYM,Patrick Corbin,188609,SP,Pat Corbin,BOS LAD NYM,11,2012,2022
2011,Summer,68,3,8,BOS,Tyler Thornburg,215574,SP,Tyler Thornburg,BOS CLE SD,10,2012,2021
2011,Summer,69,3,9,BOS,Charlie Furbush,515017,SP,Charlie Furbush,BAL BOS NYM,7,2012,2018
2011,Summer,70,3,10,MIL,Chad Bettis,175405,SP,Chad Bettis,MIL TOR,8,2012,2019
2011,Summer,71,3,11,PIT,Edwar Cabrera,158241,SP,Edwar Cabrera,PIT,5,2012,2016
2011,Summer,72,3,12,MIN,Deven Marrero,11391,SS,Devin Marrero,MIN,9,2012,2020
2011,Summer,73,3,13,NYY,Dante Bichette,201028,3B,Dante Bichette Jr.,NYY,8,2012,2019
2011,Summer,74,3,14,LAD,Darwin Barney,300014,2B,Darwin Barney,LAD MIL TEX,5,2012,2018
2011,Summer,75,3,15,PIT,Starling Marte,39866,OF,Starling Marte,BOS NYM OAK PIT STL,15,2012,2026
2011,Summer,76,3,16,TB,Tommy Milone,30525,SP,Tommy Milone,SF TB,6,2012,2017
2011,Summer,77,3,17,WAS,Cory Luebke,170597,SP,Cory Luebke,WAS,6,2012,2017
2011,Summer,78,3,18,TEX,Addison Reed,45457,RP,Addison Reed,PIT TEX WAS,8,2012,2019
2011,Summer,79,3,19,MIN,Michael Wacha,435306,SP,Michael Wacha,BOS CLE LAD MIN NYY WAS,15,2012,2026
2011,Summer,80,3,20,SEA,Henderson Álvarez,44897,SP,Henderson Alvarez,ATL SEA SF,6,2012,2017
2011,Summer,81,3,21,CLE,Josh Collmenter,311644,SP,Josh Collmenter,CLE,6,2012,2017
2011,Summer,82,3,22,DET,Enny Romero,231068,SP,Enny Romero,DET,9,2012,2020
2011,Summer,83,3,23,MIL,Sebastian Valle,375543,C,Sebastien Valle,ATL MIL TB,7,2012,2018
2011,Summer,84,3,24,DET,Carlos Perez,206637,SP,Carlos Perez,DET,4,2012,2015
2011,Summer,85,3,25,CLE,Michael Stutes,485350,RP,Michael Stutes,CLE HOU,7,2012,2018
2011,Summer,86,3,26,COL,Drew Hutchison,374193,SP,Drew Hutchison,COL MIA NYM PHI,8,2012,2019
2011,Summer,87,3,27,ARI,Vance Worley,105560,SP,Vance Worley,ARI HOU PIT,8,2012,2019
2011,Summer,88,3,28,CHC,Brian Goodwin,68882,OF,Brian Goodwin,CHC,10,2012,2021
2011,Summer,89,3,29,CLE,Johnny Giavotella,507367,2B,Johnny Giavotella,CIN CLE DET NYY,7,2012,2020
2011,Summer,90,3,30,HOU,Trevor Story,404372,SS,Trevor Story,ARI ATL BAL HOU SEA WAS,15,2012,2026
2011,Summer,91,4,1,KC,Kenny Diekroeger,383016,SS,Kenny Diekroeger,KC,5,2012,2016
2011,Summer,92,4,2,SD,Noah Syndergaard,363517,SP,Noah Syndergaard,CLE NYM PHI SD TOR,14,2012,2025
2011,Summer,93,4,3,OAK,Mike Zunino,416776,C,Mike Zunino,BAL OAK,14,2012,2025
2011,Summer,94,4,4,WAS,Joe Panik,482185,SS,Joe Panik,BOS MIA MIL STL WAS,11,2012,2022
2011,Summer,95,4,5,CHW,Pete Tago,312559,SP,Peter Tago,CHW,3,2012,2014
2011,Summer,96,4,6,STL,Brandon Jacobs,377990,OF,Brandon Jacobs,STL,6,2012,2017
2011,Summer,97,4,7,TB,Jake Barrett,228327,SP,Jake Barrett,LAA TB,10,2012,2021
2011,Summer,98,4,8,PHI,James Allen,33701,SP,James Allen,PHI,4,2012,2015
2011,Summer,99,4,9,SEA,J. D. Martinez,298384,OF,J.D. Martinez,ATL CIN COL DET MIA PIT SEA WAS,15,2012,2026
2011,Summer,100,4,10,MIA,Brandon Guyer,66622,OF,Brandon Guyer,MIA STL,8,2012,2019
2011,Summer,101,4,11,PIT,Collin Cowgill,7440,OF,Collin Cowgill,CIN PIT,6,2012,2017
2011,Summer,102,4,12,ARI,Dave Sappelt,85591,OF,Dave Sappelt,ARI TOR,3,2012,2014
2011,Summer,103,4,13,NYY,(forfeited),,,,,,,
2011,Summer,104,4,14,LAD,Aaron Westlake,192111,1B,Aaron Westlake,LAD,4,2012,2015
2011,Summer,105,4,15,NYM,Francisco Martinez,50331,3B,Francisco Martinez,BOS NYM,3,2012,2014
2011,Summer,106,4,16,SF,Will Middlebrooks,252786,3B,Will Middlebrooks,NYY SF,5,2012,2016
2011,Summer,107,4,17,MIL,Preston Tucker,284565,1B,Preston Tucker,COL MIL,8,2012,2019
2011,Summer,108,4,18,TEX,Corey Dickerson,503858,OF,Corey Dickerson,BOS CHW NYY TEX TOR,12,2012,2023
2011,Summer,109,4,19,MIN,Victor Roache,359712,1B,Victor Roache,MIN,6,2012,2017
2011,Summer,110,4,20,BOS,Nathan Eovaldi,330937,SP,Nathan Eovaldi,BOS CIN LAA MIA WAS,14,2012,2026
2011,Summer,111,4,21,CLE,Henry Owens,48675,SP,Henry Owens,CLE WAS,10,2009,2020
2011,Summer,112,4,22,CIN,Marcus Knecht,279925,OF,Marcus Knecht,ATL CIN,4,2012,2015
2011,Summer,113,4,23,ATL,Eduardo Sánchez,258953,RP,Eduardo Sanchez,ATL NYY,4,2012,2015
2011,Summer,114,4,24,DET,Robbie Ray,143333,SP,Robbie Ray,DET LAA SEA TEX,15,2012,2026
2011,Summer,115,4,25,BAL,Tyler Anderson,180329,SP,Tyler Anderson,BAL DET WAS,13,2012,2025
2011,Summer,116,4,26,COL,Yordano Ventura,390346,SP,Yordano Ventura,ATL COL,6,2012,2017
2011,Summer,117,4,27,LAA,Félix Doubront,273388,SP,Felix Doubront,HOU LAA,7,2012,2018
2011,Summer,118,4,28,CHC,Cody Buckel,12587,SP,Cody Buckel,CHC,4,2012,2015
2011,Summer,119,4,29,TOR,Chun-Hsiu Chen,130601,C,Chun-Hsiu Chen,CHW TOR,3,2012,2014
2011,Summer,120,4,30,HOU,Tyler Goeddel,226388,2B,Tyler Goeddel,HOU,10,2012,2021
2011,Winter,1,1,1,CIN,Carlos Martínez,214775,SP,Carlos Martinez,BAL CIN LAD OAK,11,2013,2023
2011,Winter,2,1,2,STL,Oscar Taveras,204664,OF,Oscar Taveras,STL,2,2013,2014
2011,Winter,3,1,3,KC,Iván Nova,38754,SP,Ivan Nova,ARI ATL KC WAS,7,2013,2019
2011,Winter,4,1,4,PHI,Tyler Pastornicky,311762,SS,Tyler Pastornicky,PHI,5,2013,2017
2011,Winter,5,1,5,CLE,Xander Bogaerts,444147,SS,Xander Bogaerts,BAL CLE COL MIA MIL WAS,14,2013,2026
2011,Winter,6,1,6,CHW,Justin Nicolino,191194,SP,Justin Nicolino,ATL CHW CLE WAS,13,2013,2025
2011,Winter,7,1,7,TB,Rymer Liriano,71400,OF,Rymer Liriano,CHW TB,9,2013,2021
2011,Winter,8,1,8,MIL,Joe Ross,367620,SP,Joe Ross,COL HOU MIL,10,2013,2022
2011,Winter,9,1,9,WAS,Nestor Molina,21651,SP,Nestor Molina,WAS,4,2013,2016
2011,Winter,10,1,10,BOS,Vinnie Catricala,456293,1B,Vincent Catricala,BOS,1,2013,2013
2011,Winter,11,1,11,OAK,Jose Campos,201011,SP,Jose Campos,COL MIL OAK WAS,8,2013,2020
2011,Winter,12,1,12,NYM,Mason Williams,186586,OF,Mason Williams,NYM SF,9,2013,2021
2011,Winter,13,1,13,DET,Chris Reed,76915,SP,Chris Reed,DET,5,2013,2017
2011,Winter,14,1,14,SF,Adonys Cardona,437782,SP,Adonys Cardona,SF STL,7,2013,2019
2011,Winter,15,1,15,MIA,Eddie Rosario,214362,2B,Eddie Rosario,MIA PHI STL,13,2013,2025
2011,Winter,16,1,16,HOU,Marcell Ozuna,49030,OF,Marcel Ozuna,DET HOU MIA NYM PIT SD STL WAS,14,2013,2026
2011,Winter,17,1,17,NYY,Salvador Pérez,368167,C,Salvador Perez,COL NYY PIT SD TB TEX TOR,14,2013,2026
2011,Winter,18,1,18,SD,Garin Cecchini,113970,3B,Garin Cecchini,SD,7,2013,2019
2011,Winter,19,1,19,ARI,Wily Peralta,143159,SP,Wily Peralta,ARI MIN,7,2013,2019
2011,Winter,20,1,20,LAD,Joc Pederson,411770,OF,Joc Pederson,ARI BAL DET LAD PHI,14,2013,2026
2011,Winter,21,1,21,LAA,Lucas Duda,381056,OF,Lucas Duda,CLE LAA NYM,7,2013,2019
2011,Winter,22,1,22,SEA,Mike Carp,335015,1B,Mike Carp,SEA,4,2013,2016
2011,Winter,23,1,23,MIN,Brian Johnson,34666,SP,Brian Johnson,KC MIN NYM,8,2013,2020
2011,Winter,24,1,24,TEX,Trevor Rosenthal,428474,SP,Trevor Rosenthal,OAK TEX,10,2013,2022
2011,Winter,25,1,25,PIT,Héctor Sánchez,259229,C,Hector Sanchez,CHW NYM OAK PHI PIT,7,2013,2019
2011,Winter,26,1,26,ATL,Drew Vettleson,251693,OF,Drew Vettleson,ATL WAS,9,2013,2021
2011,Winter,27,1,27,TOR,Taylor Green,306711,3B,Taylor Green,CHC TOR,3,2013,2015
2011,Winter,28,1,28,COL,Christian Bethancourt,466666,C,Christian Bethancourt,COL DET MIA PHI,13,2013,2025
2011,Winter,29,1,29,CHC,Chris Beck,84466,SP,Chris Beck,CHC,5,2013,2017
2011,Winter,30,1,30,BAL,Christian Villanueva,437794,3B,Christian Villanueva,ARI BAL TB,7,2013,2019
2010,Summer,1,1,1,DET,Bryce Harper,400011,OF,Bryce Harper,DET MIL MIN NYM TB,16,2011,2026
2010,Summer,2,1,2,PHI,Drew Pomeranz,151483,SP,Drew Pomeranz,CHW KC MIA NYM PHI PIT SEA STL,14,2011,2026
2010,Summer,3,1,3,NYY,Jameson Taillon,342172,SP,Jameson Taillon,COL MIL NYM NYY OAK,16,2011,2026
2010,Summer,4,1,4,PIT,Julio Teherán,158665,SP,Julio Teheran,BOS PIT SEA,13,2011,2023
2010,Summer,5,1,5,STL,Manny Machado,140823,SS,Manny Machado,COL SEA STL,16,2011,2026
2010,Summer,6,1,6,TB,Anthony Rendon,256867,3B,Anthony Rendon,BOS TB,14,2011,2024
2010,Summer,7,1,7,LAD,Randall Delgado,379290,SP,Randall Delgado,BOS LAD,10,2011,2020
2010,Summer,8,1,8,OAK,Jarred Cosart,65941,SP,Jarred Cosart,BOS CHW OAK SEA TB,11,2011,2021
2010,Summer,9,1,9,SD,Barret Loux,452707,SP,Barrett Loux,ARI MIL SD,6,2011,2016
2010,Summer,10,1,10,HOU,Matt Harvey,307326,SP,Matt Harvey,ATL HOU KC MIN SD,10,2011,2020
2010,Summer,11,1,11,KC,Zack Cox,217820,3B,Zack Cox,BOS KC,5,2011,2015
2010,Summer,12,1,12,SEA,Michael Pineda,330520,SP,Michael Pineda,MIL SD SEA,12,2011,2023
2010,Summer,13,1,13,ATL,Delino DeShields,203402,OF,Delino Deshields Jr.,ATL MIN WAS,12,2011,2022
2010,Summer,14,1,14,CHC,Yasmani Grandal,127136,C,Yasmani Grandal,ATL CHC TB TOR WAS,15,2011,2025
2010,Summer,15,1,15,CIN,Karsten Whitson,461660,SP,Karsten Whitson,CIN SD,9,2011,2019
2010,Summer,16,1,16,SF,John Lamb,432111,SP,John Lamb,SF,9,2011,2019
2010,Summer,17,1,17,LAA,Deck McGuire,166865,SP,Deck McGuire,LAA,12,2011,2022
2010,Summer,18,1,18,TOR,Brennan Boesch,290436,OF,Brennan Boesch,CHC CIN TOR,6,2011,2016
2010,Summer,19,1,19,CHW,Jake Odorizzi,493575,SP,Jake Odorizzi,CHW DET LAD PHI SEA,13,2011,2023
2010,Summer,20,1,20,WAS,Dayán Viciedo,127343,1B,Dayan Viciedo,STL WAS,7,2011,2017
2010,Summer,21,1,21,MIN,Michael Choice,493071,OF,Michael Choice,COL LAA MIN,12,2011,2022
2010,Summer,22,1,22,NYM,Alex Colomé,190524,SP,Alex Colome,CHW DET NYM,13,2011,2023
2010,Summer,23,1,23,TOR,Nick Castellanos,168027,3B,Nick Castellanos,MIL NYM OAK PHI SEA TOR,16,2011,2026
2010,Summer,24,1,24,MIA,Bryan Morris,341557,SP,Bryan Morris,CLE MIA SD STL,10,2011,2020
2010,Summer,25,1,25,BOS,Drew Cumberland,215395,SS,Drew Cumberland,BOS,2,2011,2012
2010,Summer,26,1,26,TEX,Kolbrin Vitek,243321,2B,Kolbrin Vitek,TEX,3,2011,2013
2010,Summer,27,1,27,COL,Andy Oliver,345857,SP,Andrew Oliver,ATL BAL COL STL,7,2011,2017
2010,Summer,28,1,28,BAL,Brandon Belt,350956,1B,Brandon Belt,ARI BAL DET LAD MIL OAK,14,2011,2025
2010,Summer,29,1,29,TB,Gerrit Cole,423360,SP,Gerrit Cole,DET MIA SD TB WAS,16,2011,2026
2010,Summer,30,1,30,SD,Chris Sale,384431,SP,Chris Sale,MIA MIL NYY SD TB TOR WAS,16,2011,2026
2010,Summer,31,2,1,DET,Dylan Covey,186696,SP,Dylan Covey,CHC DET MIL PIT,11,2011,2021
2010,Summer,32,2,2,PHI,Josh Sale,1310,OF,Josh Sale,PHI,5,2011,2015
2010,Summer,33,2,3,NYY,(forfeited),,,,,,,
2010,Summer,34,2,4,PIT,Tyler Colvin,181049,OF,Tyler Colvin,PIT,4,2011,2014
2010,Summer,35,2,5,STL,Tyler Chatwood,31097,SP,Tyler Chatwood,SF STL WAS,10,2011,2024
2010,Summer,36,2,6,HOU,Jake Skole,66059,OF,Jake Skole,HOU,4,2011,2014
2010,Summer,37,2,7,SF,Allen Craig,128915,OF,Allen Craig,SEA SF,6,2011,2016
2010,Summer,38,2,8,OAK,Kaleb Cowart,145229,3B,Kaleb Cowart,OAK,12,2011,2022
2010,Summer,39,2,9,SD,Hayden Simpson,272508,SP,Hayden Simpson,CHW NYM SD,3,2011,2013
2010,Summer,40,2,10,PIT,Mauricio Robles,436436,SP,Mauricio Robles,MIA PIT,5,2011,2015
2010,Summer,41,2,11,KC,Justin O'Conner,280853,C,Justin O'Conner,KC,9,2011,2019
2010,Summer,42,2,12,MIA,Jon Singleton,406404,1B,Jonathan Singleton,DET MIA OAK,11,2011,2024
2010,Summer,43,2,13,ATL,Mike Foltynewicz,242368,SP,Mike Foltynewicz,ARI ATL CHW SEA TOR,12,2011,2022
2010,Summer,44,2,14,CHC,Nolan Arenado,129189,3B,Nolan Arenado,ATL BAL BOS CHC COL DET NYM TOR,16,2011,2026
2010,Summer,45,2,15,CIN,Alex Wimmers,355232,SP,Alex Wimmers,CIN LAD TEX,8,2011,2018
2010,Summer,46,2,16,SF,Craig Kimbrel,271387,RP,Craig Kimbrel,ATL CIN DET NYM SD SF WAS,16,2011,2026
2010,Summer,47,2,17,LAA,Travis d'Arnaud,85732,C,Travis d'Arnaud,ATL COL LAA OAK PIT SEA,16,2011,2026
2010,Summer,48,2,18,SF,Chris Owings,17905,SS,Chris Owings,MIL SF TOR,10,2011,2020
2010,Summer,49,2,19,CHW,Brad Boxberger,94822,SP,Brad Boxberger,CHW TEX TOR,8,2011,2018
2010,Summer,50,2,20,OAK,Stetson Allie,198212,SP,Stetson Allie,MIL MIN OAK PHI STL,9,2011,2019
2010,Summer,51,2,21,MIN,Taylor Jungmann,38161,SP,Taylor Jungmann,MIN NYM PHI,9,2011,2019
2010,Summer,52,2,22,NYM,Matt Davidson,10379,3B,Matt Davidson,ARI LAA NYM,13,2011,2023
2010,Summer,53,2,23,LAA,Bryce Brentz,495704,OF,Bryce Brentz,BOS LAA,11,2011,2021
2010,Summer,54,2,24,MIA,Wilin Rosario,94903,C,Wilin Rosario,MIA SEA,9,2011,2020
2010,Summer,55,2,25,SEA,Jerry Sands,100402,1B,Jerry Sands,SEA WAS,11,2011,2021
2010,Summer,56,2,26,TEX,Christian Yelich,239625,OF,Christian Yelich,CIN CLE TEX,16,2011,2026
2010,Summer,57,2,27,COL,Tyler Skaggs,240202,SP,Tyler Skaggs,BAL COL TEX WAS,10,2011,2020
2010,Summer,58,2,28,SF,John Ely,380416,SP,Jason Ely,CHW LAA SF,12,2011,2022
2010,Summer,59,2,29,ARI,Devin Mesoraco,12835,C,Devin Mesoraco,ARI STL,8,2011,2019
2010,Summer,60,2,30,CLE,Jesse Biddle,433281,SP,Jesse Biddle,CLE COL SEA,11,2011,2021
2010,Summer,61,3,1,DET,Kellin Deglan,265251,C,Kellin Deglan,ARI CHW DET MIL TB,7,2011,2017
2010,Summer,62,3,2,TB,Jason Kipnis,454712,2B,Jason Kipnis,BOS MIL PIT SEA TB,11,2011,2021
2010,Summer,63,3,3,ARI,Ryan Lavarnway,422912,C,Ryan Lavarnway,ARI LAA MIL PIT TOR WAS,13,2011,2023
2010,Summer,64,3,4,PIT,Joshua Rodriguez,414407,SS,Josh Rodriguez,CIN PIT,4,2011,2014
2010,Summer,65,3,5,STL,Alex Sanabia,152703,SP,Alex Sanabia,STL,7,2011,2017
2010,Summer,66,3,6,HOU,Gary Brown,473150,OF,Gary Brown,HOU,6,2011,2016
2010,Summer,67,3,7,LAD,David Phelps,119807,SP,David Phelps,CHC LAA LAD PHI TB,12,2011,2023
2010,Summer,68,3,8,OAK,Max Stassi,261098,C,Max Stassi,CHW HOU OAK SF,15,2011,2025
2010,Summer,69,3,9,SD,Manny Banuelos,385326,SP,Manny Banuelos,SD WAS,14,2011,2024
2010,Summer,70,3,10,HOU,Kyle Parker,160250,OF,Kyle Parker,HOU PIT WAS,11,2011,2021
2010,Summer,71,3,11,KC,LeVon Washington,271953,OF,Levon Washington,KC,6,2011,2016
2010,Summer,72,3,12,TOR,A. J. Cole,11377,SP,A.J. Cole,CHC HOU KC MIN SD TOR,11,2011,2021
2010,Summer,73,3,13,ATL,Zach Lee,295250,SP,Zach Lee,ATL BAL LAA,9,2011,2019
2010,Summer,74,3,14,CHC,Jackie Bradley,435181,OF,Jackie Bradley Jr.,CHC NYM SD,13,2011,2024
2010,Summer,75,3,15,CIN,Héctor Noesí,263523,SP,Hector Noesi,CIN SD,14,2011,2024
2010,Summer,76,3,16,BAL,Hak-Ju Lee,242363,SS,Hak-Ju Lee,BAL CHW MIL,7,2011,2017
2010,Summer,77,3,17,OAK,George Springer,370069,OF,George Springer,OAK SEA TEX,16,2011,2026
2010,Summer,78,3,18,TOR,Austin Wilson,119026,OF,Austin Wilson,PHI TOR,7,2011,2017
2010,Summer,79,3,19,CHW,Lorenzo Cain,430259,OF,Lorenzo Cain,ATL BOS CHW KC PHI SD SEA,14,2011,2024
2010,Summer,80,3,20,TB,Kyle Heckathorn,271690,SP,Kyle Heckathorn,CHW SF TB,4,2011,2014
2010,Summer,81,3,21,MIN,Danny Hultzen,69675,SP,Danny Hultzen,MIN,7,2011,2017
2010,Summer,82,3,22,TB,Robbie Erlin,311664,SP,Robbie Erlin,TB,14,2011,2024
2010,Summer,83,3,23,LAA,Sonny Gray,368853,SP,Sonny Gray,CHW CLE COL LAA MIL TB WAS,16,2011,2026
2010,Summer,84,3,24,CIN,Brandon Laird,236946,3B,Brandon Laird,CIN,6,2011,2016
2010,Summer,85,3,25,TOR,Joe Gardner,185307,SP,Joseph Gardner,PHI TOR,7,2011,2017
2010,Summer,86,3,26,TEX,Chevy Clarke,250259,OF,Chevy Clarke,TEX,3,2011,2013
2010,Summer,87,3,27,COL,Fabio Martinez,323727,SP,Fabio Martinez-Mesa,COL PIT,4,2011,2014
2010,Summer,88,3,28,BAL,Rubén Tejada,105292,SS,Ruben Tejada,BAL MIL TB,7,2011,2017
2010,Summer,89,3,29,NYM,Brad Emaus,79030,2B,Brad Emaus,NYM WAS,2,2011,2012
2010,Summer,90,3,30,CLE,(forfeited),,,,,,,
2010,Summer,91,3,31,NYY,Matt Lipka,271478,SS,Matt Lipka,NYY,9,2011,2019
2010,Winter,1,1,1,KC,Alexi Ogando,502390,RP,Alexi Ogando,KC,5,2012,2016
2010,Winter,2,1,2,SD,Chris Archer,167916,SP,Chris Archer,ARI BAL MIA MIN SD,12,2012,2023
2010,Winter,3,1,3,OAK,Gary Sánchez,329837,C,Gary Sanchez,MIN OAK SD,15,2012,2026
2010,Winter,4,1,4,WAS,Brandon Beachy,322876,SP,Brandon Beachy,WAS,5,2012,2016
2010,Winter,5,1,5,CHW,Miguel Sanó,272947,3B,Miguel Sano,CHW CIN NYY,14,2012,2025
2010,Winter,6,1,6,STL,Chris Dwyer,371746,SP,Chris Dwyer,NYM STL,3,2012,2014
2010,Winter,7,1,7,TB,Trey McNutt,513913,SP,Trey McNutt,PHI TB,4,2012,2015
2010,Winter,8,1,8,PHI,Billy Hamilton,224821,SS,Billy Hamilton,ARI KC PHI PIT,8,2012,2019
2010,Winter,9,1,9,SEA,Jurickson Profar,502437,SS,Jurickson Profar,ATL MIL SEA WAS,15,2012,2026
2010,Winter,10,1,10,MIA,Kenley Jansen,405653,RP,Kenley Jansen,ATL CIN CLE MIA NYM TB TEX WAS,15,2012,2026
2010,Winter,11,1,11,PIT,Mike Olt,508095,3B,Mike Olt,PIT,6,2012,2017
2010,Winter,12,1,12,ARI,Sammy Solís,271808,SP,Sammy Solis,ARI NYY,8,2012,2019
2010,Winter,13,1,13,NYY,Carlos Pérez,154827,C,Carlos Perez,NYY WAS,10,2012,2026
2010,Winter,14,1,14,LAD,Jason Esposito,294630,3B,Jason Esposito,LAD,4,2012,2015
2010,Winter,15,1,15,NYM,Jose Iglesias,276202,SS,Jose Iglesias,COL HOU NYM PHI SD SEA,13,2012,2025
2010,Winter,16,1,16,SF,Ian Krol,220908,SP,Ian Krol,SF STL,10,2012,2021
2010,Winter,17,1,17,MIL,Donnie Joseph,203525,RP,Donnie Joseph,MIL,4,2012,2015
2010,Winter,18,1,18,TEX,Guillermo Pimentel,99390,OF,Guillermo Pimentel,STL TEX,6,2012,2017
2010,Winter,19,1,19,MIN,Matt Barnes,272021,SP,Matt Barnes,CIN MIN SEA TOR,13,2012,2024
2010,Winter,20,1,20,BOS,Jean Segura,403040,2B,Jean Segura,BOS LAA PIT SD TB TOR,13,2012,2024
2010,Winter,21,1,21,CLE,Trayvon Robinson,461207,OF,Trayvon Robinson,CLE DET,4,2012,2015
2010,Winter,22,1,22,CIN,Anthony Rizzo,35189,1B,Anthony Rizzo,BOS CIN NYM PHI TB,14,2012,2025
2010,Winter,23,1,23,ATL,Jonny Venters,426258,RP,Jonny Venters,ATL BOS HOU KC,7,2012,2021
2010,Winter,24,1,24,DET,Alex Torres,477002,SP,Alex Torres,DET,9,2012,2020
2010,Winter,25,1,25,BAL,Oswaldo Arcia,144346,OF,Oswaldo Arcia,BAL WAS,8,2012,2019
2010,Winter,26,1,26,COL,Brody Colvin,454378,SP,Brody Colvin,COL PHI,4,2012,2015
2010,Winter,27,1,27,LAA,Daniel Descalso,442742,2B,Daniel Descalso,KC LAA TEX,7,2012,2019
2010,Winter,28,1,28,CHC,Matt Packer,71585,SP,Matt Packer,CHC,3,2012,2014
2010,Winter,29,1,29,TOR,Yorman Rodríguez,430072,OF,Yorman Rodriguez,ARI SF TOR,7,2012,2018
2010,Winter,30,1,30,HOU,Brett Eibner,353023,OF,Brett Eibner,HOU TEX,8,2012,2019
2009,Summer,1,1,1,SEA,Carlos Santana,207121,C,Carlos Santana,CHW LAA NYY PHI SEA,16,2010,2026
2009,Summer,2,1,2,SEA,Giancarlo Stanton,274116,OF,Michael Stanton,ATL BOS CHC CLE COL KC NYY SEA,17,2010,2026
2009,Summer,3,1,3,PIT,Derek Holland,373828,SP,Derek Holland,CHW PIT SEA,9,2010,2019
2009,Summer,4,1,4,TB,Domonic Brown,160604,OF,Domonic Brown,COL MIN SEA TB,7,2010,2016
2009,Summer,5,1,5,WAS,Denard Span,262363,OF,Denard Span,ATL OAK PIT SD SEA WAS,9,2010,2019
2009,Summer,6,1,6,ARI,Michael Taylor,444745,OF,Michael Taylor,ARI,6,2010,2015
2009,Summer,7,1,7,NYY,Alex White,261647,SP,Alex White,NYY,5,2010,2014
2009,Summer,8,1,8,MIN,Kyle Drabek,350170,SP,Kyle Drabek,KC MIN,8,2010,2017
2009,Summer,9,1,9,TOR,Jenrry Mejía,476591,SP,Jenrry Mejia,TEX TOR,8,2010,2017
2009,Summer,10,1,10,STL,Jesús Montero,434600,C,Jesus Montero,STL,8,2010,2017
2009,Summer,11,1,11,HOU,Kila Ka'aihue,151636,1B,Kila Ka'aihue,HOU,5,2010,2014
2009,Summer,12,1,12,DET,Antonio Bastardo,354390,SP,Antonio Bastardo,ARI DET,8,2010,2018
2009,Summer,13,1,13,KC,Dustin Ackley,406053,OF,Dustin Ackley,KC SD,8,2010,2017
2009,Summer,14,1,14,ARI,Logan Forsythe,446022,3B,Logan Forsythe,ARI CHW TOR WAS,11,2010,2020
2009,Summer,15,1,15,TOR,Jeanmar Gómez,19685,SP,Jeanmar Gomez,LAA MIL STL TOR,9,2010,2018
2009,Summer,16,1,16,ARI,Chris Carter,445813,1B,Chris Carter,ARI BOS NYM TOR,9,2010,2018
2009,Summer,17,1,17,CHC,Trevor Reckling,298268,SP,Trevor Reckling,CHC DET TB,5,2010,2014
2009,Summer,18,1,18,TB,Martín Pérez,361327,SP,Martin Perez,DET LAA MIA OAK TB,17,2010,2026
2009,Summer,19,1,19,OAK,Grant Green,9552,SS,Grant Green,MIA OAK,8,2010,2017
2009,Summer,20,1,20,ATL,Tyler Matzek,74232,SP,Tyler Matzek,ATL COL NYM SD SEA,14,2010,2024
2009,Summer,21,1,21,SEA,Andrew Bailey,507247,RP,Andrew Bailey,SEA,6,2010,2015
2009,Summer,22,1,22,COL,Wilmer Flores,484478,SS,Wilmer Flores,ARI BOS CLE COL MIA MIL SD TB,17,2010,2026
2009,Summer,23,1,23,HOU,(forfeited),,,,,,,
2009,Summer,24,1,24,ATL,Andrew Lambo,345182,OF,Andrew Lambo,ATL COL,8,2010,2017
2009,Summer,25,1,25,SD,(forfeited),,,,,,,
2009,Summer,26,1,26,CIN,Derek Norris,234033,C,Derek Norris,CIN NYM,10,2010,2019
2009,Summer,27,1,27,SF,Daniel Bard,239451,RP,Daniel Bard,CHC MIA SF TB,9,2010,2024
2009,Summer,28,1,28,NYM,James Darnell,364023,3B,James Darnell,LAD NYM,6,2010,2015
2009,Summer,29,1,29,MIL,Chris Cody,101984,SP,Chris Cody,MIL,4,2010,2013
2009,Summer,30,1,30,LAD,Evan Anundsen,213343,SP,Evan Anundsen,LAD,5,2010,2014
2009,Summer,31,1,31,TOR,Casey Kelly,309527,SP,Casey Kelly,CIN COL TB TOR,15,2010,2024
2009,Summer,32,1,32,OAK,Matt Moore,78511,SP,Matthew Moore,COL HOU OAK TB TEX,12,2010,2025
2009,Summer,33,1,33,MIL,Dee Strange-Gordon,226963,SS,Dee Gordon,BOS CHC CLE MIL OAK,11,2010,2020
2009,Summer,34,1,34,CLE,Lonnie Chisenhall,69523,3B,Lonnie Chisenhall,CLE COL MIL NYM PHI TB TOR,11,2010,2020
2009,Summer,35,1,35,ARI,Jaff Decker,133461,OF,Jaff Decker,ARI HOU MIL OAK TB TEX,9,2010,2018
2009,Summer,36,1,36,LAA,Ethan Martin,218801,SP,Ethan Martin,ARI LAA TOR,7,2010,2016
2009,Summer,37,1,37,SD,Donavan Tate,18096,OF,Donovan Tate,LAA SD,6,2010,2015
2009,Summer,38,1,38,CIN,Brandon Crawford,127879,SS,Brandon Crawford,ARI CIN DET KC WAS,17,2010,2026
2009,Summer,39,1,39,MIL,Brett Lawrie,445322,C,Brett Lawrie,CHW MIL NYY OAK,11,2010,2020
2009,Summer,40,1,40,LAD,Josh Bell,21907,3B,Josh Bell,ARI LAD,4,2010,2014
2009,Summer,41,2,1,PHI,Julio Borbon,282203,OF,Julio Borbon,PHI SD,4,2010,2013
2009,Summer,42,2,2,PHI,Jacob Turner,27090,SP,Jacob Turner,LAA PHI,13,2010,2022
2009,Summer,43,2,3,PIT,Jeff Samardzija,190129,SP,Jeff Samardzija,BOS CIN PIT TOR,12,2010,2021
2009,Summer,44,2,4,SF,Jordan Danks,9110,OF,Jordan Danks,SF,6,2010,2015
2009,Summer,45,2,5,TOR,Josh Thole,432291,C,Josh Thole,ARI TOR,6,2010,2015
2009,Summer,46,2,6,BOS,Christian Friedrich,316593,SP,Christian Friedrich,BOS NYM SF,10,2010,2019
2009,Summer,47,2,7,NYY,Mike Montgomery,128176,SP,Michael Montgomery,BOS NYY PIT SEA,13,2010,2022
2009,Summer,48,2,8,CLE,Jordan Lyles,198352,SP,Jordan Lyles,CLE MIL STL TOR WAS,8,2010,2017
2009,Summer,49,2,9,TB,Nick Weglarz,134571,OF,Nick Weglarz,ARI PIT TB,5,2010,2014
2009,Summer,50,2,10,STL,Danny Duffy,129079,SP,Dan Duffy,BOS LAD SEA STL,13,2010,2023
2009,Summer,51,2,11,CLE,Andrew Cashner,111776,SP,Andrew Cashner,ATL CLE COL KC MIA,9,2010,2019
2009,Summer,52,2,12,LAD,Trevor Bell,243181,SP,Trevor Bell,LAD,6,2010,2015
2009,Summer,53,2,13,LAD,(forfeited),,,,,,,
2009,Summer,54,2,14,CHC,Freddie Freeman,89708,1B,Freddie Freeman,ATL CHC COL NYM,17,2010,2026
2009,Summer,55,2,15,TOR,Lance Zawadzki,81060,SS,Lance Zawadzki,MIL TOR,4,2010,2013
2009,Summer,56,2,16,TEX,Bobby Borchering,249311,3B,Bobby Borchering,BAL TEX,5,2010,2014
2009,Summer,57,2,17,CLE,Peter Bourjos,115326,OF,Peter Bourjos,CLE TB,7,2010,2016
2009,Summer,58,2,18,MIL,Héctor Rondón,27123,SP,Hector Rondon,DET MIA MIL NYM WAS,12,2010,2021
2009,Summer,59,2,19,TEX,Daniel Schlereth,481282,RP,Daniel Schlereth,LAA TEX,6,2010,2015
2009,Summer,60,2,20,SD,Tony Sanchez,498608,C,Jorge Sanchez,KC SD,8,2010,2017
2009,Summer,61,2,21,TOR,Daniel Hudson,468813,SP,Daniel Hudson,CHW CLE KC SEA SF TOR,13,2010,2025
2009,Summer,62,2,22,COL,Wilson Ramos,3796,C,Wilson Ramos,ATL BAL CLE COL NYM,14,2010,2023
2009,Summer,63,2,23,PIT,Marc Rzepczynski,145679,SP,Marc Rzepczynski,CIN CLE PHI PIT TOR,6,2010,2019
2009,Summer,64,2,24,SF,Kris Medlen,495343,SP,Kris Medlen,NYM SF,8,2010,2018
2009,Summer,65,2,25,SD,Matt Hobgood,135103,SP,Matt Hobgood,CHW NYY SD SF,6,2010,2015
2009,Summer,66,2,26,KC,Jiovanni Mier,268222,SS,Jiovanni Mier,CIN KC SD,16,2010,2025
2009,Summer,67,2,27,SF,Brandon Allen,449994,1B,Brandon Allen,NYM SF,5,2010,2014
2009,Summer,68,2,28,NYM,Zack Wheeler,417654,SP,Zach Wheeler,ATL BOS NYM STL WAS,17,2010,2026
2009,Summer,69,2,29,BAL,Brad Bergesen,315935,SP,Brad Bergesen,BAL,4,2010,2013
2009,Summer,70,2,30,DET,Zach McAllister,482319,SP,Zach McAllister,CIN DET,13,2010,2022
2009,Summer,71,2,31,WAS,Bradley Holt,314412,SP,Brad Holt,CIN WAS,7,2010,2016
2009,Summer,72,2,32,ARI,Everth Cabrera,86289,SS,Everth Cabrera,ARI CLE NYM TB,6,2010,2015
2009,Summer,73,3,1,TB,Jason Knapp,494886,SP,Jason Knapp,CHW TB,4,2010,2013
2009,Summer,74,3,2,MIL,Josh Lindblom,214406,SP,Josh Lindblom,DET LAD MIL PHI TB,10,2010,2023
2009,Summer,75,3,3,CHC,Mike Leake,306094,SP,Mike Leake,ARI CHC COL TOR,11,2010,2021
2009,Summer,76,3,4,BAL,Nick Barnese,230564,SP,Nick Barnese,BAL,5,2010,2014
2009,Summer,77,3,5,TOR,Chris Heisey,407520,OF,Chris Heisey,MIN TOR,7,2010,2016
2009,Summer,78,3,6,CLE,(forfeited),,,,,,,
2009,Summer,79,3,7,NYY,Wil Myers,372391,C,Wil Myers,CLE COL NYM NYY PIT TB WAS,16,2010,2025
2009,Summer,80,3,8,OAK,Casey Crosby,487136,SP,Casey Crosby,CIN NYM OAK STL,11,2010,2020
2009,Summer,81,3,9,WAS,Jay Jackson,25127,SP,Jay Jackson,ATL BAL CIN COL MIA NYM PHI WAS,15,2010,2025
2009,Summer,82,3,10,STL,Alex Liddi,352520,3B,Alex Liddi,LAA STL WAS,13,2010,2022
2009,Summer,83,3,11,CHC,Zack Cozart,181895,SS,Zach Cozart,CHC MIN STL,11,2010,2020
2009,Summer,84,3,12,DET,Zack Britton,123329,SP,Zach Britton,COL DET SD TB,14,2010,2023
2009,Summer,85,3,13,PIT,Tommy Everidge,322659,3B,Tommy Everidge,PIT,2,2010,2011
2009,Summer,86,3,14,OAK,Jared Mitchell,65437,OF,Jared Mitchell,OAK SF,6,2010,2015
2009,Summer,87,3,15,CHW,Thomas Neal,153748,OF,Thomas Neal,CHW NYM PIT,6,2010,2015
2009,Summer,88,3,16,ARI,Tanner Scheppers,309080,SP,Tanner Scheppers,ARI MIL SD SEA WAS,9,2010,2018
2009,Summer,89,3,17,WAS,Corey Brown,510148,OF,Corey Brown,BOS NYM WAS,6,2010,2015
2009,Summer,90,3,18,LAD,Danny Valencia,315217,3B,Danny Valencia,LAD SD TB TOR WAS,10,2010,2019
2009,Summer,91,3,19,SF,Ryan Strieby,354775,1B,Ryan Strieby,SF,4,2010,2013
2009,Summer,92,3,20,CIN,(forfeited),,,,,,,
2009,Summer,93,3,21,MIA,Eric Young,71234,2B,Eric Young Jr.,BOS MIA MIN,7,2010,2016
2009,Summer,94,3,22,CLE,(forfeited),,,,,,,
2009,Summer,95,3,23,ATL,Mark Hallberg,402286,2B,Mark Hallberg,ATL KC,7,2010,2016
2009,Summer,96,3,24,TB,Alex Avila,216580,C,Alex Avila,CHW NYY TB,13,2010,2022
2009,Summer,97,3,25,ATL,(forfeited),,,,,,,
2009,Summer,98,3,26,CIN,(forfeited),,,,,,,
2009,Summer,99,3,27,LAA,Scott Sizemore,398313,2B,Scott Sizemore,DET LAA MIL TOR,6,2010,2015
2009,Summer,100,3,28,NYM,Mike Minor,124437,SP,Mike Minor,ARI NYM SEA STL,12,2010,2022
2009,Summer,101,3,29,LAD,Chase d'Arnaud,353019,SS,Chase d'Arnaud,LAD,13,2010,2022
2009,Summer,102,3,30,SEA,Nick Hagadone,85537,SP,Nick Hagadone,ARI NYM SEA,9,2010,2018
2009,Summer,103,3,31,HOU,Drew Storen,91169,RP,Drew Storen,HOU MIN PHI,9,2010,2018
2009,Summer,104,3,32,SD,Matt Purke,90407,SP,Matt Purke,BOS SD,5,2010,2014
2009,Summer,105,3,33,KC,Kent Matthes,361775,OF,Kent Matthes,KC,6,2010,2015
2009,Summer,106,3,34,CLE,AJ Pollock,112357,OF,A.J. Pollock,CIN CLE MIL NYM,15,2010,2024
2009,Summer,107,3,35,CIN,Chad James,395168,SP,Chad James,CIN DET,5,2010,2014
2009,Summer,108,3,36,CLE,Shelby Miller,211134,SP,Shelby Miller,CHC CLE HOU LAA MIN TOR,14,2010,2026
2009,Summer,109,3,37,ATL,Chad Jenkins,488629,SP,Chad Jenkins,ATL,8,2010,2017
2009,Summer,110,3,38,CIN,Randal Grichuk,179100,OF,Randal Grichuk,BAL CHC CIN KC MIL NYM NYY SEA,16,2010,2025
2009,Winter,1,1,1,DET,Bud Norris,113059,SP,Bud Norris,ATL DET MIL WAS,7,2011,2019
2009,Winter,2,1,2,PHI,Tommy Hunter,114372,OF,Tommy Hunter,BAL MIA PHI SD TOR,12,2011,2023
2009,Winter,3,1,3,NYY,Brady Shoemaker,58153,C,Brady Shoemaker,NYY,4,2011,2014
2009,Winter,4,1,4,PIT,Koby Clemens,432075,OF,Koby Clemens,CHW PIT,2,2011,2012
2009,Winter,5,1,5,STL,Brett Jackson,275460,SS,Brett Jackson,STL,7,2011,2017
2009,Winter,6,1,6,HOU,Starlin Castro,221904,SP,Starlin Castro,BAL CLE HOU SD STL TEX,12,2011,2022
2009,Winter,7,1,7,LAD,Anthony Ranaudo,516731,SP,Anthony Ranaudo,LAD PHI,7,2011,2017
2009,Winter,8,1,8,OAK,Chris Withrow,31421,SS,Chris Withrow,OAK,7,2011,2017
2009,Winter,9,1,9,SD,Ian Desmond,414064,OF,Ian Desmond,ARI DET MIA SD SEA,10,2011,2020
2009,Winter,10,1,10,TB,Ryan Westmoreland,31765,3B,Ryan Westmoreland,TB,3,2011,2013
2009,Winter,11,1,11,KC,Conor Gillaspie,260099,OF,Conor Gillaspie,KC,6,2011,2016
2009,Winter,12,1,12,WAS,Grant Desme,440980,RP,Grant Desme,WAS,5,2011,2015
2009,Winter,13,1,13,ATL,Ryan Perry,292638,SS,Ryan Perry,ATL,4,2011,2014
2009,Winter,14,1,14,CHC,Danny Espinosa,231652,SS,Danny Espinosa,CHC SD SF,6,2011,2017
2009,Winter,15,1,15,CIN,(forfeited),,,,,,,
2009,Winter,16,1,16,SF,Kevin Mulvey,451837,OF,Kevin Mulvey,SF,2,2011,2012
2009,Winter,17,1,17,LAA,Wilkin Ramírez,258541,SP,Wilkin Ramirez,LAA,5,2011,2015
2009,Winter,18,1,18,TOR,Simón Castro,183565,C,Simon Castro,TEX TOR,4,2011,2014
2009,Winter,19,1,19,CHW,Austin Romine,86719,3B,Austin Romine,BOS CHW,11,2011,2021
2009,Winter,20,1,20,SEA,David Freese,153627,OF,David Freese,BOS LAA MIA MIN SEA,10,2011,2021
2009,Winter,21,1,21,MIN,Mike Trout,490973,SP,Michael Trout,DET MIA MIN SD SEA WAS,16,2011,2026
2009,Winter,22,1,22,NYM,Aaron Miller,501950,SS,Aaron Miller,NYM,4,2011,2014
2009,Winter,23,1,23,MIL,Christian Colón,81154,SP,Christian Colon,ARI COL MIL WAS,9,2011,2020
2009,Winter,24,1,24,MIA,Zach Stewart,194555,RP,Zach Stewart,ATL MIA OAK PIT,5,2011,2015
2009,Winter,25,1,25,BOS,Luke Gregerson,399291,SP,Luke Gregerson,ATL BOS KC MIA TEX,9,2011,2020
2009,Winter,26,1,26,TEX,Nick Franklin,81382,SP,Nick Franklin,BOS MIL TEX,11,2011,2021
2009,Winter,27,1,27,COL,Arodys Vizcaíno,48910,RP,Arodys Vizcaino,ATL COL MIA PIT SEA TOR WAS,11,2011,2021
2009,Winter,28,1,28,BAL,Dan Runzler,369422,SP,Dan Runzler,BAL MIA,5,2011,2015
2009,Winter,29,1,29,ARI,Eric Arnett,80901,3B,Eric Arnett,ARI,3,2011,2013
2009,Winter,30,1,30,CLE,Brent Morel,252483,3B,Brent Morel,CLE MIL,5,2011,2015
2009,Winter,31,1,31,CIN,Juan Francisco,391102,OF,Juan Francisco,BOS CIN COL SD,6,2011,2016
2008,Summer,1,1,1,OAK,Trevor Cahill,201550,SP,Trevor Cahill,MIA OAK STL WAS,9,2009,2019
2008,Summer,2,1,2,TEX,Chris Volstad,508877,SP,Chris Volstad,LAA TEX,6,2009,2014
2008,Summer,3,1,3,ARI,Todd Frazier,357765,3B,Todd Frazier,ARI CIN NYM OAK PIT SF STL,11,2009,2020
2008,Summer,4,1,4,CLE,Greg Smith,460303,SP,Greg Smith,SD,3,2009,2011
2008,Summer,5,1,5,STL,Buster Posey,231761,C,Buster Posey,NYM PIT STL,14,2009,2023
2008,Summer,6,1,6,KC,Brian Matusz,337552,SP,Brian Matusz,KC SD,9,2009,2017
2008,Summer,7,1,7,LAD,Blake DeWitt,133837,3B,Blake DeWitt,CIN LAD MIL PIT,5,2009,2013
2008,Summer,8,1,8,LAD,Jeremy Hellickson,404541,SP,Jeremy Hellickson,LAD MIN PHI SEA,10,2009,2018
2008,Summer,9,1,9,PIT,Tim Beckham,101312,SS,Tim Beckham,COL LAA PIT SEA SF,15,2009,2023
2008,Summer,10,1,10,MIA,John Lannan,156776,SP,John Lannan,CLE KC LAA MIA OAK,6,2009,2014
2008,Summer,11,1,11,WAS,Mat Gamel,413192,3B,Mat Gamel,ARI MIL WAS,7,2009,2015
2008,Summer,12,1,12,CLE,Jake Arrieta,301794,SP,Jake Arrieta,ARI CLE OAK WAS,13,2009,2021
2008,Summer,13,1,13,MIN,Gordon Beckham,180171,SS,Gordon Beckham,MIN,7,2009,2015
2008,Summer,14,1,14,MIN,Yonder Alonso,446343,1B,Yonder Alonso,COL MIN TB WAS,12,2009,2020
2008,Summer,15,1,15,TEX,Jason Heyward,222496,OF,Jason Heyward,ATL SD TB TEX,16,2009,2024
2008,Summer,16,1,16,BAL,Aaron Crow,107003,SP,Aaron Crow,BAL CIN CLE HOU PIT TOR,10,2009,2018
2008,Summer,17,1,17,LAD,James McDonald,332397,SP,James McDonald,DET LAD,6,2009,2014
2008,Summer,18,1,18,SF,Chris Tillman,59615,SP,Chris Tillman,MIA NYM SF WAS,10,2009,2018
2008,Summer,19,1,19,SD,Aaron Poreda,380576,SP,Aaron Poreda,ARI SD TB,6,2009,2016
2008,Summer,20,1,20,LAA,Brett Cecil,413715,SP,Brett Cecil,LAA MIA OAK TB,10,2009,2019
2008,Summer,21,1,21,CLE,Ryan Tucker,386999,SP,Ryan Tucker,CLE NYM,4,2009,2012
2008,Summer,22,1,22,COL,Tyler Robertson,447358,SP,Tyler Robertson,COL PHI,9,2009,2017
2008,Summer,23,1,23,MIA,Daryl Thompson,130042,SP,Daryl Thompson,SF,4,2009,2012
2008,Summer,24,1,24,BAL,Stephen Strasburg,39090,SP,Stephen Strasburg,BAL TB,15,2009,2024
2008,Summer,25,1,25,CIN,Madison Bumgarner,411172,SP,Madison Bumgarner,CIN HOU NYM,14,2009,2023
2008,Summer,26,1,26,ARI,Jordan Schafer,279442,OF,Jordan Schafer,ARI COL LAA PIT SF,11,2009,2019
2008,Summer,27,1,27,SF,Wes Hodges,350106,1B,Wes Hodges,SF,3,2009,2011
2008,Summer,28,1,28,NYM,Brett Wallace,358998,3B,Brett Wallace,BOS CHW CIN MIN NYM TOR,9,2009,2018
2008,Summer,29,1,29,ATL,Phillippe Aumont,84680,SP,Phillippe Aumont,ATL HOU MIL WAS,12,2009,2020
2008,Summer,30,1,30,TOR,Jordan Walden,393576,SP,Jordan Walden,PIT TOR WAS,9,2009,2017
2008,Summer,31,1,31,KC,Jhoulys Chacín,303401,SP,Jhoulys Chacin,CLE COL DET KC,12,2009,2021
2008,Summer,32,1,32,PHI,Tim Alderson,96088,SP,Tim Alderson,ARI LAA LAD PHI TB,6,2009,2014
2008,Summer,33,1,33,NYY,Luke Hughes,32542,1B,Luke Hughes,NYY,6,2009,2014
2008,Summer,34,1,34,SF,J. P. Arencibia,61745,C,J.P. Arencibia,SF,6,2009,2014
2008,Summer,35,1,35,PIT,David Huff,451103,SP,David Huff,ARI CIN LAA PIT,11,2009,2021
2008,Summer,36,1,36,BAL,Angel Villalona,182765,1B,Angel Villalona,BAL CHC,7,2009,2015
2008,Summer,37,1,37,WAS,Jesús Flores,115419,C,Jesus Flores,ARI TEX WAS,6,2009,2014
2008,Summer,38,1,38,TB,Carlos Triunfel,125688,SS,Carlos Triunfel,MIN TB,9,2009,2017
2008,Summer,39,1,39,HOU,Armando Galarraga,384422,SP,Armando Gallaraga,HOU,7,2009,2015
2008,Summer,40,1,40,LAD,Vin Mazzaro,411843,SP,Vince Mazzaro,CLE LAD MIL,9,2009,2017
2008,Summer,41,1,41,NYM,Dan Cortes,163966,SP,Dan Cortes,NYM,4,2009,2012
2008,Summer,42,1,42,ATL,Brandon Jones,60410,OF,Brandon Jones,ATL,6,2009,2014
2008,Summer,43,1,43,TOR,Michael Saunders,51437,OF,Michael Saunders,SF STL TOR WAS,10,2009,2018
2008,Summer,44,2,1,PHI,Neftalí Feliz,106589,SP,Neftali Feliz,ATL COL PIT,9,2009,2017
2008,Summer,45,2,2,PHI,Nate Schierholtz,166066,OF,Nate Schierholtz,DET LAD PHI,6,2009,2014
2008,Summer,46,2,3,SEA,Austin Jackson,219961,OF,Austin Jackson,BOS OAK SF WAS,9,2009,2018
2008,Summer,47,2,4,KC,Eric Hosmer,430932,1B,Eric Hosmer,ATL KC NYY WAS,15,2009,2024
2008,Summer,48,2,5,PIT,Jesús Guzmán,473232,1B,Jesus Guzman,PIT SF STL,8,2009,2016
2008,Summer,49,2,6,NYY,Collin Balester,101176,SP,Collin Balester,NYY,5,2009,2013
2008,Summer,50,2,7,SF,James Simmons,291708,SP,James Simmons,SF,5,2009,2013
2008,Summer,51,2,8,HOU,Jordan Zimmermann,4864,SP,Jordan Zimmermann,CLE HOU SEA,10,2009,2020
2008,Summer,52,2,9,ARI,Kyle Gibson,322379,SP,Kyle Gibson,ARI ATL KC MIN SD SF TOR,17,2009,2025
2008,Summer,53,2,10,TEX,Jess Todd,115382,SP,Jess Todd,TEX,4,2009,2012
2008,Summer,54,2,11,TEX,Kyle Skipworth,123577,C,Kyle Skipworth,TEX,5,2009,2013
2008,Summer,55,2,12,STL,Greg Halman,40816,OF,Greg Halman,STL,3,2009,2011
2008,Summer,56,2,13,CHC,Chris Coghlan,320491,2B,Chris Coghlan,CHC,7,2009,2015
2008,Summer,57,2,14,CHC,Michael Brantley,329221,OF,Michael Brantley,ARI CHC CIN CLE COL,16,2009,2025
2008,Summer,58,2,15,CHC,Jonathan Lucroy,17391,C,Jonathan Lucroy,CHC CHW SEA SF,13,2009,2022
2008,Summer,59,2,16,CLE,Xavier Paul,496522,OF,Xavier Paul,CLE TOR,5,2009,2014
2008,Summer,60,2,17,DET,Ryan Reid,427685,SP,Ryan Reid,DET,7,2009,2015
2008,Summer,61,2,18,OAK,Aaron Cunningham,144731,OF,Aaron Cunningham,CIN NYM OAK,5,2009,2013
2008,Summer,62,2,19,PIT,Jon Jay,55756,OF,John Jay,NYM PIT SF,9,2009,2018
2008,Summer,63,2,20,LAA,Lou Marson,117504,C,Lou Marson,LAA,6,2009,2014
2008,Summer,64,2,21,LAD,Travis Denker,142113,2B,Travis Denker,LAA LAD PIT,5,2009,2013
2008,Summer,65,2,22,COL,Ben Revere,82463,OF,Ben Revere,BOS COL HOU KC PIT,11,2009,2019
2008,Summer,66,2,23,SEA,Jeremy Jeffress,170779,SP,Jeremy Jeffress,NYY OAK SEA SF TB,14,2009,2022
2008,Summer,67,2,24,HOU,Aaron Hicks,366859,OF,Aaron Hicks,ARI HOU MIA MIN PHI,16,2009,2024
2008,Summer,68,2,25,STL,Pablo Sandoval,32694,3B,Pablo Sandoval,HOU PIT SEA STL,11,2009,2020
2008,Summer,69,2,26,MIN,Josh Fields,61621,RP,Joshua Fields,MIN SEA,12,2009,2020
2008,Summer,70,2,27,PHI,Neftali Soto,199892,3B,Neftali Soto,CHC PHI,7,2009,2015
2008,Summer,71,2,28,NYM,Eric Campbell,285940,3B,Eric Campbell,CIN NYM,8,2009,2016
2008,Summer,72,2,29,KC,Steve Garrison,500782,SP,Steve Garrison,KC,7,2009,2015
2008,Summer,73,2,30,TOR,Iván De Jesús,20800,2B,Ivan DeJesus,COL MIL SF TOR,9,2009,2017
2008,Summer,74,2,31,BAL,Brett Gardner,491607,OF,Brett Gardner,ARI BAL COL MIL PHI SD TB,12,2009,2021
2008,Summer,75,2,32,TOR,Gorkys Hernández,62334,OF,Gorkys Hernandez,CHC NYM TOR,6,2009,2014
2008,Summer,76,3,1,CLE,Ike Davis,472248,1B,Ike Davis,CLE HOU PHI TEX,8,2009,2016
2008,Summer,77,3,2,MIN,Jason Castro,318003,C,Jason Castro,COL LAD MIL MIN STL TB,15,2009,2023
2008,Summer,78,3,3,ARI,Jason Donald,453408,2B,Jason Donald,ARI PHI PIT,7,2009,2015
2008,Summer,79,3,4,CHW,Ryan Kalish,462666,OF,Ryan Kalish,CHW OAK,7,2009,2015
2008,Summer,80,3,5,SF,Gerardo Parra,436865,OF,Gerardo Parra,CLE MIA NYY SEA SF TB,9,2009,2018
2008,Summer,81,3,6,NYY,David Cooper,63322,1B,David Cooper,NYY,6,2009,2014
2008,Summer,82,3,7,NYY,David Hernandez,70493,RP,David Hernandez,LAD NYY STL,11,2009,2020
2008,Summer,83,3,8,CIN,Logan Morrison,15455,1B,Logan Morrison,BAL CIN LAA LAD MIA NYM,13,2009,2022
2008,Summer,84,3,9,SF,Jonathon Niese,378028,SP,Jon Niese,MIA SEA SF,8,2009,2016
2008,Summer,85,3,10,MIA,Alex Hinshaw,255461,RP,Alex Hinshaw,MIA NYM PIT SEA,5,2009,2013
2008,Summer,86,3,11,MIN,Kyle McClellan,80365,SP,Kyle McClellan,MIN,5,2009,2013
2008,Summer,87,3,12,MIA,Josh Reddick,443631,OF,Josh Reddick,HOU MIA NYM PIT TB,12,2009,2020
2008,Summer,88,3,13,CHC,John Mayberry,27964,OF,John Mayberry Jr.,CHC TEX,7,2009,2015
2008,Summer,89,3,14,CHC,Michael Burgess,139973,OF,Michael Burgess,CHC MIL,6,2009,2014
2008,Summer,90,3,15,WAS,Carlos Rosa,297157,SP,Carlos Rosa,SF TB TOR WAS,4,2009,2012
2008,Summer,91,3,16,SF,Mike Costanzo,26671,1B,Mike Costanzo,SF,4,2009,2012
2008,Summer,92,3,17,DET,J. A. Happ,74813,SP,J.A. Happ,DET MIA MIN PIT TEX,13,2009,2021
2008,Summer,93,3,18,OAK,Reese Havens,26171,SS,Reese Havens,ATL OAK PIT,7,2009,2015
2008,Summer,94,3,19,CHC,Clayton Richard,516533,SP,Clayton Richard,ARI CHC CLE,7,2009,2019
2008,Summer,95,3,20,LAA,Justin Maxwell,453601,OF,Justin Maxwell,CHW LAA OAK,8,2009,2016
2008,Summer,96,3,21,TB,Matt Joyce,147810,OF,Matt Joyce,BAL KC OAK PHI PIT SD SEA TB WAS,12,2009,2021
2008,Summer,97,3,22,COL,Mat Latos,477703,SP,Mat Latos,ATL COL SEA,9,2009,2017
2008,Summer,98,3,23,TB,Boone Logan,331423,RP,Boone Logan,CHW HOU NYM TB,9,2009,2017
2008,Summer,99,3,24,MIL,Cole Gillespie,114436,OF,Cole Gillespie,MIL OAK TOR,4,2009,2012
2008,Summer,100,3,25,OAK,Jemile Weeks,500688,2B,Jemile Weeks,NYY OAK SF,8,2009,2016
2008,Summer,101,3,26,BOS,John Bowker,419723,OF,John Bowker,BOS CHW TB,5,2009,2013
2008,Summer,102,3,27,MIL,Gaby Sánchez,488601,1B,Gaby Sanchez,ATL DET MIL TB TOR,6,2009,2014
2008,Summer,103,3,28,NYM,Nick Pereira,313480,SP,Nick Pereira,CIN NYM,8,2009,2016
2008,Summer,104,3,29,ARI,Tyler Flowers,424360,C,Tyler Flowers,ARI COL MIA MIL TOR,13,2009,2021
2008,Summer,105,3,30,TOR,Sean Doolittle,120008,RP,Sean Doolittle,CHC COL DET NYY PIT TOR WAS,14,2009,2022
2007,Summer,1,1,1,PHI,David Price,9274,SP,David Price,COL OAK PHI SEA,13,2009,2022
2007,Summer,2,1,2,DET,Will Inman,300774,SP,Will Inman,DET LAA NYM,6,2009,2014
2007,Summer,3,1,3,TOR,Clay Buchholz,35305,SP,Clay Buchholz,ARI CHW SF TOR,10,2009,2019
2007,Summer,4,1,4,CHW,Carlos Gómez,510219,OF,Carlos Gomez,ATL CHW COL MIL MIN,11,2009,2020
2007,Summer,5,1,5,SF,Michael Bowden,449756,SP,Michael Bowden,SF TOR WAS,8,2009,2016
2007,Summer,6,1,6,TOR,Travis Snider,426552,OF,Travis Snider,SF STL TOR,8,2009,2016
2007,Summer,7,1,7,WAS,Andrew McCutchen,491921,OF,Andrew McCutchen,CHC COL SD SEA SF TB,18,2009,2026
2007,Summer,8,1,8,HOU,Franklin Morales,334604,SP,Franklin Morales,BOS HOU TEX,7,2009,2015
2007,Summer,9,1,9,ATL,Billy Rowell,156498,3B,Bill Rowell,MIA SD,4,2009,2012
2007,Summer,10,1,10,CIN,Joba Chamberlain,259801,SP,Joba Chamberlain,CIN SD TB,7,2009,2015
2007,Summer,11,1,11,OAK,Brent Lillibridge,16697,2B,Brent Lillibridge,ARI OAK,6,2009,2014
2007,Summer,12,1,12,STL,Henry Sosa,382799,SP,Henry Sosa,STL,5,2009,2013
2007,Summer,13,1,13,NYM,Joe Smith,219217,SP,Joe Smith,BOS CIN COL NYM PIT SD TB,13,2009,2022
2007,Summer,14,1,14,ARI,Pedro Álvarez,62087,3B,Pedro Alvarez,OAK TEX TOR,10,2009,2019
2007,Summer,15,1,15,PIT,Asdrúbal Cabrera,309149,SS,Asdrubal Cabrera,ATL COL DET NYM PIT,12,2009,2022
2007,Summer,16,1,16,KC,Matt Wieters,154974,C,Matt Wieters,CLE KC MIN SD,12,2009,2021
2007,Summer,17,1,17,CLE,Matt Antonelli,361921,2B,Matt Antonelli,PHI,6,2009,2014
2007,Summer,18,1,18,COL,Ian Kennedy,402988,SP,Ian Kennedy,COL MIA NYM SD TOR,12,2009,2022
2007,Summer,19,1,19,SD,Brooks Brown,309247,SP,Brooks Brown,CHC SD,5,2009,2013
2007,Summer,20,1,20,ATL,Greg Reynolds,508159,SP,Greg Reynolds,ATL MIA,6,2009,2014
2007,Summer,21,1,21,TOR,Chase Headley,233906,3B,Chase Headley,ARI COL DET SD TOR,10,2009,2019
2007,Summer,22,1,22,CIN,Wade LeBlanc,152622,SP,Wade LeBlanc,CHW CIN MIA SD,9,2009,2020
2007,Summer,23,1,23,ATL,Matt LaPorta,444604,3B,Matt LaPorta,MIN,8,2009,2016
2007,Summer,24,1,24,NYY,Cla Meredith,64445,SP,Cla Meredith,NYY,4,2009,2012
2007,Summer,25,1,25,SEA,Wladimir Balentien,417791,OF,Wladimir Balentien,PHI SD TB,5,2009,2013
2007,Summer,26,1,26,MIN,Mike Moustakas,157758,3B,Mike Moustakas,CLE COL DET KC LAD MIL MIN SD TOR,16,2009,2024
2007,Summer,27,1,27,MIA,Rick van den Hurk,471882,SP,Rick Vanden Hurk,ARI MIL TB,6,2009,2014
2007,Summer,28,1,28,CHC,Carlos Villanueva,395435,SP,Carlos Villanueva,PHI TEX WAS,8,2009,2017
2007,Summer,29,1,29,LAD,Jon Meloan,269120,RP,Jonathan Meloan,BOS LAD MIA,5,2009,2013
2007,Summer,30,1,30,CLE,Dexter Fowler,40590,OF,Dexter Fowler,ARI CLE HOU LAA SD SEA STL TOR,12,2009,2021
2007,Summer,31,1,31,DET,Justin Germano,412344,SP,Justin Germano,DET,6,2009,2014
2007,Summer,32,1,32,BAL,Matt Capps,181970,RP,Matt Capps,BAL COL,6,2009,2014
2007,Summer,33,1,33,HOU,Alcides Escobar,422977,SS,Alcides Escobar,CHW MIA NYY SEA TB,14,2009,2023
2007,Summer,34,1,34,OAK,Matt Dominguez,261899,3B,Matt Dominguez,LAA OAK TB,10,2009,2018
2007,Summer,35,1,35,ATL,Josh Vitters,265815,3B,Josh Vitters,ATL,8,2009,2016
2007,Summer,36,1,36,PIT,John Jaso,320932,C,John Jaso,CIN NYM PHI PIT,9,2009,2017
2007,Summer,37,1,37,KC,Matt Harrison,476627,SP,Matt Harrison,KC,7,2009,2015
2007,Summer,38,1,38,LAA,Manny Corpas,97868,RP,Manny Corpas,ATL CHC LAA,5,2009,2013
2007,Summer,39,1,39,BOS,Joakim Soria,290943,RP,Joakim Soria,BOS KC MIA NYY SD SF,12,2009,2022
2007,Summer,40,1,40,TEX,Rick Porcello,76534,SP,Rick Porcello,ARI BAL CIN COL HOU TEX WAS,13,2009,2022
2007,Summer,41,1,41,CLE,Brandon Hynick,71947,SP,Brandon Hynick,CLE MIA,5,2009,2013
2007,Summer,42,1,42,NYY,Matt Albers,415860,SP,Matt Albers,ARI ATL BOS SF TOR,10,2009,2019
2007,Summer,43,1,43,SEA,Chris Perez,230646,SP,Christopher Perez,BAL,7,2009,2015
2007,Summer,44,1,44,MIA,Bryan Anderson,207615,C,Bryan Anderson,CHC TOR,7,2009,2015
2007,Summer,45,1,45,CHC,Tony Abreu,38982,2B,Tony Abreu,CHC TEX,6,2009,2014
2007,Summer,46,2,1,ARI,Frankie De La Cruz,239568,SP,Eulogio de la Cruz,ARI,3,2009,2011
2007,Summer,47,2,2,DET,Kevin Frandsen,206899,2B,Kevin Fransden,DET LAD PHI,6,2009,2017
2007,Summer,48,2,3,ARI,Eddie Morlan,31108,SP,Eduardo Morlan,BOS,4,2009,2012
2007,Summer,49,2,4,BAL,Yunel Escobar,120460,SS,Yunel Escobar,BAL HOU NYY TB,8,2009,2017
2007,Summer,50,2,5,SF,Deolis Guerra,346997,SP,Deolis Guerra,CHC LAA SF,8,2009,2021
2007,Summer,51,2,6,BAL,Edwar Ramírez,491759,SP,Edwar Ramirez,BAL,5,2009,2013
2007,Summer,52,2,7,WAS,Garrett Olson,315031,SP,Garrett Olson,PHI WAS,4,2009,2012
2007,Summer,53,2,8,TOR,Johnny Cueto,14422,SP,Johnny Cueto,ATL BOS CHC CHW MIN NYY PIT SEA TOR,15,2009,2024
2007,Summer,54,2,9,COL,Chris Marrero,49445,1B,Chris Marrero,COL MIL,6,2009,2014
2007,Summer,55,2,10,LAD,Aaron Laffey,305319,SP,Aaron Laffey,CHW LAD PHI,3,2009,2011
2007,Summer,56,2,11,KC,Chris Mason,180923,SP,Chris Mason,KC,8,2009,2016
2007,Summer,57,2,12,STL,Dallas Trahern,327365,SP,Dallas Trahern,NYM STL,3,2009,2011
2007,Summer,58,2,13,NYM,(forfeited),,,,,,,
2007,Summer,59,2,14,ARI,Jeff Manship,426481,SP,Jeff Manship,CLE PIT TOR,6,2009,2017
2007,Summer,60,2,15,PIT,Jed Lowrie,8575,SS,Jed Lowrie,CIN COL KC LAA NYM TB TOR,12,2009,2022
2007,Summer,61,2,16,NYY,Ángel Sálome,152363,C,Angel Salome,NYY,5,2009,2013
2007,Summer,62,2,17,SF,Desmond Jennings,369788,OF,Desmond Jennings,DET SF TOR,9,2009,2017
2007,Summer,63,2,18,LAA,Eric O'Flaherty,456455,SP,Eric O'Flaherty,COL LAA MIL NYY TOR,7,2009,2016
2007,Summer,64,2,19,SD,Manny Ayala,185049,SP,Manny Ayala,SD,3,2009,2011
2007,Summer,65,2,20,ATL,Adrian Cardenas,75984,2B,Adrian Cardenas,ATL CHW,6,2009,2014
2007,Summer,66,2,21,ATL,Sean West,197448,SP,Sean West,ARI ATL CHW,5,2009,2013
2007,Summer,67,2,22,TB,Lars Anderson,132255,1B,Lars Anderson,PHI TB,7,2009,2015
2007,Summer,68,2,23,LAA,Jo-Jo Reyes,3800,SP,Jo-Jo Reyes,COL LAA PHI TB,4,2009,2012
2007,Summer,69,2,24,CLE,Josh Outman,221460,SP,Josh Outman,MIN,8,2009,2016
2007,Summer,70,2,25,SEA,Matt Chico,335356,SP,Matt Chico,SEA TB,4,2009,2012
2007,Summer,71,2,26,SEA,J. R. Towles,60155,C,JR Towles,ARI TB,6,2009,2014
2007,Summer,72,2,27,NYY,Casey Weathers,103990,SP,Casey Weathers,NYY,6,2009,2014
2007,Summer,73,2,28,ATL,Kala Ka'aihue,353652,1B,Kala Ka'aihue,LAA PIT,5,2009,2013
2007,Summer,74,2,29,WAS,Jesse Litsch,452254,SP,Jesse Litsch,WAS,7,2009,2015
2007,Summer,75,2,30,PIT,Taylor Teagarden,65699,C,Taylor Teagarden,NYM PIT TOR,8,2009,2016
2007,Summer,76,2,31,LAA,Jack Egbert,5318,SP,Jack Egbert,LAD,6,2009,2014
2007,Summer,77,3,1,STL,Dellin Betances,444156,SP,Dellin Betances,CHW MIA NYM SD STL,14,2009,2022
2007,Summer,78,3,2,DET,Alan Horne,304216,SP,Alan Horne,LAA,4,2009,2012
2007,Summer,79,3,3,MIN,Chin-lung Hu,95063,SS,Chin-Lung Hu,MIN,5,2009,2013
2007,Summer,80,3,4,ARI,Justin Masterson,368738,SP,Justin Masterson,ARI CIN LAA STL,9,2009,2017
2007,Summer,81,3,5,CLE,Kevin Pucetas,238564,SP,Kevin Pucetas,CLE,5,2009,2013
2007,Summer,82,3,6,BAL,Geovany Soto,66958,C,Geovany Soto,BAL KC PHI SD,9,2009,2018
2007,Summer,83,3,7,SF,Kasey Kiker,501790,SP,Kasey Kiker,BOS SF TB,4,2009,2012
2007,Summer,84,3,8,HOU,Brett Anderson,314672,SP,Brett Anderson,CLE HOU MIL STL TB,12,2009,2021
2007,Summer,85,3,9,COL,Tommy Hanson,259858,SP,Tommy Hanson,BOS COL,6,2009,2014
2007,Summer,86,3,10,OAK,Omar Poveda,447192,SP,Omar Poveda,CHW OAK SD,6,2009,2014
2007,Summer,87,3,11,CLE,Chris Davis,499009,1B,Chris Davis,ARI HOU SEA,10,2009,2019
2007,Summer,88,3,12,CLE,Alexi Casilla,383806,SS,Alexi Casilla,BOS CLE MIL,6,2009,2014
2007,Summer,89,3,13,NYM,Oswaldo Sosa,433844,SP,Oswaldo Sosa,ARI NYM,3,2009,2011
2007,Summer,90,3,14,COL,Kyle Blanks,398603,1B,Kyle Blanks,ATL COL HOU TB,9,2009,2017
2007,Summer,91,3,15,MIA,Kason Gabbard,292326,SP,Kason Gabbard,CHW TB,3,2009,2011
2007,Summer,92,3,16,MIL,Rafael Pérez,254335,RP,Rafael Perez,LAA LAD MIL,7,2009,2016
2007,Summer,93,3,17,TEX,Daniel Moskos,2276,SP,Daniel Moskos,COL TEX,5,2009,2013
2007,Summer,94,3,18,MIL,Curtis Thigpen,175195,C,Curtis Thigpen,MIL,2,2009,2010
2007,Summer,95,3,19,SD,Steve Pearce,242851,1B,Steven Pearce,BOS LAD PHI SD TB TOR,9,2009,2020
2007,Summer,96,3,20,MIN,Ross Detwiler,447238,SP,Ross Detwiler,MIN,8,2009,2016
2007,Summer,97,3,21,MIL,Jensen Lewis,137544,SP,Jensen Lewis,MIL WAS,7,2009,2015
2007,Summer,98,3,22,LAD,Delwyn Young,94193,2B,Delwyn Young,CHC,5,2009,2013
2007,Summer,99,3,23,MIL,Brian Barton,435370,OF,Brian Barton,MIL,3,2009,2011
2007,Summer,100,3,24,SEA,Danny Richar,492102,2B,Danny Richar,MIL,3,2009,2011
2007,Summer,101,3,25,BOS,Chad Huffman,123276,OF,Chad Huffman,LAD SF WAS,7,2009,2019
2007,Summer,102,3,26,NYY,Tyler Clippard,387068,RP,Tyler Clippard,NYY SEA,12,2009,2022
2007,Summer,103,3,27,MIL,Kyle Kendrick,360298,SP,Kyle Kendrick,CLE KC PHI SD,6,2009,2015
2007,Summer,104,3,28,COL,Justin Smoak,244004,1B,Justin Smoak,BAL COL LAA,12,2009,2020
2007,Summer,105,3,29,LAD,Germán Durán,424872,3B,German Duran,LAD PHI,3,2009,2011
2007,Summer,106,3,30,TEX,Jarrod Parker,465922,SP,Jarrod Parker,TEX,9,2009,2017
2006,Summer,1,1,1,ATL,Wade Davis,412927,SP,Wade Davis,ATL BAL CIN DET SEA TEX,11,2009,2020
2006,Summer,2,1,2,CLE,Josh Johnson,211144,SP,Josh Johnson,COL PHI SEA TB,7,2009,2015
2006,Summer,3,1,3,SEA,Chris Young,496498,OF,Chris Young,CHC MIA SD,10,2009,2018
2006,Summer,4,1,4,TOR,Nick Adenhart,325813,SP,Nick Adenhart,TOR,1,2009,2009
2006,Summer,5,1,5,TOR,Tom Gorzelanny,310934,SP,Tom Gorzelanny,ARI HOU MIA NYY TB TOR,8,2009,2016
2006,Summer,6,1,6,TOR,Matt Kemp,254997,OF,Matt Kemp,BAL BOS COL DET MIN PHI SEA WAS,12,2009,2021
2006,Summer,7,1,7,DET,Cesar Carrillo,434630,SP,Cesar Carrillo,DET,5,2009,2013
2006,Summer,8,1,8,HOU,Jarrod Saltalamacchia,148398,C,Jarrod Saltalamacchia,CLE HOU SEA,7,2009,2016
2006,Summer,9,1,9,CLE,Kendrys Morales,491965,1B,Kendry Morales,BAL CHW CLE HOU NYY,10,2009,2020
2006,Summer,10,1,10,OAK,Matt Garza,103648,SP,Matt Garza,CHC CLE KC LAA SD,8,2009,2018
2006,Summer,11,1,11,MIL,Eric Patterson,499683,2B,Eric Patterson,ARI KC MIL MIN,7,2009,2015
2006,Summer,12,1,12,OAK,Andre Ethier,105470,OF,Andre Ethier,ARI ATL BOS HOU LAD,7,2009,2016
2006,Summer,13,1,13,NYY,Edinson Vólquez,515276,SP,Edinson Volquez,CLE MIL NYY SF,10,2009,2020
2006,Summer,14,1,14,DET,Casey Janssen,267700,RP,Casey Janssen,DET TEX TOR,6,2009,2017
2006,Summer,15,1,15,BAL,Ryan Shealy,513419,1B,Ryan Shealy,BAL MIL,3,2009,2011
2006,Summer,16,1,16,BOS,Paul Maholm,55292,SP,Paul Maholm,CLE COL MIL TB,6,2009,2014
2006,Summer,17,1,17,TOR,Matt Murton,186631,OF,Matt Murton,HOU,1,2011,2011
2006,Summer,18,1,18,CLE,Clay Hensley,267112,SP,Clay Hensley,CLE NYY,5,2009,2014
2006,Summer,19,1,19,CHW,Andrew Miller,476529,SP,Andrew Miller,ARI ATL CHW MIA PIT,13,2009,2022
2006,Summer,20,1,20,CHC,Tim Lincecum,247274,SP,Tim Lincecum,CHC,8,2009,2016
2006,Summer,21,1,21,LAA,Jair Jurrjens,243799,SP,Jair Jurrjens,LAA MIL,5,2009,2013
2006,Summer,22,1,22,ARI,Yovani Gallardo,387896,SP,Yovanni Gallardo,MIN PHI SD STL TOR,9,2009,2018
2006,Summer,23,1,23,MIN,Evan Longoria,16738,3B,Evan Longoria,CHC MIN OAK SF TB TOR,14,2009,2024
2006,Summer,24,1,24,MIA,Josh Fields,34914,3B,Josh Fields,DET SEA,5,2009,2013
2006,Summer,25,1,25,SD,Willy Aybar,319750,3B,Willy Aybar,CLE SD TB,5,2009,2013
2006,Summer,26,1,26,DET,Brandon Erbe,271652,SP,Brandon Erbe,DET MIL,6,2009,2014
2006,Summer,27,1,27,SEA,Kevin Slowey,106378,SP,Kevin Slowey,ARI PIT SD,7,2009,2015
2006,Summer,28,1,28,LAD,Reid Brignac,389458,2B,Reid Brignac,HOU,6,2009,2014
2006,Summer,29,1,29,NYM,Mike Napoli,118545,C,Mike Napoli,DET MIA NYM WAS,7,2009,2016
2006,Summer,30,1,30,CIN,Enrique González,318733,SP,Enrique Gonzalez,CIN,4,2009,2012
2006,Summer,31,1,31,BOS,Scott Mathieson,233266,SP,Scott Mathieson,BOS MIA,7,2009,2015
2006,Summer,32,1,32,HOU,Carlos González,151387,OF,Carlos Gonzalez,CHC HOU PIT SEA,11,2009,2020
2006,Summer,33,1,33,BAL,Sean Rodríguez,28106,2B,Sean Rodriguez,DET SF TB WAS,10,2009,2019
2006,Summer,34,1,34,NYY,Dustin Nippert,507902,SP,Dustin Nippert,NYY,5,2009,2013
2006,Summer,35,1,35,DET,Taylor Tankersley,513616,RP,Taylor Tankersley,DET,2,2009,2010
2006,Summer,36,1,36,TOR,Kevin Kouzmanoff,499848,3B,Kevin Kouzmanoff,KC LAA NYM,6,2009,2014
2006,Summer,37,1,37,MIA,Ronny Paulino,261240,C,Ronny Paulino,MIA WAS,4,2009,2012
2006,Summer,38,1,38,CLE,Jeremy Accardo,475133,RP,Jeremy Accardo,HOU,3,2009,2011
2006,Summer,39,1,39,SEA,Humberto Sánchez,147648,RP,Humberto Sanchez,SF TB,3,2009,2011
2006,Summer,40,1,40,NYM,Chris Denorfia,420989,OF,Chris Denorfia,CHW NYM,9,2009,2017
2006,Summer,41,1,41,PIT,Melky Cabrera,225315,OF,Melky Cabrera,ATL CHW NYY TOR,9,2009,2018
2006,Summer,42,2,1,ATL,José Tábata,16119,OF,Jose Tabata,ARI ATL DET,8,2009,2016
2006,Summer,43,2,2,SEA,Chris Iannetta,384822,C,Chris Iannetta,COL LAD MIA SEA,9,2009,2019
2006,Summer,44,2,3,KC,Brad Lincoln,356787,SP,Brad Lincoln,KC,9,2009,2017
2006,Summer,45,2,4,OAK,Kurt Birkins,68527,SP,Kurt Birkins,OAK,2,2009,2010
2006,Summer,46,2,5,MIA,James Shields,463505,SP,Jamie Shields,BAL BOS SEA SF STL,8,2009,2018
2006,Summer,47,2,6,OAK,Carlos Marmól,11251,RP,Carlos Marmol,SEA,5,2009,2013
2006,Summer,48,2,7,COL,Bill Bray,281953,RP,Bill Bray,ATL COL PIT TB,5,2009,2013
2006,Summer,49,2,8,HOU,Kevin Melillo,9230,OF,Kevin Melillo,SF,5,2009,2013
2006,Summer,50,2,9,BAL,Charlie Haeger,224561,SP,Charlie Haeger,ARI LAA,4,2009,2012
2006,Summer,51,2,10,BAL,Max Ramírez,277424,C,Max Ramirez,BAL,6,2009,2014
2006,Summer,52,2,11,COL,Pat Neshek,63454,RP,Pat Neshek,CIN KC LAA LAD SD,7,2009,2019
2006,Summer,53,2,12,OAK,Drew Stubbs,315546,OF,Drew Stubbs,OAK,8,2009,2016
2006,Summer,54,2,13,MIA,Elizardo Ramírez,425640,SP,Elizardo Ramirez,MIA,4,2009,2012
2006,Summer,55,2,14,CLE,Neil Walker,232117,C,Neil Walker,BOS COL KC MIL SD SEA TB,11,2009,2020
2006,Summer,56,2,15,TEX,Jay Bruce,280653,OF,Jay Bruce,CLE TEX WAS,12,2009,2021
2006,Summer,57,2,16,OAK,José Arredondo,319771,RP,Jose Arredondo,BAL OAK SD,7,2009,2015
2006,Summer,58,2,17,ARI,Daniel Haigwood,189078,SP,Daniel Haigwood,MIA,5,2009,2013
2006,Summer,59,2,18,KC,José García,473778,SP,Jose L. Garcia,KC WAS,5,2009,2013
2006,Summer,60,2,19,SD,Micah Owings,340245,SP,Micah Owings,PIT SD,5,2009,2014
2006,Summer,61,2,20,CHW,Fernando Martínez,183539,OF,Fernando Martinez,BOS CHW KC,6,2009,2014
2006,Summer,62,2,21,LAA,Reggie Willits,311225,OF,Reggie Willits,PHI,4,2009,2012
2006,Summer,63,2,22,TEX,Colby Rasmus,308480,OF,Colby Rasmus,SF TEX,10,2009,2019
2006,Summer,64,2,23,MIN,Mark Pawelek,302452,SP,Mark Pawelek,MIN,6,2009,2014
2006,Summer,65,2,24,SEA,Joe Koshansky,328703,1B,Joe Koshansky,WAS,6,2009,2014
2006,Summer,66,2,25,CLE,Michael Bourn,385618,OF,Michael Bourn,HOU KC SD TB,8,2009,2017
2006,Summer,67,2,26,BAL,Jake Fox,216410,C,Jake Fox,CHC PIT SD SEA,5,2009,2013
2006,Summer,68,2,27,BOS,Jonathan Sánchez,377150,SP,Jonathan Sanchez,CHC CHW,4,2009,2012
2006,Summer,69,2,28,LAD,Jake McGee,481659,RP,Jake McGee,CHC CIN NYM PIT WAS,12,2009,2022
2006,Summer,70,2,29,NYM,Jason Hammel,381286,SP,Jason Hammel,BOS NYM SF STL,9,2009,2018
2006,Summer,71,2,30,PIT,Mike O'Connor,467130,SP,Michael O'Connor,PIT,2,2009,2010
2006,Summer,72,2,31,CIN,Zach Miner,425890,SP,Zach Miner,CIN,3,2009,2011
2006,Summer,73,2,32,CIN,Chuck Lofgren,437572,SP,Chuck Lofgren,CIN,8,2009,2016
2006,Summer,74,3,1,ATL,Eric Hurley,66028,SP,Eric Hurley,BOS CHW SD,5,2009,2013
2006,Summer,75,3,2,ARI,Carlos Carrasco,56766,SP,Carlos Carrasco,ATL CIN COL HOU KC MIL NYM TOR,16,2009,2024
2006,Summer,76,3,3,NYY,Ryan Sweeney,221227,OF,Ryan Sweeney,LAA SD,8,2009,2016
2006,Summer,77,3,4,MIN,Jaime García,392787,SP,Jamie Garcia,MIN OAK,10,2009,2019
2006,Summer,78,3,5,KC,Kory Casto,492485,1B,Kory Casto,ARI PIT,3,2009,2011
2006,Summer,79,3,6,DET,Chris Carter,273621,1B,Chris Carter,DET,5,2009,2013
2006,Summer,80,3,7,PIT,Jason Windsor,327657,SP,Jason Windsor,PIT,2,2009,2010
2006,Summer,81,3,8,HOU,Donnie Veal,97677,SP,Donald Veal,HOU,7,2009,2015
2006,Summer,82,3,9,BAL,Yung Chi Chen,230500,2B,Yung Chi Chen,CHC,3,2009,2011
2006,Summer,83,3,10,CIN,Travis Buck,123293,1B,Travis Buck,CIN,4,2009,2012
2006,Summer,84,3,11,PIT,Scott Thorman,363020,1B,Scott Thorman,CIN PIT,5,2009,2013
2006,Summer,85,3,12,LAD,Nolan Reimold,231128,OF,Nolan Reimold,LAD,6,2009,2014
2006,Summer,86,3,13,TOR,Elvis Andrus,403805,SS,Elvis Andrus,BAL LAA LAD SD TOR,15,2009,2024
2006,Summer,87,3,14,MIN,Brandon Morrow,36515,SP,Brandon Morrow,HOU MIN SD TEX,12,2009,2022
2006,Summer,88,3,15,CIN,Hank Conger,470578,C,Hank Conger,CIN TB,8,2009,2016
2006,Summer,89,3,16,WAS,Joey Votto,320873,1B,Joey Votto,BOS KC LAD SEA STL TB WAS,15,2009,2024
2006,Summer,90,3,17,MIA,Travis Wood,231368,SP,Travis Wood,BAL BOS LAA MIA NYM WAS,9,2009,2017
2006,Summer,91,3,18,MIN,Mark Reynolds,410706,3B,Mark Reynolds,BOS MIN SEA TB,9,2009,2019
2006,Summer,92,3,19,TOR,Jeff Bianchi,234707,3B,Jeff Bianchi,MIL,8,2009,2016
2006,Summer,93,3,20,CLE,Max Scherzer,204108,SP,Max Scherzer,ARI ATL BAL BOS CIN COL NYM OAK PIT SEA TB TEX TOR,17,2009,2026
2006,Summer,94,3,21,KC,Sergio Pedroza,219529,OF,Sergio Pedroza,CHW,3,2009,2011
2006,Summer,95,3,22,TEX,Radhames Liz,172573,SP,Radhames Liz,ARI CHW WAS,5,2009,2016
2006,Summer,96,3,23,ARI,Sean Smith,484897,SP,Sean Smith,PIT,2,2009,2010
2006,Summer,97,3,24,SD,Edward Mujica,418589,SP,Edward Mujica,MIN SD,7,2009,2016
2006,Summer,98,3,25,ARI,Chris Britton,413951,SP,Chris Britton,PHI TB,2,2009,2010
2006,Summer,99,3,26,BOS,Juan Salas,348758,RP,Juan Salas,PHI,3,2009,2011
2006,Summer,100,3,27,CHW,Andy Sonnanstine,296745,SP,Andy Sonnanstine,CHW NYY,5,2009,2013
2006,Summer,101,3,28,LAD,Mark Alexander,360431,RP,Mark Alexander,WAS,5,2009,2013
2006,Summer,102,3,29,NYM,Clayton Kershaw,25630,SP,Clayton Kershaw,ARI PIT TOR,17,2009,2026
2006,Summer,103,3,30,BOS,Logan Kensing,399432,SP,Logan Kensing,SEA WAS,4,2009,2012
2006,Summer,104,3,31,MIA,Adam Lind,232925,OF,Adam Lind,CLE COL LAD MIA PIT SF STL WAS,9,2009,2019
2005,Summer,1,1,1,BAL,Anthony Reyes,422877,SP,Anthony Reyes,BAL,2,2009,2010
2005,Summer,2,1,2,DET,Yhency Brazobán,409566,SP,Yhency Brazoban,WAS,6,2009,2014
2005,Summer,3,1,3,LAA,Kyle Davies,330049,SP,Kyle Davies,PIT STL,9,2009,2017
2005,Summer,4,1,4,CHC,Huston Street,228198,RP,Huston Street,ATL CHC DET NYM PIT,8,2009,2017
2005,Summer,5,1,5,TOR,Brandon McCarthy,305629,SP,Brandon McCarthy,BAL HOU PHI,9,2009,2018
2005,Summer,6,1,6,CLE,Adam Miller,287400,SP,Adam Miller,HOU,5,2009,2013
2005,Summer,7,1,7,TOR,Brian McCann,77115,C,Brian McCann,BAL BOS CHW KC PHI TOR,10,2009,2020
2005,Summer,8,1,8,TOR,Hayden Penn,179436,SP,Hayden Penn,MIA PIT SF,4,2009,2012
2005,Summer,9,1,9,SEA,Noah Lowry,162310,SP,Noah Lowry,NYY,4,2009,2012
2005,Summer,10,1,10,NYM,Justin Upton,30255,OF,Justin Upton,CHW COL LAA NYM PHI PIT TOR,12,2009,2021
2005,Summer,11,1,11,ATL,Chuck James,409841,SP,Chuck James,ARI PIT,3,2010,2012
2005,Summer,12,1,12,TOR,Billy Butler,505766,1B,Billy Butler,CLE SD TOR,8,2009,2017
2005,Summer,13,1,13,TOR,Dustin Pedroia,226595,2B,Dustin Pedroia,ATL BAL CLE COL PHI,11,2009,2020
2005,Summer,14,1,14,LAA,Phil Hughes,116123,SP,Philip Hughes,CLE LAA NYY SEA TOR,10,2009,2019
2005,Summer,15,1,15,MIN,Jorge Cantú,262108,2B,Jorge Cantu,NYM WAS,4,2009,2012
2005,Summer,16,1,16,LAA,Howie Kendrick,117849,2B,Howie Kendrick,LAA LAD PHI TB TEX,11,2009,2021
2005,Summer,17,1,17,OAK,Gustavo Chacín,426479,SP,Gustavo Chacin,OAK,2,2009,2010
2005,Summer,18,1,18,CHC,Rich Hill,291654,SP,Rich Hill,ATL MIN TB TEX TOR WAS,9,2009,2021
2005,Summer,19,1,19,TEX,Brent Clevlen,93151,OF,Brent Clevlen,PHI,4,2009,2012
2005,Summer,20,1,20,HOU,Ezequiel Astacio,462241,SP,Ezequiel Astacio,,,,
2005,Summer,21,1,21,STL,Daric Barton,338199,1B,Daric Barton,TEX,6,2009,2014
2005,Summer,22,1,22,NYY,Chris Nelson,298932,1B,Chris Nelson,MIL NYY,6,2009,2014
2005,Summer,23,1,23,ATL,Josh Willingham,387230,OF,Josh Willingham,MIN OAK,5,2009,2014
2005,Summer,24,1,24,ATL,Lance Broadway,233340,SP,Lance Broadway,ATL,6,2009,2014
2005,Summer,25,1,25,TB,Gio Gonzalez,246177,SP,Gio Gonzalez,COL LAA MIA MIN PHI PIT TOR,12,2009,2021
2005,Summer,26,1,26,TB,Francisco Liriano,443781,SP,Francisco Liriano,ARI CLE MIA NYY PIT SEA WAS,10,2009,2021
2005,Summer,27,1,27,KC,Chad Orvella,374108,RP,Chad Orvella,STL,2,2009,2010
2005,Summer,28,1,28,SEA,Daniel Cabrera,296230,SP,Daniel Cabrera,OAK,2,2010,2011
2005,Summer,29,1,29,LAA,Sean Gallagher,192303,SP,Sean Gallagher,ARI LAA MIA TOR,5,2009,2013
2005,Summer,30,1,30,STL,Jonathan Broxton,91197,RP,Jonathan Broxton,CLE NYM STL,9,2009,2018
2005,Summer,31,1,31,MIL,Alex Gordon,187854,3B,Alex Gordon,ARI CHC CHW DET KC MIA NYM TB,10,2009,2020
2005,Summer,32,1,32,KC,Thomas Diamond,294509,SP,Thomas Diamond,ARI PIT,4,2009,2012
2005,Summer,33,1,33,SEA,Willy Taveras,12234,OF,Willy Taveras,HOU,2,2009,2010
2005,Summer,34,1,34,TEX,Jeff Clement,83401,C,Jeff Clement,NYM TEX,5,2009,2013
2005,Summer,35,1,35,HOU,Fernando Nieve,424570,SP,Fernando Nieve,HOU,6,2009,2014
2005,Summer,36,1,36,LAA,Ricky Nolasco,420186,SP,Carlos (Ricky) Nolasco,BOS MIL MIN OAK TB,9,2009,2019
2005,Summer,37,1,37,NYY,Curtis Granderson,466039,OF,Curtis Granderson,BAL CHW CLE NYY PIT SF,9,2009,2019
2005,Summer,38,1,38,ATL,Hunter Pence,202980,OF,Hunter Pence,CIN SD SEA TOR WAS,10,2009,2020
2005,Summer,39,1,39,MIA,Santiago Casilla,135183,SP,Jairo Garcia,PIT TB WAS,7,2009,2017
2005,Summer,40,1,40,MIA,Joel Zumaya,18635,RP,Joel Zumaya,CHC CIN PIT,6,2009,2014
2005,Summer,41,2,1,OAK,Chris Ray,63582,RP,Chris Ray,MIN OAK TEX,4,2009,2013
2005,Summer,42,2,2,PIT,José Castillo,113458,2B,Jose Castillo,PIT,2,2009,2010
2005,Summer,43,2,3,ATL,Troy Patton,501724,RP,Troy Patton,KC,8,2009,2016
2005,Summer,44,2,4,LAD,Craig Hansen,339817,RP,Craig Hansen,ARI BOS MIA,5,2009,2013
2005,Summer,45,2,5,DET,Ricky Romero,274122,SP,Ricky Romero,ARI OAK,6,2009,2014
2005,Summer,46,2,6,ATL,Justin Orenduff,208149,SP,Justin Orenduff,LAD,6,2009,2014
2005,Summer,47,2,7,BAL,Ryan Zimmerman,378745,3B,Ryan Zimmerman,ATL BAL BOS CLE SD,12,2009,2021
2005,Summer,48,2,8,TOR,Jon Lester,27139,SP,Jon Lester,BAL MIL NYM NYY PIT STL TB,11,2009,2021
2005,Summer,49,2,9,PIT,Cameron Maybin,398167,OF,Cameron Maybin,ARI CLE COL NYY PIT,12,2009,2020
2005,Summer,50,2,10,NYM,Aníbal Sánchez,416110,SP,Anibal Sanchez,BOS MIA NYM OAK STL,11,2009,2020
2005,Summer,51,2,11,KC,Brian Bannister,501157,SP,Brian Bannister,STL,3,2009,2011
2005,Summer,52,2,12,TB,Russell Martin,251570,C,Russell Martin,BOS CHW MIA NYM OAK SD SEA TB,10,2009,2020
2005,Summer,53,2,13,CIN,Joey Devine,260818,RP,Joey Devine,CIN MIN,6,2009,2014
2005,Summer,54,2,14,NYY,Gaby Hernandez,432429,1B,Gaby Hernandez,NYY,6,2009,2014
2005,Summer,55,2,15,BAL,Sergio Mitre,507881,SP,Sergio Mitre,COL DET,3,2009,2011
2005,Summer,56,2,16,TB,Chien-Ming Wang,371696,SP,Chien-Ming Wang,CLE OAK TB WAS,5,2009,2013
2005,Summer,57,2,17,SD,J. P. Howell,338587,RP,J.P. Howell,DET MIA SD TB,8,2009,2017
2005,Summer,58,2,18,SD,Miguel Montero,185527,C,Miguel Montero,COL DET NYY SD,9,2009,2019
2005,Summer,59,2,19,TEX,Mike Pelfrey,40910,SP,Mike Pelfrey,CLE TEX,5,2009,2013
2005,Summer,60,2,20,HOU,Dallas Braden,361148,SP,Dallas Braden,HOU,6,2009,2014
2005,Summer,61,2,21,LAA,Rúben Gotay,179401,2B,Ruben Gotay,DET,3,2009,2011
2005,Summer,62,2,22,NYY,Javier Herrera,301031,OF,Javier Herrera,NYY,4,2009,2012
2005,Summer,63,2,23,SEA,Kelly Johnson,83576,2B,Kelly Johnson,MIA NYM STL TEX,7,2009,2016
2005,Summer,64,2,24,COL,Jacoby Ellsbury,51907,OF,Jacoby Ellsbury,CIN MIA MIL WAS,10,2009,2019
2005,Summer,65,2,25,SD,Eddy Martinez-Esteve,108311,OF,Eddy Martinez-Esteve,SD,3,2009,2011
2005,Summer,66,2,26,SEA,Luke Hochevar,472502,SP,Luke Hochevar,ARI TEX,9,2009,2017
2005,Summer,67,2,27,LAD,Kurt Suzuki,130738,C,Kurt Suzuki,KC LAD PHI SD STL WAS,11,2009,2022
2005,Summer,68,2,28,SD,J. B. Cox,213404,SP,J.B. Cox,SD,3,2009,2011
2005,Summer,69,2,29,OAK,Jake Woods,468002,SP,Jake Woods,COL OAK,3,2009,2011
2005,Summer,70,2,30,STL,Jonathan Papelbon,453708,RP,Jonathan Papelbon,CLE COL PHI TEX,7,2009,2016
2005,Summer,71,3,1,LAA,Luis González,174578,2B,Luis A. Gonzalez,LAA,3,2009,2011
2005,Summer,72,3,2,SEA,Omar Quintanilla,418965,2B,Omar Quintanilla,BAL,2,2009,2010
2005,Summer,73,3,3,MIL,Travis Bowyer,186700,RP,Travis Bowyer,KC,1,2009,2009
2005,Summer,74,3,4,SEA,Renyel Pinto,61991,SP,Renyel Pinto,MIA PIT,5,2009,2013
2005,Summer,75,3,5,MIL,Dana Eveland,472634,SP,Dana Eveland,MIN OAK TOR,4,2009,2017
2005,Summer,76,3,6,TOR,Ryan Garko,421776,1B,Ryan Garko,CHC CHW,3,2009,2011
2005,Summer,77,3,7,MIL,Zach Jackson,233312,SP,Zach Jackson,MIL,3,2009,2011
2005,Summer,78,3,8,SEA,Rob Tejeda,274772,SP,Robinson Tejeda,ARI SEA WAS,4,2009,2012
2005,Summer,79,3,9,MIL,George Kottaras,135485,C,George Kottaras,PIT SF,7,2009,2015
2005,Summer,80,3,10,NYM,Anthony Swarzak,501742,SP,Anthony Swarzak,BOS CLE COL NYM SEA,10,2009,2020
2005,Summer,81,3,11,MIL,Charles Thomas,32310,OF,Charles Thomas,MIL,1,2009,2009
2005,Summer,82,3,12,CIN,Ryan Braun,280760,3B,Ryan Braun,ATL CIN COL PIT,12,2009,2021
2005,Summer,83,3,13,CLE,Bobby Livingston,254287,SP,Bobby Livingston,SF TB,4,2009,2012
2005,Summer,84,3,14,MIL,Jake Stevens,329730,SP,Jake Stevens,CHW MIL,5,2009,2013
2005,Summer,85,3,15,BAL,Sean Marshall,439034,RP,Sean Marshall,ATL CHC CHW SF,7,2009,2016
2005,Summer,86,3,16,PIT,Glen Perkins,290912,RP,Glen Perkins,PIT SEA TB WAS,7,2009,2017
2005,Summer,87,3,17,KC,Hung-Chih Kuo,435611,RP,Hong-Chih Kuo,CLE,4,2009,2012
2005,Summer,88,3,18,DET,Ronny Cedeño,303645,SS,Ronny Cedeno,HOU KC,4,2009,2012
2005,Summer,89,3,19,TEX,Troy Tulowitzki,125412,SS,Troy Tulowitzki,ARI MIA TEX TOR,11,2009,2020
2005,Summer,90,3,20,HOU,(forfeited),,,,,,,
2005,Summer,91,3,21,MIL,Tony Sipp,2018,SP,Tony Sipp,DET LAD,10,2009,2020
2005,Summer,92,3,22,MIL,Elijah Dukes,479385,OF,Elijah Dukes,ARI LAA,4,2009,2012
2005,Summer,93,3,23,CLE,Ty Taubenheim,326315,SP,Ty Taubenheim,BOS MIL,4,2009,2012
2005,Summer,94,3,24,SEA,Marcus Sanders,70876,SS,Marcus Sanders,SEA,4,2009,2012
2005,Summer,95,3,25,MIL,Jason Vargas,363504,SP,Jason Vargas,CLE MIA MIL PHI TOR,10,2009,2020
2005,Summer,96,3,26,MIL,Anthony Lerew,230724,SP,Anthony Lerew,OAK,2,2009,2010
2005,Summer,97,3,27,BOS,Wandy Rodríguez,239135,SP,Wandy Rodriguez,ARI STL TEX,6,2009,2015
2005,Summer,98,3,28,MIL,Alejandro Machado,506480,2B,Alejandro Machado,MIL,2,2009,2010
2005,Summer,99,3,29,HOU,(forfeited),,,,,,,
2005,Summer,100,3,30,MIL,Jake Gautreau,108988,2B,Jake Gautreau,,,,
