Signing Year,Day,Signed By,Player,Player ID,Pos,Age,Rights,Years,AAV,Opt,zWAR,Entered As,Teams Rostered,Seasons,First Year,Last Year
2026,t1-1,LAA,Shohei Ohtani,79063,SP,32,0.1,6,70.000,no,7.5,Shohei Ohtani,CIN LAA,8,2019,2026
2026,t1-1,ATL,Juan Soto,459148,RF,28,,7,65.000,yes,5.4,Juan Soto,ATL DET WAS,9,2018,2026
2026,t1-1,LAD,Vladimir Guerrero,333303,1B,27,,7,48.000,no,4.4,Vladimir Guerrero Jr.,CLE KC LAD,9,2018,2026
2026,t1-1,LAA,Kyle Tucker,441952,RF,29,0.1,6,40.000,no,4.4,Kyle Tucker,LAA,11,2016,2026
2026,t1-1,SD,Byron Buxton,152073,CF,33,,4,37.000,yes,3.3,Byron Buxton,CLE KC OAK SD SEA,14,2013,2026
2026,t1-2,TB,Chris Sale,384431,SP,37,,2,59.000,yes,4.6,Chris Sale,MIA MIL NYY SD TB TOR WAS,16,2011,2026
2026,t1-2,CLE,José Ramírez,460140,3B,34,,6,50.000,no,3.2,Jose Ramirez,CHW CLE NYY TEX,12,2015,2026
2026,t1-2,OAK,Kevin Gausman,376217,SP,35,,2,39.000,yes,2.5,Kevin Gausman,CLE COL OAK TB,14,2013,2026
2026,t1-2,BAL,Matt Chapman,494549,3B,33,,3,37.000,yes,3.8,Matt Chapman,BAL NYY,12,2015,2026
2026,t1-2,NYY,Ranger Suarez,130359,SP,31,,5,37.000,no,3.0,Ranger Suarez,MIL NYY WAS,7,2020,2026
2026,t2-1,LAD,Tatsuya Imai,269913,H,28,,4,48.000,Yes,2.0,Tatsuya Imai,LAD,1,2026,2026
2026,t2-1,MIA,Nathan Eovaldi,330937,SP,36,,2,45.000,Yes,2.3,Nathan Eovaldi,BOS CIN LAA MIA WAS,14,2012,2026
2026,t2-1,CHC,Kazuma Okamoto,401203,H,30,,5,40.000,Yes,2.5,Kazuma Okamoto,CHC,1,2026,2026
2026,t2-1,PHI,Jesús Luzardo,313805,SP,29,,4,30.000,Yes,3.3,Jesus Luzardo,COL MIL PHI,8,2019,2026
2026,t2-1,PIT,Munetaka Murakami,52380,H,26,,4,26.000,No,2.1,Munetaka Murakami,PIT,1,2026,2026
2026,t2-1,CHC,Brandon Lowe,3538,2B,32,,3,26.000,Yes,1.8,Brandon Lowe,CHC PIT,9,2018,2026
2026,t2-1,MIL,Pablo López,58834,SP,30,0.1,5,25.522,Yes,1.7,Pablo Lopez,MIA MIL,8,2019,2026
2026,t2-1,NYY,Griffin Jax,514275,RP,32,,3,24.500,Yes,1.5,Griffin Jax,NYY TB,4,2023,2026
2026,t2-1,CIN,Brandon Nimmo,498629,LF,33,,3,24.000,Yes,2.5,Brandon Nimmo,CHW CIN TOR,15,2012,2026
2026,t2-1,BAL,Willson Contreras,56673,1B,34,,2,24.000,Yes,2.2,Willson Contreras,BAL CHW LAD,11,2016,2026
2026,t2-1,STL,Ian Happ,411589,LF,32,,2,22.000,Yes,2.6,Ian Happ,COL KC MIL MIN STL,12,2015,2026
2026,t2-1,OAK,Justin Steele,114348,SP,31,,3,21.500,Yes,2.6,Justin Steele,OAK TB,4,2023,2026
2026,t2-1,BAL,Félix Bautista,62059,RP,31,,4,21.100,No,0.7,Felix Bautista,BAL MIA,4,2023,2026
2026,t2-1,LAA,Robbie Ray,143333,SP,35,,3,20.000,No,1.1,Robbie Ray,DET LAA SEA TEX,15,2012,2026
2026,t2-1,TEX,Emilio Pagán,86173,RP,35,,2,20.000,Yes,0.5,Emilio Pagan,KC PHI TEX,5,2019,2026
2026,t2-1,SF,Tommy Edman,470,2B,31,,4,16.000,Yes,2.2,Tommy Edman,PHI SF,7,2020,2026
2026,t2-1,BOS,Nico Hoerner,41932,2B,29,,5,15.000,no,3.2,Nico Hoerner,BOS CIN COL MIA SD TB,8,2019,2026
2026,t2-1,SEA,Mike Trout,490973,RF,35,0.05,2,15.000,No,2.8,Mike Trout,DET MIA MIN SD SEA WAS,16,2011,2026
2026,t2-1,HOU,José Alvarado,58272,RP,31,,3,13.500,Yes,0.9,Jose Alvarado,CLE HOU KC,8,2019,2026
2026,t2-1,MIA,TJ Friedl,331876,CF,31,,3,12.500,Yes,1.7,TJ Friedl,MIA MIN,4,2023,2026
2026,t2-1,SD,Sean Murphy,364045,C,32,,3,12.000,No,2.3,Sean Murphy,CHC SD,9,2018,2026
2026,t2-1,CIN,Justin Verlander,67654,SP,43,,2,11.000,No,1.1,Justin Verlander,CHC CHW CIN MIL PHI SEA,16,2009,2026
2026,t2-1,SD,Garrett Cleavinger,391327,RP,32,,3,11.000,Yes,0.8,Garrett Cleavinger,PHI SD,4,2023,2026
2026,t2-1,BOS,Caleb Durbin,2523,3B,26,,4,11.000,Yes,1.8,Caleb Durbin,BOS,1,2026,2026
2026,t2-1,NYY,Tyler Rogers,99868,RP,36,0.05,2,10.500,Yes,0.7,Tyler Rogers,CHW KC NYY TOR WAS,7,2020,2026
2026,t2-1,MIA,Luis Arráez,39386,1B,29,,4,10.000,Yes,2.2,Luis Arraez,MIA MIL NYM TB TOR,8,2019,2026
2026,t2-1,NYY,Riley O'Brien,171810,RP,31,,2,10.000,Yes,2.2,Riley O'Brien,NYY,1,2026,2026
2026,t2-1,SF,Carson Kelly,117238,C,32,,2,10.000,Yes,2.4,Carson Kelly,ARI BOS SF,10,2017,2026
2026,t2-1,WAS,Shane Bieber,344446,SP,31,,2,9.500,Yes,2.3,Shane Bieber,TEX WAS,8,2019,2026
2026,t2-1,SEA,Ramón Laureano,21637,RF,32,,2,9.000,Yes,0.9,Ramon Laureano,DET MIA PIT SEA,9,2018,2026
2026,t2-1,MIL,Jake Meyers,226626,CF,30,,3,8.501,Yes,2.5,Jake Meyers,ATL MIL WAS,5,2022,2026
2026,t2-1,ARI,Jason Adam,61228,RP,35,,2,8.000,No,0.8,Jason Adam,ARI CLE KC SF,10,2012,2026
2026,t2-1,STL,Gavin Lux,219129,2B,29,,3,8.000,Yes,1.8,Gavin Lux,CIN NYM STL,10,2017,2026
2026,t2-1,ARI,Jack Dreyer,197652,RP,27,,3,7.500,Yes,0.4,Jack Dreyer,ARI,1,2026,2026
2026,t2-1,COL,Matt Svanson,413386,RP,27,,3,7.276,Yes,0.4,Matt Svanson,COL,1,2026,2026
2026,t2-1,OAK,Zach Cole,110737,RF,26,,3,6.000,Yes,1.0,Zach Cole,OAK,1,2026,2026
2026,t2-1,NYM,Carlos Narváez,111155,C,28,0.05,3,5.000,Yes,1.8,Carlos Narvaez,NYM,2,2025,2026
2026,t2-1,TB,Shawn Armstrong,97185,RP,36,,2,4.000,Yes,0.6,Shawn Armstrong,ATL CHW PHI PIT TB,9,2017,2026
2026,t2-1,TOR,Evan Phillips,69517,RP,32,,2,3.667,Yes,0.6,Evan Phillips,PIT TOR,4,2023,2026
2026,t2-1,WAS,RJ Schreck,409189,H,26,,4,3.500,Yes,1.2,RJ Schreck,WAS,1,2026,2026
2026,t2-1,NYM,Tanner Banks,385643,RP,35,,2,2.500,Yes,0.3,Tanner Banks,NYM TOR,3,2024,2026
2026,t2-1,TB,Sean Newcomb,382649,RP,33,,2,2.500,Yes,1.5,Sean Newcomb,MIN OAK SD TB TOR,11,2014,2026
2026,t2-2,TEX,Carlos Rodón,170720,SP,34,,3,39.000,Yes,1.9,Carlos Rodon,BAL KC TB TEX WAS,14,2013,2026
2026,t2-2,SD,Luis Castillo,299924,SP,34,,3,22.500,No,1.8,Luis Castillo,BOS COL SD,10,2010,2026
2026,t2-2,BOS,Trent Grisham,361138,CF,30,,4,20.000,no,2.9,Trent Grisham,BOS SF,11,2016,2026
2026,t2-2,DET,Aaron Nola,199099,SP,33,,3,14.000,Yes,2.2,Aaron Nola,CLE DET SD SEA,13,2014,2026
2026,t2-2,TEX,Kenley Jansen,405653,RP,39,,2,10.600,No,0.3,Kenley Jansen,ATL CIN CLE MIA NYM TB TEX WAS,15,2012,2026
2026,t2-2,TEX,Fernando Cruz,118850,RP,36,,2,10.100,Yes,0.9,Fernando Cruz,COL TEX,3,2024,2026
2026,t2-2,SEA,Trevor Story,404372,SS,34,,2,10.000,No,1.8,Trevor Story,ARI ATL BAL HOU SEA WAS,15,2012,2026
2026,t2-2,CIN,J. T. Realmuto,303381,C,35,,2,9.400,No,1.8,J.T. Realmuto,ARI BAL BOS CIN DET MIL SEA TB TEX,14,2013,2026
2026,t2-2,SD,Bryan Baker,188862,RP,32,,3,9.100,No,0.4,Bryan Baker,OAK SD,4,2023,2026
2026,t2-2,PHI,Phil Maton,96812,RP,33,,3,9.000,Yes,0.6,Phil Maton,LAD MIL NYM PHI,9,2018,2026
2026,t2-2,HOU,Braydon Fisher,119570,RP,26,,4,7.500,Yes,0.5,Braydon Fisher,HOU,1,2026,2026
2026,t2-2,SEA,Chad Patrick,471787,SP,28,,3,7.000,No,1.2,Chad Patrick,SEA,1,2026,2026
2026,t2-2,LAA,Kyle Finnegan,174781,RP,35,,3,6.500,Yes,0.4,Kyle Finnegan,LAA SD SF,5,2022,2026
2026,t2-2,BOS,Cole Winn,257742,RP,27,,3,6.000,Yes,0.0,Cole Winn,BOS PIT TB TOR,8,2019,2026
2026,t2-2,KC,Zach McKinstry,426453,3B,31,,2,6.000,Yes,1.0,Zach McKinstry,KC TEX,6,2021,2026
2026,t2-2,PHI,Brooks Raley,425910,RP,38,,2,6.000,No,0.7,Brooks Raley,ARI PHI,4,2022,2026
2026,t2-2,MIL,Jake Bird,99865,RP,31,,3,5.001,No,0.5,Jake Bird,MIL,1,2026,2026
2026,t2-2,NYY,Nathan Church,304838,CF,26,,4,4.500,Yes,0.8,Nathan Church,NYY,1,2026,2026
2026,t2-2,HOU,Tony Santillan,173369,RP,29,,4,3.827,Yes,0.3,Tony Santillan,CLE COL HOU KC MIA,10,2017,2026
2026,t2-2,COL,Matt Festa,26520,RP,33,,2,3.260,No,0.3,Matt Festa,COL OAK,2,2023,2026
2026,t2-2,LAA,Bryce Elder,205987,SP,27,,2,3.000,Yes,0.7,Bryce Elder,LAA MIL,5,2022,2026
2026,t2-2,TB,Spencer Miles,294241,H,26,,2,2.250,Yes,0.5,Spencer Miles,TB,1,2026,2026
2026,t2-2,CHW,Drew Pomeranz,151483,RP,38,,2,2.000,No,0.4,Drew Pomeranz,CHW KC MIA NYM PHI PIT SEA STL,14,2011,2026
2026,t2-3,MIN,Jorge Polanco,17279,2B,33,,2,27.500,No,2.4,Jorge Polanco,CHC HOU MIN,13,2014,2026
2026,t2-3,PHI,Eugenio Suárez,388742,3B,35,,2,24.000,No,1.4,Eugenio Suarez,CIN LAA PHI PIT TOR,14,2013,2026
2026,t2-3,CHW,Max Muncy,205504,3B,36,,2,20.000,Yes,2.4,Max Muncy,CHC CHW KC MIA MIL MIN SD,13,2014,2026
2026,t2-3,BOS,Austin Hays,238310,LF,31,,2,8.000,No,0.7,Austin Hays,BOS KC NYY,9,2018,2026
2026,t2-3,MIL,Tylor Megill,275021,SP,31,,3,7.500,Yes,1.6,Tylor Megill,DET MIL SD,5,2022,2026
2026,t2-3,TOR,Brad Keller,386869,RP,31,,3,7.222,Yes,0.4,Brad Keller,NYY TOR,7,2019,2026
2026,t2-3,LAD,Victor Vodnik,57158,RP,27,,3,7.000,Yes,0.4,Victor Vodnik,LAD,1,2026,2026
2026,t2-3,MIA,Javier Báez,405680,SS,34,,3,7.000,Yes,0.8,Javier Baez,CLE HOU MIA PIT SF TOR,15,2012,2026
2026,t2-3,KC,Bryan Reynolds,216136,RF,31,,3,7.000,Yes,0.9,Bryan Reynolds,BAL KC LAD MIL TOR,10,2017,2026
2026,t2-3,TOR,Alex Call,480309,RF,32,,3,7.000,Yes,1.5,Alex Call,MIN TOR,3,2023,2026
2026,t2-3,LAD,Andrew Kittredge,96510,RP,36,,2,6.260,No,0.4,Andrew Kittredge,LAD MIA SEA,8,2019,2026
2026,t2-3,SF,Josh Bell,459198,1B,34,,2,6.100,Yes,1.6,Josh Bell,ARI DET KC MIA MIL NYM SEA SF,16,2011,2026
2026,t2-3,NYY,Nathan Lukes,56208,RF,32,,3,6.000,Yes,1.5,Nathan Lukes,NYY,1,2026,2026
2026,t2-3,OAK,Nathaniel Lowe,43764,1B,31,,2,6.000,Yes,1.7,Nathaniel Lowe,MIL OAK PIT SEA,8,2019,2026
2026,t2-3,SEA,Christian Walker,253204,1B,35,,2,5.500,No,0.7,Christian Walker,BAL DET MIL NYY SEA,12,2015,2026
2026,t2-3,MIN,Bennett Sousa,226153,RP,31,,3,5.000,No,0.4,Bennett Sousa,DET MIN,3,2022,2026
2026,t2-3,LAD,Justin Lawrence,300748,RP,32,,2,5.000,Yes,0.7,Justin Lawrence,LAD OAK,3,2024,2026
2026,t2-3,WAS,Danny Jansen,49597,C,31,,3,5.000,Yes,1.8,Danny Jansen,COL MIA WAS,9,2018,2026
2026,t2-3,MIA,Tyler Heineman,416972,C,35,,2,4.800,Yes,1.9,Tyler Heineman,CLE MIA MIL MIN,5,2020,2026
2026,t2-3,CIN,Max Scherzer,204108,SP,42,,2,4.700,No,0.9,Max Scherzer,ARI ATL BAL BOS CIN COL NYM OAK PIT SEA TB TEX TOR,17,2009,2026
2026,t2-3,KC,Mason Englert,377374,RP,27,,3,4.100,Yes,0.4,Mason Englert,KC,1,2026,2026
2026,t2-3,LAD,Caleb Thielbar,85456,RP,39,,2,3.999,No,0.4,Caleb Thielbar,LAD OAK TOR,4,2015,2026
2026,t2-3,KC,John Rave,293212,LF,29,,2,3.700,Yes,0.3,John Rave,KC TOR,2,2025,2026
2026,t2-3,SF,Robinson Ortiz,367779,H,26,,2,3.700,Yes,0.1,Robinson Ortiz,SF,1,2026,2026
2026,t2-3,TOR,Cody Ponce,438414,H,32,,3,3.333,Yes,1.4,Cody Ponce,CHW MIL MIN TEX TOR,8,2017,2026
2026,t2-3,LAA,Steven Matz,306434,SP,35,,2,3.000,No,1.0,Steven Matz,ATL BOS CIN COL LAA WAS,13,2014,2026
2026,t2-3,LAA,Wandy Peralta,129759,RP,35,,2,3.000,No,0.5,Wandy Peralta,LAA MIL,5,2021,2026
2026,t2-3,WAS,Dietrich Enns,463676,Swing,35,,2,2.500,Yes,1.7,Dietrich Enns,LAA PIT WAS,9,2017,2026
2026,t2-3,LAD,Ryan Burr,468201,H,32,,2,2.444,No,0.5,Ryan Burr,CIN LAD PIT,3,2024,2026
2026,t2-3,LAD,Michael Wacha,435306,SP,35,,2,2.222,No,1.0,Michael Wacha,BOS CLE LAD MIN NYY WAS,15,2012,2026
2026,t2-3,TB,Kevin Kelly,153699,RP,29,,2,2.000,Yes,0.5,Kevin Kelly,BAL TB,4,2023,2026
2026,t2-3,NYM,Chris Martin,426204,RP,40,,2,2.000,No,0.7,Chris Martin,CIN NYM SEA STL TB,8,2019,2026
2026,t2-4,NYM,David Peterson,306368,SP,31,,4,16.000,Yes,1.8,David Peterson,LAD NYM,9,2018,2026
2026,t2-4,MIL,Sean Manaea,480153,SP,34,,2,11.111,No,1.5,Sean Manaea,DET MIL MIN PHI WAS,13,2014,2026
2026,t2-4,SD,Jacob Webb,59047,RP,33,,2,10.000,Yes,0.1,Jacob Webb,ATL CIN SD WAS,4,2022,2026
2026,t2-4,SD,J. P. Crawford,249102,SS,31,,2,10.000,Yes,2.5,J.P. Crawford,DET MIA SD,13,2014,2026
2026,t2-4,WAS,Luis Severino,463898,SP,32,,3,7.500,Yes,1.1,Luis Severino,DET MIL SD TB WAS,12,2015,2026
2026,t2-4,CIN,Elvis Alvarado,103982,RP,27,,2,6.600,No,0.2,Elvis Alvarado,CIN,1,2026,2026
2026,t2-4,PIT,Tyler Wells,86185,Swing,32,,4,6.500,Yes,0.3,Tyler Wells,LAA PIT,3,2024,2026
2026,t2-4,MIN,Gary Sánchez,329837,C,34,,2,6.000,No,0.8,Gary Sanchez,MIN OAK SD,15,2012,2026
2026,t2-4,CIN,Craig Kimbrel,271387,RP,38,,2,5.200,No,0.5,Craig Kimbrel,ATL CIN DET NYM SD SF WAS,16,2011,2026
2026,t2-4,OAK,Huascar Brazobán,330111,RP,37,,2,5.000,Yes,0.4,Huascar Brazoban,OAK,3,2023,2026
2026,t2-4,NYM,Foster Griffin,386737,H,31,,3,5.000,Yes,2.0,Foster Griffin,NYM,11,2015,2026
2026,t2-4,CHW,Víctor Caratini,55144,C,33,,2,5.000,Yes,2.1,Victor Caratini,CHW NYY,9,2018,2026
2026,t2-4,PHI,Danny Coulombe,405466,RP,37,,2,5.000,No,0.6,Danny Coulombe,CHC KC PHI PIT SD,8,2019,2026
2026,t2-4,DET,Matt Mervis,219842,1B,28,,4,4.500,Yes,0.0,Matt Mervis,ATL DET WAS,4,2023,2026
2026,t2-4,MIN,Hogan Harris,186957,RP,30,,3,4.000,No,0.1,Hogan Harris,MIN,1,2026,2026
2026,t2-4,TOR,Eric Lauer,85607,Swing,31,,2,3.333,Yes,0.2,Eric Lauer,BAL TOR,10,2017,2026
2026,t2-4,PIT,Dylan Smith,101676,H,26,,3,3.000,Yes,0.1,Dylan Smith,KC PIT,1,2026,2026
2026,t2-4,MIL,David Hamilton,64505,2B,29,,4,2.552,No,0.9,David Hamilton,MIL STL,3,2024,2026
2026,t2-4,OAK,Hunter Feduccia,145471,C,29,,2,2.500,Yes,1.1,Hunter Feduccia,OAK,1,2026,2026
2026,t2-4,SEA,Clayton Beeter,165926,RP,28,,2,2.500,Yes,0.6,Clayton Beeter,CHC SEA,7,2020,2026
2026,t2-4,WAS,Ji Hwan Bae,386875,CF,27,,2,2.500,Yes,1.1,Ji Hwan Bae,NYM WAS,7,2020,2026
2026,t2-4,HOU,Michael Stefanic,406845,2B,30,,3,2.300,No,2.5,Michael Stefanic,HOU,5,2022,2026
2026,t2-4,NYM,Rafael Marchán,441907,C,27,,3,2.200,Yes,1.0,Rafael Marchan,NYM,1,2026,2026
2026,t2-4,TB,Janson Junk,468069,SP,30,,3,2.200,Yes,0.5,Janson Junk,ATL TB,2,2023,2026
2026,t2-4,CLE,Jake Cousins,333174,RP,32,0.1,2,1.900,Yes,0.2,Jake Cousins,CLE KC,5,2022,2026
2026,t2-5,MIN,Shelby Miller,211134,RP,36,,2,8.500,No,0.4,Shelby Miller,CHC CLE HOU LAA MIN TOR,14,2010,2026
2026,t2-5,WAS,Mauricio Dubón,443201,2B,32,,2,7.500,Yes,1.2,Mauricio Dubon,CLE MIN WAS,9,2018,2026
2026,t2-5,DET,Mike Yastrzemski,141435,RF,36,,2,7.000,Yes,1.3,Mike Yastrzemski,DET MIN SF,7,2020,2026
2026,t2-5,PHI,Ryan Brasier,454962,RP,39,,2,6.000,No,0.2,Ryan Brasier,MIL OAK PHI WAS,7,2019,2026
2026,t2-5,DET,Hunter Bigge,504978,RP,28,,4,5.500,Yes,0.1,Hunter Bigge,DET,1,2026,2026
2026,t2-5,TB,Ha-Seong Kim,473623,SS,31,,2,5.500,Yes,2.3,Ha-Seong Kim,ATL CLE KC SEA TB,6,2021,2026
2026,t2-5,DET,Connor Wong,263289,C,30,,2,4.500,Yes,0.8,Connor Wong,DET MIL,4,2023,2026
2026,t2-5,MIN,Tomás Nido,332862,C,32,,2,4.000,No,1.8,Tomas Nido,MIN TB,2,2025,2026
2026,t2-5,PHI,Blake Treinen,106058,RP,38,,2,4.000,No,0.6,Blake Treinen,NYM PHI TEX,11,2016,2026
2026,t2-5,BAL,Hoby Milner,115832,RP,35,,2,3.450,Yes,0.6,Hoby Milner,BAL COL DET NYM WAS,7,2020,2026
2026,t2-5,CHC,Kutter Crawford,129679,Swing,30,,3,3.333,Yes,0.4,Kutter Crawford,CHC MIL,3,2024,2026
2026,t2-5,MIL,Anthony Kay,193573,H,31,,2,3.333,Yes,1.2,Anthony Kay,ATL MIL WAS,10,2017,2026
2026,t2-5,CHW,Jake Cronenworth,65500,2B,32,,2,3.000,Yes,1.7,Jake Cronenworth,CHW COL MIA MIL SEA,8,2019,2026
2026,t2-5,BAL,Rafael Flores,150966,1B,26,,3,2.500,Yes,1.0,Rafael Flores Jr.,BAL,1,2026,2026
2026,t2-5,OAK,Tyler Austin,40462,H,35,,2,2.500,No,0.8,Tyler Austin,CHC OAK PHI STL TOR,14,2013,2026
2026,t2-5,WAS,Jared Young,377599,H,31,,2,2.500,Yes,1.0,Jared Young,WAS,1,2026,2026
2026,t2-5,SD,Ramón Urías,470469,3B,32,,2,2.300,No,0.7,Ramon Urias,KC SD STL,7,2020,2026
2026,t2-5,SEA,Lance McCullers,156160,SP,33,,2,2.000,Yes,0.9,Lance McCullers Jr.,CHW NYM OAK SEA,14,2013,2026
2026,t3-1,MIN,Kyle Freeland,261307,SP,33,,1,13.000,No,0.5,Kyle Freeland,BAL MIN SD,10,2015,2026
2026,t3-1,CHW,Tyler Kinley,292327,RP,35,,2,7.500,Yes,0.5,Tyler Kinley,CHW LAA MIN,4,2023,2026
2026,t3-1,MIN,Justin Sterner,477266,RP,30,,1,7.000,No,0.0,Justin Sterner,MIN,1,2026,2026
2026,t3-1,SEA,Jeffrey Springs,454348,SP,34,,2,6.000,Yes,0.7,Jeffrey Springs,CHC SEA,6,2021,2026
2026,t3-1,CHW,Isaac Collins,284649,LF,29,,3,5.500,Yes,1.3,Isaac Collins,CHW KC,2,2025,2026
2026,t3-1,SEA,Lourdes Gurriel,383278,LF,33,0.05,1,4.000,Yes,0.5,Lourdes Gurriel Jr.,PIT SEA,8,2019,2026
2026,t3-1,NYM,Starling Marte,39866,RF,38,,1,3.500,Yes,1.8,Starling Marte,BOS NYM OAK PIT STL,15,2012,2026
2026,t3-1,MIL,Braxton Bragg,278514,H,26,,5,2.975,Yes,0.6,Braxton Bragg,MIL,1,2026,2026
2026,t3-1,MIL,Leody Taveras,412445,CF,28,,3,2.222,No,1.5,Leody Taveras,LAD MIA MIL,9,2018,2026
2026,t3-1,MIL,Brooks Baldwin,450059,LF,26,,2,2.222,Yes,0.6,Brooks Baldwin,MIL,1,2026,2026
2026,t3-1,SD,Dean Kremer,57569,SP,30,,2,2.100,Yes,0.7,Dean Kremer,LAD SD,4,2023,2026
2026,t3-1,PHI,Enrique Hernández,189301,3B,35,,1,2.000,No,0.2,Enrique Hernandez,BOS NYY PHI TEX,10,2016,2026
2026,t3-1,TB,Liam Hicks,481263,C,27,,2,1.900,Yes,1.4,Liam Hicks,TB,1,2026,2026
2026,t3-1,WAS,Carlos Pérez,154827,C,36,,1,1.750,No,0.9,Carlos Perez,NYY WAS,10,2012,2026
2026,t3-1,OAK,Justin Wilson,437635,RP,39,,1,1.500,No,0.4,Justin Wilson,COL OAK PHI SEA SF TEX,8,2015,2026
2026,t3-2,MIN,Mark Leiter,302388,RP,35,,1,8.000,No,0.5,Mark Leiter Jr.,MIN,1,2026,2026
2026,t3-2,WAS,Bryan Hudson,119642,RP,29,,2,2.500,Yes,0.4,Bryan Hudson,NYM WAS,2,2025,2026
2026,t3-2,OAK,Riley Cornelio,312183,H,26,,4,2.500,Yes,0.1,Riley Cornelio,OAK,1,2026,2026
2026,t3-2,NYM,Amed Rosario,104749,3B,31,,3,2.500,Yes,0.9,Amed Rosario,NYM OAK,11,2015,2026
2026,t3-2,MIL,Nick Mears,483095,RP,30,,2,2.222,No,0.2,Nick Mears,MIL,2,2025,2026
2026,t3-2,MIL,Max Schuemann,251338,SS,29,,3,2.222,Yes,1.1,Max Schuemann,MIL,1,2026,2026
2026,t3-2,DET,Dylan Moore,204863,2B,34,,2,2.000,Yes,0.4,Dylan Moore,CHW DET LAA PIT SEA,6,2021,2026
2026,t3-2,DET,Joc Pederson,411770,LF,34,,2,2.000,Yes,1.0,Joc Pederson,ARI BAL DET LAD PHI,14,2013,2026
2026,t3-2,DET,Rhys Hoskins,507969,1B,33,,2,2.000,Yes,0.7,Rhys Hoskins,CIN CLE DET KC TOR,10,2017,2026
2026,t3-2,CHC,Zack Littell,59416,SP,31,,1,2.000,Yes,0.0,Zack Littell,CHC TOR,9,2018,2026
2026,t3-2,CHC,Nick Allen,495174,SS,28,,1,2.000,Yes,2.6,Nick Allen,CHC CLE PIT,9,2018,2026
2026,t3-2,CHC,Ian Hamilton,465225,RP,31,,1,2.000,Yes,0.7,Ian Hamilton,CHC MIN,3,2024,2026
2026,t3-2,PHI,Carlos Hernández,81580,RP,29,,1,2.000,No,0.0,Carlos Hernandez,PHI,1,2026,2026
2026,t3-2,PHI,Mitch Garver,332657,C,35,,2,2.000,No,0.4,Mitch Garver,LAD PHI SEA TB,8,2019,2026
2026,t3-2,CLE,Trevor Stephan,442021,H,31,,1,1.500,Yes,0.0,Trevor Stephan,CLE DET TB,3,2023,2026
2026,t3-2,OAK,Cade Marlowe,240495,LF,29,,1,1.500,Yes,0.5,Cade Marlowe,OAK,1,2026,2026
2026,t3-2,BAL,Nicky Lopez,3114,2B,31,,1,1.500,Yes,4.6,Nicky Lopez,BAL MIL TB TOR,8,2019,2026
2026,t3-2,BAL,Drew Anderson,442681,H,32,,1,1.500,Yes,0.4,Drew Anderson,BAL,1,2026,2026
2026,t3-2,TOR,Andruw Monasterio,182115,SS,29,,1,1.401,Yes,0.5,Andruw Monasterio,TOR,1,2026,2026
2026,t3-2,LAA,John Schreiber,98020,RP,32,,1,1.400,Yes,0.5,John Schreiber,ATL LAA WAS,4,2023,2026
2026,t3-2,BAL,Dominic Fletcher,168896,RF,29,,1,1.400,Yes,1.8,Dominic Fletcher,BAL MIL,5,2022,2026
2026,t3-3,CLE,Jose Quintana,120857,SP,37,0.1,1,1.500,No,0.0,Jose Quintana,CLE KC SD,14,2013,2026
2026,t3-3,OAK,Alexis Díaz,516459,RP,30,,1,1.500,No,0.4,Alexis Diaz,COL OAK,4,2023,2026
2026,t3-3,CLE,Eli Morgan,231007,RP,30,,1,1.500,Yes,0.0,Eli Morgan,CIN CLE,2,2025,2026
2026,t3-3,WAS,Ryne Stanek,435198,RP,35,,1,1.500,Yes,0.0,Ryne Stanek,BAL LAA OAK SEA WAS,14,2013,2026
2026,t3-3,WAS,Gio Urshela,214411,3B,35,,1,1.500,No,2.0,Gio Urshela,LAD WAS,11,2016,2026
2026,t3-4,BAL,Brandon Walter,198695,SP,30,,1,1.400,Yes,0.0,Brandon Walter,BAL CLE,4,2022,2026
2026,t3-5,CHC,Masataka Yoshida,188968,LF,33,,1,1.400,Yes,1.0,Masataka Yoshida,ATL CHC DET MIL OAK WAS,4,2023,2026
2026,t3-5,SEA,Kyle Higashioka,59600,C,36,,1,1.400,Yes,0.2,Kyle Higashioka,BAL SD SEA SF TEX,9,2018,2026
2026,t4-1,COL,Jorge Alfaro,473517,C,33,,1,2.000,No,0.8,Jorge Alfaro,BOS CLE COL NYM OAK SD WAS,14,2013,2026
2026,t4-1,CLE,Austin Hedges,419543,C,34,,1,0.000,MLI,0.0,Austin Hedges,ATL CLE COL SF WAS,12,2013,2026
2026,t4-1,CLE,Kolby Allard,60227,Swing,29,,1,0.000,MLI,0.0,Kolby Allard,CHW CLE SF,11,2016,2026
2026,t4-1,CLE,Myles Straw,213503,CF,32,,1,0.000,MLI,1.9,Myles Straw,CLE MIA PIT,9,2018,2026
2026,t4-1,MIL,Packy Naughton,128903,H,30,,1,0.000,MLI,0.5,Packy Naughton,MIL,1,2026,2026
2026,t4-1,MIL,Richard Lovelady,206208,RP,31,,1,0.000,MLI,0.4,Richard Lovelady,MIL,8,2019,2026
2026,t4-1,MIL,Tim Elko,347485,1B,28,,1,0.000,MLI,0.0,Tim Elko,MIL,1,2026,2026
2026,t4-1,SEA,Adrian Houser,47041,SP,33,,1,0.000,MLI,1.4,Adrian Houser,COL SEA TOR,6,2020,2026
2026,t4-1,SEA,Travis d'Arnaud,85732,C,37,,1,0.000,MLI,0.9,Travis D'Arnaud,ATL COL LAA OAK PIT SEA,16,2011,2026
2026,t4-1,TB,Dylan Ross,515525,H,26,,1,0.000,MLI,0.7,Dylan Ross,TB,1,2026,2026
2026,t4-1,TB,Jovani Morán,219646,H,29,,1,0.000,MLI,0.7,Jovani Moran,COL TB,4,2023,2026
2026,t4-1,TB,Mark Canha,408029,LF,37,,1,0.000,MLI,1.6,Mark Canha,ARI CLE MIL TB,8,2019,2026
2026,t4-1,WAS,Corey Julks,284235,LF,30,,1,0.000,MLI,0.4,Corey Julks,WAS,1,2026,2026
2026,t4-1,WAS,Jhonathan Díaz,301069,H,30,,1,0.000,MLI,2.1,Jhonathan Diaz,WAS,1,2026,2026
2026,t4-1,WAS,Paul Goldschmidt,216101,1B,39,,1,0.000,MLI,0.7,Paul Goldschmidt,CIN COL LAA MIN OAK PIT WAS,14,2012,2026
2026,t4-2,PIT,Lyon Richardson,408990,RP,26,,1,1.400,Yes,0.0,Lyon Richardson,MIN PIT,8,2019,2026
2026,t4-2,PIT,Santiago Espinal,298448,3B,32,,1,1.400,No,0.1,Santiago Espinal,MIN PIT,5,2022,2026
2026,t4-2,PIT,Matt Manning,331382,SP,28,,1,0.000,MLI,0.2,Matt Manning,LAA PIT,10,2017,2026
2026,t4-3,OAK,René Pinto,90936,C,30,,1,0.000,MLI,0.1,Rene Pinto,OAK STL,3,2024,2026
2026,t4-3,SEA,Lane Thomas,376759,RF,31,,1,0.000,MLI,0.0,Lane Thomas,MIN PIT SEA,7,2020,2026
2026,t4-3,SEA,Ryan Weiss,22855,H,30,,1,0.000,MLI,0.0,Ryan Weiss,LAA SEA,4,2022,2026
2026,t4-4,OAK,Kyle Leahy,412216,SP,29,,1,0.000,MLI,0.0,Kyle Leahy,OAK,1,2026,2026
2026,t4-4,WAS,Easton McGee,107942,H,29,,1,0.000,MLI,0.0,Easton McGee,WAS,1,2026,2026
2026,t4-4,WAS,Liam Hendriks,118220,H,37,,1,0.000,MLI,0.1,Liam Hendriks,CHC CHW LAD TOR WAS,15,2012,2026
2025,t1-1,KC,Rafael Devers,292346,3B,29,,5,40.000,yes,3.3,Rafael Devers,KC LAA,11,2016,2026
2025,t1-1,OAK,Aaron Judge,13773,CF,33,,5,40.000,no,6.3,Aaron Judge,BAL OAK,13,2014,2026
2025,t1-1,BOS,Alex Bregman,469990,3B,31,,3,36.500,no,3.2,Alex Bregman,ARI BOS CHC MIN,13,2014,2026
2025,t1-1,TOR,Corbin Burnes,114976,SP,31,,5,36.000,no,3.1,Corbin Burnes,CIN COL MIL TOR,9,2018,2026
2025,t1-1,BOS,Zack Wheeler,417654,SP,35,,3,30.000,no,3.8,Zack Wheeler,ATL BOS NYM STL WAS,17,2010,2026
2025,t1-2,ARI,Roki Sasaki,18639,H,24,,7,56.000,yes,3.4,Roki Sasaki,ARI,2,2025,2026
2025,t1-2,STL,Tyler Glasnow,225044,SP,32,,2,45.000,yes,3.9,Tyler Glasnow,OAK STL,13,2014,2026
2025,t1-2,STL,Matt Olson,430693,1B,31,,4,37.000,yes,2.9,Matt Olson,SF STL,12,2015,2026
2025,t1-2,TB,Dansby Swanson,395658,SS,31,,2,29.000,yes,5.2,Dansby Swanson,HOU TB TEX,11,2016,2026
2025,t1-2,CLE,Marcus Semien,365220,2B,35,,2,19.100,no,3.5,Marcus Semien,BOS CLE MIL MIN SEA STL TOR,12,2015,2026
2025,t2-1,KC,Brandon Woodruff,162499,SP,32,,2,30.751,yes,3.0,Brandon Woodruff,CHC KC LAA,9,2018,2026
2025,t2-1,CLE,Framber Valdez,72455,SP,32,,3,28.600,no,3.1,Framber Valdez,CLE COL HOU,7,2020,2026
2025,t2-1,CIN,Jack Flaherty,484463,SP,30,,4,27.800,yes,2.5,Jack Flaherty,ATL CIN SD,11,2016,2026
2025,t2-1,CIN,Ozzie Albies,63790,2B,28,,4,26.500,yes,2.5,Ozzie Albies,ARI CIN MIL NYM,11,2016,2026
2025,t2-1,MIL,Anthony Santander,69534,RF,31,0.1,5,25.813,yes,2.4,Anthony Santander,BAL DET MIL,7,2020,2026
2025,t2-1,CHW,Sonny Gray,368853,SP,36,,2,25.420,yes,3.3,Sonny Gray,CHW CLE COL LAA MIL TB WAS,16,2011,2026
2025,t2-1,COL,Kyle Schwarber,85977,LF,32,0.05,3,21.550,yes,2.8,Kyle Schwarber,CLE COL KC PIT,13,2014,2026
2025,t2-1,BAL,Nolan Arenado,129189,3B,34,,3,20.000,yes,2.9,Nolan Arenado,ATL BAL BOS CHC COL DET NYM TOR,16,2011,2026
2025,t2-1,CIN,Christian Yelich,239625,LF,34,,3,19.400,no,2.5,Christian Yelich,CIN CLE TEX,16,2011,2026
2025,t2-1,MIL,Ryan McMahon,208051,3B,31,0.05,4,19.318,yes,1.9,Ryan McMahon,BOS LAA MIL NYM WAS,12,2015,2026
2025,t2-1,TOR,Teoscar Hernández,433291,RF,33,,3,17.555,no,2.3,Teoscar Hernandez,BOS COL NYM SEA TOR,12,2015,2026
2025,t2-1,CHC,Raisel Iglesias,177742,RP,35,,2,16.000,yes,0.9,Raisel Iglesias,CHC CHW COL NYM,11,2016,2026
2025,t2-1,LAA,Joe Musgrove,324200,SP,33,,2,16.000,no,2.0,Joe Musgrove,ARI CHW LAA,14,2013,2026
2025,t2-1,CLE,Tyler Fitzgerald,498026,SS,28,,2,15.750,yes,1.2,Tyler Fitzgerald,CLE COL,3,2024,2026
2025,t2-1,CHW,Yu Darvish,191562,SP,39,,2,15.420,yes,2.4,Yu Darvish,CHW TB,13,2014,2026
2025,t2-1,ATL,Freddy Peralta,229146,SP,29,,5,12.000,no,2.7,Freddy Peralta,ATL SEA,8,2019,2026
2025,t2-1,COL,Keibert Ruiz,436063,C,27,,5,11.760,yes,1.3,Keibert Ruiz,ATL CIN COL,9,2018,2026
2025,t2-1,STL,Carlos Estévez,125665,RP,33,,2,10.500,yes,0.6,Carlos Estevez,MIL MIN STL TB,8,2019,2026
2025,t2-1,COL,Tim Herrin,244387,RP,29,,3,9.760,yes,0.7,Tim Herrin,COL,2,2025,2026
2025,t2-1,TB,Spencer Horwitz,300473,1B,28,,2,9.500,yes,2.2,Spencer Horwitz,TB,2,2025,2026
2025,t2-1,LAA,Manuel Margot,349281,RF,31,,2,9.250,no,1.8,Manuel Margot,DET LAA PIT TEX,12,2015,2026
2025,t2-1,CHC,Gregory Soto,508785,RP,30,,3,9.000,yes,0.7,Gregory Soto,CHC SEA,5,2022,2026
2025,t2-1,BAL,Aroldis Chapman,467995,RP,37,,2,8.888,yes,1.1,Aroldis Chapman,BAL CHC COL PIT SD TB TOR,15,2012,2026
2025,t2-1,WAS,Jorge Soler,46362,RF,33,,2,7.500,no,1.8,Jorge Soler,CHW MIL NYY OAK TOR WAS,13,2014,2026
2025,t2-1,OAK,Lance McCullers,156160,H,32,,2,7.500,yes,2.3,Lance McCullers Jr.,CHW NYM OAK SEA,14,2013,2026
2025,t2-1,WAS,Jonathan Loáisiga,486451,RP,31,,2,7.000,yes,0.9,Jonathan Loaisiga,ARI MIA WAS,8,2019,2026
2025,t2-1,ATL,Tobias Myers,445378,SP,27,,6,7.000,no,1.6,Tobias Myers,ATL,2,2025,2026
2025,t2-1,SF,Dedniel Núñez,330104,RP,29,,3,6.700,no,0.6,Dedniel Nunez,SF,2,2025,2026
2025,t2-1,SF,Cole Sands,247352,RP,28,,3,6.000,no,0.7,Cole Sands,SF,2,2025,2026
2025,t2-1,CHC,Will Wagner,496263,2B,27,,3,5.000,yes,1.6,Will Wagner,CHC,2,2025,2026
2025,t2-1,WAS,Jurickson Profar,502437,LF,32,,2,5.000,no,2.0,Jurickson Profar,ATL MIL SEA WAS,15,2012,2026
2025,t2-1,NYM,Blake Treinen,106058,RP,37,0.1,2,5.000,yes,0.9,Blake Treinen,NYM PHI TEX,11,2016,2026
2025,t2-1,PHI,Anthony Bender,309520,RP,30,,3,5.000,no,0.7,Anthony Bender,PHI TEX,5,2022,2026
2025,t2-1,SEA,Grant Holmes,394510,SP,29,,3,5.000,no,1.6,Grant Holmes,DET NYM SEA TB,10,2015,2026
2025,t2-1,MIA,Robert Stephenson,195508,RP,32,,2,4.500,yes,0.7,Robert Stephenson,COL KC MIA NYM TEX,14,2013,2026
2025,t2-1,CLE,Luke Raley,177538,LF,31,,2,4.500,no,1.4,Luke Raley,ARI CLE,5,2022,2026
2025,t2-1,CLE,David Fry,166117,C,30,,3,4.250,yes,0.6,David Fry,CLE,2,2025,2026
2025,t2-1,PHI,Jason Foley,97378,RP,30,,2,4.040,yes,0.9,Jason Foley,MIN PHI,4,2023,2026
2025,t2-1,PHI,Collin Snider,472787,RP,30,,2,4.000,yes,0.4,Collin Snider,PHI,2,2025,2026
2025,t2-1,LAD,Jared Koenig,329538,RP,31,,2,3.003,no,1.2,Jared Koenig,LAD,2,2025,2026
2025,t2-1,LAA,Beau Brieske,118116,RP,27,,2,3.000,yes,0.4,Beau Brieske,LAA,2,2025,2026
2025,t2-1,SD,Eloy Jiménez,113523,RF,29,,2,2.500,no,0.7,Eloy Jimenez,ARI OAK SD TOR,11,2016,2026
2025,t2-1,PIT,Reed Garrett,212607,RP,32,,2,2.250,yes,0.7,Reed Garrett,PIT,2,2025,2026
2025,t2-1,NYY,Mike Tauchman,337262,RF,35,0.1,2,1.951,no,1.8,Mike Tauchman,BOS KC LAD MIA NYY,8,2019,2026
2025,t2-1,NYY,Carlos Santana,207121,1B,39,0.1,2,1.901,no,0.6,Carlos Santana,CHW LAA NYY PHI SEA,16,2010,2026
2025,t2-1,MIN,Cody Poteet,62437,Swing,31,,2,1.900,no,0.7,Cody Poteet,MIN,2,2025,2026
2025,t2-2,ARI,Clayton Kershaw,25630,SP,37,,2,33.000,yes,2.4,Clayton Kershaw,ARI PIT TOR,17,2009,2026
2025,t2-2,DET,Cody Bellinger,101763,CF,30,,2,25.000,yes,3.0,Cody Bellinger,BOS DET PIT,11,2016,2026
2025,t2-2,BAL,Nick Martínez,24800,SP,35,,3,20.000,yes,1.5,Nick Martinez,BAL KC,5,2022,2026
2025,t2-2,ARI,Yandy Díaz,203439,1B,34,,2,15.000,yes,2.9,Yandy Diaz,ARI MIA NYM PIT WAS,10,2017,2026
2025,t2-2,NYM,José Berríos,438638,SP,31,,3,15.000,yes,1.6,Jose Berrios,CHW NYM TB,14,2013,2026
2025,t2-2,STL,Marcell Ozuna,49030,LF,35,,2,14.500,no,2.2,Marcell Ozuna,DET HOU MIA NYM PIT SD STL WAS,14,2013,2026
2025,t2-2,TEX,Otto Lopez,383615,2B,27,,4,14.000,yes,1.9,Otto Lopez,TEX,2,2025,2026
2025,t2-2,STL,Tyler Holton,353496,RP,29,,3,9.500,yes,0.7,Tyler Holton,BAL CHC STL,5,2022,2026
2025,t2-2,TOR,Luke Weaver,218974,RP,32,,2,9.000,yes,0.7,Luke Weaver,BAL CLE TOR,10,2014,2026
2025,t2-2,CIN,Merrill Kelly,504636,SP,37,,2,5.600,yes,0.9,Merrill Kelly,ARI ATL CIN CLE COL,8,2019,2026
2025,t2-2,TEX,George Springer,370069,RF,36,,2,5.000,yes,1.4,George Springer,OAK SEA TEX,16,2011,2026
2025,t2-2,NYM,Kirby Yates,289240,RP,38,,2,5.000,yes,0.8,Kirby Yates,COL MIA NYM NYY TOR,7,2019,2026
2025,t2-2,SD,Jeff McNeil,321582,2B,33,,2,5.000,yes,1.6,Jeff McNeil,ARI CLE KC MIL SD TOR,8,2019,2026
2025,t2-2,CIN,Andrew Navigato,151664,H,27,,6,3.600,yes,1.3,Andrew Navigato,CIN,2,2025,2026
2025,t2-2,MIA,Josh Rojas,359845,3B,31,,2,3.500,yes,1.4,Josh Rojas,LAD MIA,7,2020,2026
2025,t2-2,SEA,Chas McCormick,369592,LF,30,,2,3.500,no,1.4,Chas McCormick,ATL SEA,5,2022,2026
2025,t2-2,PHI,Rob Refsnyder,17746,LF,34,,2,3.000,no,1.1,Rob Refsnyder,KC MIL NYM PHI WAS,12,2015,2026
2025,t2-2,MIL,Aaron Ashby,232335,SP,27,,4,2.552,yes,1.2,Aaron Ashby,MIL NYM,8,2019,2026
2025,t2-2,NYY,Luis Torrens,44491,C,29,,4,2.501,yes,1.0,Luis Torrens,BAL NYY,4,2022,2026
2025,t2-2,NYY,Yohel Pozo,282390,H,28,,4,2.501,yes,1.2,Yohel Pozo,MIN NYY,4,2023,2026
2025,t2-2,SD,Andrew McCutchen,491921,RF,39,,2,2.500,no,0.4,Andrew McCutchen,CHC COL SD SEA SF TB,18,2009,2026
2025,t2-2,NYM,Bryan Hudson,119642,RP,28,,3,2.250,yes,0.6,Bryan Hudson,NYM WAS,2,2025,2026
2025,t2-2,KC,Hunter Gaddis,360906,RP,27,,3,2.222,yes,0.4,Hunter Gaddis,KC,2,2025,2026
2025,t2-2,NYY,Michel Otañez,103483,RP,28,,3,2.201,yes,0.5,Michel Otanez,NYY,2,2025,2026
2025,t2-2,SD,Tommy Pham,222407,LF,37,,2,1.900,no,0.3,Tommy Pham,ATL COL SD TOR,10,2016,2026
2025,t2-2,LAA,Reese McGuire,235673,C,30,,2,1.900,no,0.3,Reese McGuire,CHW LAA MIN NYM,13,2014,2026
2025,t2-3,COL,Salvador Pérez,368167,C,35,,2,15.260,yes,2.6,Salvador Perez,COL NYY PIT SD TB TEX TOR,14,2013,2026
2025,t2-3,DET,Bowden Francis,237568,SP,29,,3,15.000,yes,1.9,Bowden Francis,DET,2,2025,2026
2025,t2-3,ARI,Paul Sewald,231146,RP,35,,2,9.000,no,0.5,Paul Sewald,ARI TOR,5,2022,2026
2025,t2-3,CHC,Payton Eeles,19166,H,26,,4,7.000,yes,1.2,Payton Eeles,CHC,2,2025,2026
2025,t2-3,STL,David Bednar,171692,RP,31,,2,7.000,no,0.6,David Bednar,STL TEX,6,2021,2026
2025,t2-3,SF,Romy Gonzalez,386910,2B,29,,3,6.800,yes,1.0,Romy Gonzalez,MIL SF,3,2022,2026
2025,t2-3,SF,José Buttó,79356,RP,27,,3,6.800,yes,0.4,Jose Butto,SF,2,2025,2026
2025,t2-3,ARI,Andrés Chaparro,267805,1B,26,,2,6.000,yes,0.6,Andres Chaparro,ARI,2,2025,2026
2025,t2-3,OAK,Lucas Giolito,4485,SP,31,0.1,2,5.000,yes,1.1,Lucas Giolito,BOS OAK PIT WAS,14,2013,2026
2025,t2-3,ATL,Erik Miller,328602,RP,27,,4,4.500,no,0.7,Erik Miller,ATL,2,2025,2026
2025,t2-3,MIA,Jon Gray,12252,SP,34,,2,4.500,yes,1.6,Jon Gray,MIA TB TEX,13,2014,2026
2025,t2-3,OAK,Dylan Floro,324205,RP,35,,2,4.000,no,0.8,Dylan Floro,LAD MIA OAK,7,2020,2026
2025,t2-3,MIA,Seranthony Domínguez,228506,RP,31,,2,4.000,no,0.5,Seranthony Dominguez,MIA PHI,8,2019,2026
2025,t2-3,ATL,Justin Slaten,203220,RP,28,,4,3.000,no,0.4,Justin Slaten,ATL,2,2025,2026
2025,t2-3,KC,Brenan Hanifee,255412,RP,27,,3,2.222,no,0.4,Brenan Hanifee,KC,2,2025,2026
2025,t2-3,KC,DaShawn Keirsey,291718,CF,28,,2,2.020,yes,1.5,DaShawn Keirsey Jr.,KC,2,2025,2026
2025,t2-3,LAD,Ryan Thompson,234486,RP,33,,2,1.999,no,0.6,Ryan Thompson,LAA LAD MIL,5,2021,2026
2025,t2-3,LAA,Adam Ottavino,49609,RP,40,,2,1.900,no,0.5,Adam Ottavino,ARI CIN LAA PHI TB,12,2014,2026
2025,t2-4,STL,Dennis Santana,325742,RP,29,,2,7.000,yes,0.6,Dennis Santana,ATL STL TB,8,2019,2026
2025,t2-4,ATL,Hyeseong Kim,82641,H,26,,6,7.000,no,1.2,Hyeseong Kim,ATL MIL,2,2025,2026
2025,t2-4,ARI,Matt Vierling,505263,CF,29,,2,6.000,yes,1.3,Matt Vierling,ARI,2,2025,2026
2025,t2-4,CIN,Dauri Moreta,198688,RP,29,,4,5.000,no,0.2,Dauri Moreta,CHC CIN,5,2022,2026
2025,t2-4,TEX,Brett Wisely,213585,2B,26,,4,4.500,yes,0.9,Brett Wisely,TEX,2,2025,2026
2025,t2-4,SF,Ryan Fernandez,359470,RP,27,,3,4.000,yes,0.5,Ryan Fernandez,SF,2,2025,2026
2025,t2-4,CIN,Nick Burdi,360458,H,32,,2,2.600,yes,0.1,Nick Burdi,CIN COL HOU,11,2014,2026
2025,t2-4,CIN,Taylor Rogers,191050,RP,35,,2,2.600,yes,0.4,Taylor Rogers,CIN MIA NYM TEX,9,2018,2026
2025,t2-4,DET,Austin Meadows,146542,LF,30,,2,2.500,no,0.6,Austin Meadows,DET STL TB,13,2014,2026
2025,t2-4,OAK,José Leclerc,273955,RP,32,,2,2.500,yes,0.6,Jose Leclerc,DET OAK SEA WAS,8,2019,2026
2025,t2-4,PIT,Yimi García,108507,RP,35,,2,2.250,yes,0.6,Yimi Garcia,CLE COL PHI PIT STL TB,9,2016,2026
2025,t2-4,LAD,Tomoyuki Sugano,296670,H,36,,2,2.225,no,0.9,Tomoyuki Sugano,LAD,2,2025,2026
2025,t2-4,KC,Declan Cronin,396053,RP,28,,3,2.222,yes,0.5,Declan Cronin,KC,1,2025,2025
2025,t2-4,MIL,Samy Natera,19308,H,26,,3,2.222,yes,0.0,Samy Natera Jr.,MIL,2,2025,2026
2025,t2-4,MIN,Vinny Capra,167007,3B,29,,2,2.200,yes,0.7,Vinny Capra,BAL MIN,3,2023,2025
2025,t2-4,OAK,Seth Brown,308506,LF,33,,2,2.200,yes,0.8,Seth Brown,CIN DET MIL OAK,5,2022,2026
2025,t2-4,PHI,Shay Whitcomb,78199,3B,27,,2,2.000,yes,0.7,Shay Whitcomb,PHI,2,2025,2026
2025,t2-4,KC,Calvin Faucher,222915,RP,30,,2,1.911,no,0.6,Calvin Faucher,KC,2,2025,2026
2025,t2-4,KC,Owen Miller,419,1B,29,,2,1.911,yes,0.8,Owen Miller,CIN COL KC,8,2019,2026
2025,t2-4,MIL,Mickey Gasper,182298,2B,30,,2,1.911,yes,1.3,Mickey Gasper,MIL,2,2025,2026
2025,t2-4,MIN,Jake Bauers,311977,1B,30,,2,1.900,no,0.0,Jake Bauers,CHC MIA MIN PHI SEA,10,2015,2026
2025,t2-4,SEA,Michael Lorenzen,56179,SP,33,,2,1.900,no,0.5,Michael Lorenzen,DET MIL NYY SEA TEX,12,2015,2026
2025,t2-4,MIN,Bryan Hoeing,230511,RP,29,,2,1.900,no,0.1,Bryan Hoeing,MIN,2,2025,2026
2025,t2-4,LAA,Trevor Williams,356527,SP,33,0.1,2,1.900,yes,0.4,Trevor Williams,BOS CLE LAA MIA MIL,8,2019,2026
2025,t2-4,TOR,Levi Jordan,200683,H,30,,2,1.900,yes,0.7,Levi Jordan,TOR,1,2025,2025
2025,t2-5,KC,Eduard Bazardo,451288,RP,30,,3,6.666,yes,0.4,Eduard Bazardo,KC TOR,4,2021,2026
2025,t2-5,ATL,Javier Assad,5587,SP,28,,4,6.000,no,0.8,Javier Assad,ATL NYM,3,2024,2026
2025,t2-5,DET,Sean Bouchard,463193,RF,29,,2,4.800,yes,0.6,Sean Bouchard,CLE DET KC,4,2023,2026
2025,t2-5,DET,Brant Hurter,488320,Swing,27,,3,3.700,yes,1.2,Brant Hurter,DET,2,2025,2026
2025,t2-5,ATL,Luis Vázquez,292760,SS,26,,2,3.000,no,0.9,Luis Vazquez,ATL,2,2025,2026
2025,t2-5,MIN,Osvaldo Bido,418745,SP,30,,2,2.400,yes,1.4,Osvaldo Bido,MIN,2,2025,2026
2025,t3-1,SEA,Andrew Kittredge,96510,RP,35,,1,4.000,yes,0.3,Andrew Kittredge,LAD MIA SEA,8,2019,2026
2025,t3-1,BAL,Danny Young,81447,RP,31,,1,2.650,yes,0.9,Danny Young,BAL,2,2025,2026
2025,t3-1,CHC,Ryan Zeferjahn,460508,RP,27,,3,2.500,yes,0.1,Ryan Zeferjahn,CHC,2,2025,2026
2025,t3-1,OAK,Kevin Kiermaier,512543,CF,35,0.1,1,2.250,no,1.5,Kevin Kiermaier,MIL OAK SEA TB,11,2015,2025
2025,t3-1,BAL,Julian Merryweather,380983,RP,34,,1,2.225,yes,0.6,Julian Merryweather,ATL BAL,5,2022,2026
2025,t3-1,BAL,Stephen Kolek,115779,RP,28,,1,2.225,yes,0.6,Stephen Kolek,BAL,2,2025,2026
2025,t3-1,NYM,Erik Sabrowski,394009,H,28,,3,2.200,yes,0.2,Erik Sabrowski,NYM,2,2025,2026
2025,t3-1,SF,Max Stassi,261098,C,34,,1,2.010,no,1.6,Max Stassi,CHW HOU OAK SF,15,2011,2025
2025,t3-1,SEA,Dylan Moore,204863,SS,33,,1,2.000,yes,0.1,Dylan Moore,CHW DET LAA PIT SEA,6,2021,2026
2025,t3-1,TOR,Tommy Kahnle,402745,RP,36,,2,1.950,no,0.4,Tommy Kahnle,BAL CLE TB TOR,8,2019,2026
2025,t3-1,TOR,Jake Mangum,491595,H,29,,2,1.933,yes,1.5,Jake Mangum,TOR,2,2025,2026
2025,t3-1,ATL,Jake Irvin,95441,SP,28,,2,1.900,yes,0.8,Jake Irvin,ATL,2,2025,2026
2025,t3-1,PIT,Shawn Dubin,128546,RP,30,,1,1.500,yes,0.6,Shawn Dubin,PIT,5,2022,2026
2025,t3-1,SEA,Jose Iglesias,276202,2B,35,,1,1.500,no,0.6,Jose Iglesias,COL HOU NYM PHI SD SEA,13,2012,2025
2025,t3-1,TB,Justin Topa,424409,RP,34,,1,1.500,yes,1.1,Justin Topa,TB,2,2025,2026
2025,t3-1,TB,Yairo Muñoz,449051,H,30,,1,1.500,no,1.7,Yairo Munoz,MIA SEA TB TOR,9,2017,2025
2025,t3-1,TOR,Braxton Fulford,509629,H,27,,1,1.500,yes,1.6,Braxton Fulford,TOR,2,2025,2026
2025,t3-1,NYM,Chris Taylor,27819,LF,35,,1,1.400,yes,0.0,Chris Taylor,MIA NYM OAK PIT TEX,12,2014,2025
2025,t3-1,LAD,Emmanuel Rivera,421559,3B,29,,1,1.400,no,0.0,Emmanuel Rivera,LAD,1,2025,2025
2025,t3-1,NYY,Billy Cook,381680,1B,26,,1,1.400,yes,0.0,Billy Cook,NYY,2,2025,2026
2025,t3-1,NYY,Steven Okert,304213,RP,34,,1,1.400,yes,0.2,Steven Okert,CLE KC MIA NYY PIT TOR,8,2018,2026
2025,t3-1,LAA,Jake Diekman,421524,RP,38,,1,1.400,yes,0.1,Jake Diekman,BAL LAA PHI STL,10,2015,2025
2025,t3-1,SD,Austin Barnes,389718,C,36,,1,1.400,no,1.2,Austin Barnes,SD TEX TOR,9,2016,2025
2025,t3-1,SD,Bryan Baker,188862,RP,31,,1,1.400,no,0.2,Bryan Baker,OAK SD,4,2023,2026
2025,t3-1,SD,Ryan McKenna,359192,RF,28,,1,1.400,no,0.0,Ryan McKenna,CIN COL DET PIT SD WAS,5,2019,2025
2025,t3-1,LAD,Ty France,173058,1B,31,,1,1.400,no,1.0,Ty France,CIN LAD,7,2019,2025
2025,t3-2,KC,Spencer Turnbull,8907,SP,33,,1,6.000,no,1.4,Spencer Turnbull,CHC KC TB,5,2020,2025
2025,t3-2,TB,Jacob Young,273337,CF,26,,3,5.666,yes,1.8,Jacob Young,TB,2,2025,2026
2025,t3-2,NYM,Chris Bassitt,462776,SP,36,,1,3.000,yes,1.0,Chris Bassitt,KC NYM PHI TEX,10,2017,2026
2025,t3-2,KC,Avery Weems,462303,H,28,,1,2.000,yes,0.4,Avery Weems,KC,1,2025,2025
2025,t3-2,SD,Marcus Stroman,321216,SP,34,,2,1.900,no,1.3,Marcus Stroman,ATL CHW KC NYM SD TOR WAS,14,2013,2026
2025,t3-2,CHW,Josh Walker,410191,RP,31,,1,1.750,no,0.3,Josh Walker,CHW,1,2025,2025
2025,t3-2,OAK,Kyle Farmer,382539,2B,35,,1,1.750,yes,0.9,Kyle Farmer,OAK PHI TEX,5,2019,2025
2025,t3-2,PIT,Jonathan Morales,32083,H,30,,1,1.400,no,1.6,Jonathan Morales,PIT,1,2025,2025
2025,t3-3,CHC,Brandon Young,381720,H,27,,4,4.700,yes,0.6,Brandon Young,CHC,2,2025,2026
2025,t3-3,KC,Tyrone Taylor,319927,RF,31,,1,3.030,no,0.4,Tyrone Taylor,CIN KC NYM TOR,11,2014,2025
2025,t3-3,ATL,Brennan Bernardino,345642,RP,33,,2,2.000,no,0.4,Brennan Bernardino,ATL WAS,3,2024,2026
2025,t3-3,ATL,Nick Robertson,139041,RP,27,,2,2.000,no,0.2,Nick Robertson,ATL,2,2025,2026
2025,t3-3,PHI,Greg Weissert,380779,RP,30,,2,2.000,no,0.4,Greg Weissert,PHI,2,2025,2026
2025,t3-3,MIA,José Quijada,303112,RP,30,,1,1.750,yes,0.8,Jose Quijada,CLE MIA PIT,5,2022,2026
2025,t3-3,OAK,Brady Basso,368993,Swing,28,,1,1.750,yes,1.0,Brady Basso,OAK,2,2025,2026
2025,t3-3,KC,Daniel Schneemann,507659,SS,28,,1,1.500,yes,0.2,Daniel Schneemann,KC,2,2025,2026
2025,t3-3,MIA,Martín Pérez,361327,SP,34,,1,1.500,yes,0.0,Martin Perez,DET LAA MIA OAK TB,17,2010,2026
2025,t3-3,NYM,Bryan De La Cruz,281899,LF,29,,1,1.500,yes,0.5,Bryan de la Cruz,NYM SEA,4,2022,2025
2025,t3-4,WAS,Andrew Benintendi,92533,LF,31,,2,2.000,yes,0.5,Andrew Benintendi,COL MIA WAS,11,2016,2026
2025,t3-4,SEA,Bryan King,99668,RP,29,,2,1.950,yes,0.2,Bryan King,SEA,2,2025,2026
2025,t3-4,SEA,Jerar Encarnacion,194296,RF,28,,2,1.950,yes,0.2,Jerar Encarnacion,CLE SEA,6,2020,2026
2025,t3-4,PHI,Bryce Montes de Oca,412704,H,29,,1,1.900,no,1.1,Bryce Montes de Oca,PHI,1,2025,2025
2025,t3-4,TOR,Brent Headrick,291141,H,28,,1,1.401,yes,0.0,Brent Headrick,TOR,2,2025,2026
2025,t3-4,PHI,Scott Alexander,337006,RP,36,,1,1.400,no,0.2,Scott Alexander,MIA PHI SF,6,2019,2025
2025,t3-4,SEA,Anthony Banda,93576,RP,32,,1,1.400,yes,0.0,Anthony Banda,HOU LAD SEA TEX,8,2017,2026
2025,t4-1,CLE,Ben Lively,262520,SP,33,,1,1.500,yes,0.0,Ben Lively,CLE MIA STL,10,2015,2026
2025,t4-1,CLE,Taijuan Walker,314836,Swing,33,,1,0.000,MLI,0.0,Taijuan Walker,CLE OAK,14,2012,2025
2025,t4-1,MIA,Christian Bethancourt,466666,C,34,,1,0.000,MLI,0.6,Christian Bethancourt,COL DET MIA PHI,13,2013,2025
2025,t4-1,MIA,Daz Cameron,448824,LF,28,,1,0.000,MLI,0.7,Daz Cameron,CLE COL DET MIA TOR,8,2016,2025
2025,t4-1,OAK,Brandon Belt,350956,1B,37,,1,0.000,MLI,0.1,Brandon Belt,ARI BAL DET LAD MIL OAK,14,2011,2025
2025,t4-1,TB,Pedro Avila,314204,Swing,28,,1,0.000,MLI,2.0,Pedro Avila,LAD TB,2,2020,2025
2025,t4-1,TB,Tomás Nido,332862,C,31,,1,0.000,MLI,2.3,Tomas Nido,MIN TB,2,2025,2026
2025,t4-3,MIL,Eli White,123821,CF,31,,1,0.000,MLI,0.0,Eli White,MIL,1,2025,2025
2025,t4-3,MIL,Michael Siani,82342,CF,26,,1,0.000,MLI,1.1,Michael Siani,MIL,1,2025,2025
2025,t4-3,MIL,Nick Mears,483095,RP,29,,1,0.000,MLI,0.6,Nick Mears,MIL,2,2025,2026
2024,t1-1,TB,Kevin Gausman,376217,SP,33,,2,36.000,no,,Kevin Gausman,CLE COL OAK TB,14,2013,2026
2024,t1-1,PIT,Corey Seager,233582,SS,30,,4,33.750,no,,Corey Seager,LAA MIL NYM PIT,14,2013,2026
2024,t1-1,NYM,Trea Turner,249374,SS,31,,3,30.000,no,,Trea Turner,ATL MIL NYM TB TOR,13,2014,2026
2024,t1-1,NYM,Freddie Freeman,89708,1B,35,,3,28.000,no,,Freddie Freeman,ATL CHC COL NYM,17,2010,2026
2024,t1-1,PHI,José Altuve,486372,2B,34,,3,20.000,no,,Jose Altuve,ARI CIN COL PHI,15,2012,2026
2024,t1-2,TOR,Yoshinobu Yamamoto,382226,SP,26,,7,30.000,no,,Yoshinobu Yamamoto,TOR,3,2024,2026
2024,t1-2,HOU,Jung Hoo Lee,43224,CF,26,,6,20.000,no,,Jung-Hoo Lee,HOU,3,2024,2026
2024,t1-2,NYY,Chris Sale,384431,SP,35,,2,17.000,no,,Chris Sale,MIA MIL NYY SD TB TOR WAS,16,2011,2026
2024,t1-2,NYY,Shota Imanaga,91950,SP,31,,4,17.000,no,,Shota Imanaga,NYY,3,2024,2026
2024,t1-2,CHW,Ketel Marte,434065,2B,31,,4,17.000,no,,Ketel Marte,CHC CHW NYY,11,2016,2026
2024,t2-1,PHI,Justin Verlander,67654,SP,41,,2,25.000,no,,Justin Verlander,CHC CHW CIN MIL PHI SEA,16,2009,2026
2024,t2-1,ATL,Trevor Story,404372,SS,32,,2,18.000,no,,Trevor Story,ARI ATL BAL HOU SEA WAS,15,2012,2026
2024,t2-1,PHI,Anthony Rizzo,35189,1B,35,,2,16.000,no,,Anthony Rizzo,BOS CIN NYM PHI TB,14,2012,2025
2024,t2-1,LAD,Taylor Ward,463853,LF,31,,2,16.000,yes,,Taylor Ward,ATL HOU LAD MIL PIT,11,2016,2026
2024,t2-1,DET,Sean Manaea,480153,RP,32,,2,15.005,yes,,Sean Manaea,DET MIL MIN PHI WAS,13,2014,2026
2024,t2-1,CHW,Max Kepler,406220,RF,31,0.1,3,13.420,yes,,Max Kepler,CHW,13,2014,2026
2024,t2-1,CHC,Ryan Pressly,279458,RP,36,,2,13.335,yes,,Ryan Pressly,CHC CHW STL,8,2019,2026
2024,t2-1,CHC,Tanner Scott,339235,RP,30,,3,12.500,no,,Tanner Scott,CHC MIN PHI,7,2020,2026
2024,t2-1,LAA,Charlie Morton,462992,SP,41,,2,12.500,no,,Charlie Morton,DET KC LAA MIA STL TEX,12,2011,2025
2024,t2-1,BOS,Mike King,374917,P,29,,6,12.000,yes,,Michael King,BOS MIL SEA,6,2021,2026
2024,t2-1,CLE,Rhys Hoskins,507969,1B,31,,2,12.000,yes,,Rhys Hoskins,CIN CLE DET KC TOR,10,2017,2026
2024,t2-1,ATL,Lance Lynn,486838,SP,37,,2,11.000,no,,Lance Lynn,ATL CIN MIN STL TEX WAS,13,2013,2025
2024,t2-1,STL,Yusei Kikuchi,66086,SP,33,,2,10.000,yes,,Yusei Kikuchi,ATL MIN STL,7,2020,2026
2024,t2-1,STL,Seth Lugo,52730,SP,35,,2,10.000,yes,,Seth Lugo,BOS CHW SEA STL,8,2019,2026
2024,t2-1,HOU,Tyler O'Neill,239578,LF,29,,4,10.000,no,,Tyler O'Neill,HOU STL,10,2017,2026
2024,t2-1,LAD,Mitch Garver,332657,C,33,,2,10.000,yes,,Mitch Garver,LAD PHI SEA TB,8,2019,2026
2024,t2-1,SD,Ramón Urías,470469,3B,30,,2,9.000,yes,,Ramon Urias,KC SD STL,7,2020,2026
2024,t2-1,CHC,Dylan Lee,413212,RP,30,,2,8.000,yes,,Dylan Lee,ATL CHC,5,2022,2026
2024,t2-1,KC,Matt Strahm,349834,RP,33,,2,8.000,yes,,Matt Strahm,CHW CLE KC TOR,9,2018,2026
2024,t2-1,LAD,Liam Hendriks,118220,RP,35,,2,8.000,yes,,Liam Hendriks,CHC CHW LAD TOR WAS,15,2012,2026
2024,t2-1,CLE,Patrick Wisdom,9491,3B,33,,2,7.500,no,,Patrick Wisdom,CLE DET KC OAK,5,2021,2025
2024,t2-1,OAK,Travis d'Arnaud,85732,C,35,,2,7.500,no,,Travis d'Arnaud,ATL COL LAA OAK PIT SEA,16,2011,2026
2024,t2-1,MIN,Santiago Espinal,298448,2B,30,,2,7.500,no,,Santiago Espinal,MIN PIT,5,2022,2026
2024,t2-1,DET,DJ LeMahieu,15209,3B,,,2,7.005,no,,D.J. LeMahieu,ATL DET PHI SF TEX TOR WAS,11,2015,2025
2024,t2-1,DET,Hoby Milner,115832,RP,33,,2,7.005,yes,,Hoby Milner,BAL COL DET NYM WAS,7,2020,2026
2024,t2-1,ATL,Adam Frazier,359970,2B,33,,2,6.500,no,,Adam Frazier,ATL CHW WAS,8,2018,2025
2024,t2-1,CIN,Sawyer Gipson-Long,458037,SP,27,,5,6.500,no,,Sawyer Gipson-Long,CIN,3,2024,2026
2024,t2-1,BAL,Brock Stewart,99931,RP,33,,3,6.125,yes,,Brock Stewart,BAL CHC,8,2017,2026
2024,t2-1,LAD,Brent Rooker,206437,DH,30,,2,6.000,yes,,Brent Rooker,DET LAD,8,2018,2026
2024,t2-1,BOS,Starling Marte,39866,RF,36,,2,6.000,no,,Starling Marte,BOS NYM OAK PIT STL,15,2012,2026
2024,t2-1,BAL,Joc Pederson,411770,LF,32,,2,5.750,yes,,Joc Pederson,ARI BAL DET LAD PHI,14,2013,2026
2024,t2-1,SF,A. J. Minter,58701,RP,31,,3,5.600,yes,,A.J. Minter,NYY SF,9,2018,2026
2024,t2-1,SF,Mike Yastrzemski,141435,CF,34,,2,5.100,no,,Mike Yastrzemski,DET MIN SF,7,2020,2026
2024,t2-1,MIL,Nick Ahmed,402892,SS,34,,2,5.022,no,,Nick Ahmed,ARI LAA MIL STL,9,2017,2025
2024,t2-1,MIL,Freddy Fermin,181516,C,29,,3,5.021,yes,,Freddy Fermin,MIL PHI,5,2022,2026
2024,t2-1,TB,Trevor Megill,33756,RP,31,,2,5.000,yes,,Trevor Megill,ATL TB,3,2024,2026
2024,t2-1,MIN,Mauricio Dubón,443201,2B,30,,2,4.500,yes,,Mauricio Dubon,CLE MIN WAS,9,2018,2026
2024,t2-1,KC,Tim Anderson,280239,SS,31,,2,3.750,no,,Tim Anderson,CLE KC OAK SEA,12,2014,2025
2024,t2-1,CHW,Víctor Robles,376908,CF,27,,3,3.690,yes,,Victor Robles,CHW,10,2017,2026
2024,t2-1,TB,Jose Trevino,508421,C,32,,2,3.100,yes,,Jose Trevino,ARI TB,4,2023,2026
2024,t2-1,NYM,Caleb Ferguson,417391,RP,28,,3,3.000,yes,,Caleb Ferguson,COL NYM SEA TB,8,2019,2026
2024,t2-1,TEX,Dane Myers,223939,CF,28,,2,2.280,yes,,Dane Myers,TEX,3,2024,2026
2024,t2-1,TOR,Miguel Andújar,51774,RF,,,2,2.201,yes,,Miguel Andujar,TEX TOR,11,2016,2026
2024,t2-1,NYM,Giovanny Gallegos,31188,RP,33,,2,2.000,yes,,Giovanny Gallegos,LAD MIL NYM,8,2018,2025
2024,t2-1,TEX,Blake Sabol,417006,C,26,,2,1.920,no,,Blake Sabol,TEX,2,2024,2025
2024,t2-2,DET,Kyle Hendricks,334566,SP,35,,2,10.005,yes,,Kyle Hendricks,DET MIL PHI SD WAS,12,2015,2026
2024,t2-2,ATL,Kenley Jansen,405653,RP,37,,2,8.500,yes,,Kenley Jansen,ATL CIN CLE MIA NYM TB TEX WAS,15,2012,2026
2024,t2-2,LAA,Tyler Wells,86185,SP,30,,2,8.000,no,,Tyler Wells,LAA PIT,3,2024,2026
2024,t2-2,SD,Kyle Finnegan,174781,RP,33,,2,6.800,no,,Kyle Finnegan,LAA SD SF,5,2022,2026
2024,t2-2,ATL,Chad Green,360928,RP,33,,2,6.000,yes,,Chad Green,ARI ATL MIA WAS,10,2017,2026
2024,t2-2,PHI,Shawn Armstrong,97185,RP,34,,2,6.000,no,,Shawn Armstrong,ATL CHW PHI PIT TB,9,2017,2026
2024,t2-2,SD,Gary Sánchez,329837,C,,,2,6.000,no,,Gary Sanchez,MIN OAK SD,15,2012,2026
2024,t2-2,SD,Wade Miley,80738,SP,38,,2,6.000,no,,Wade Miley,ATL HOU PHI SD STL TEX,12,2013,2025
2024,t2-2,HOU,Andrew Nardi,186331,RP,26,,5,5.500,yes,,Andrew Nardi,HOU,3,2024,2026
2024,t2-2,HOU,Kody Funderburk,369557,RP,28,,4,5.200,yes,,Kody Funderburk,HOU,3,2024,2026
2024,t2-2,ATL,James Paxton,466266,SP,36,,2,5.000,yes,,James Paxton,ARI ATL CHW NYM WAS,15,2012,2026
2024,t2-2,STL,Adam Duvall,386489,CF,36,,2,5.000,yes,,Adam Duvall,ARI SF STL,9,2016,2025
2024,t2-2,NYM,José Caballero,145345,SS,28,,4,5.000,yes,,Jose Caballero,NYM,3,2024,2026
2024,t2-2,SEA,Chris Martin,426204,RP,38,,2,4.500,no,,Chris Martin,CIN NYM SEA STL TB,8,2019,2026
2024,t2-2,HOU,Woo Suk Go,206417,P,26,,5,4.000,yes,,Woo-Suk Go,HOU,3,2024,2026
2024,t2-2,KC,Jose Quintana,120857,SP,35,,2,3.900,no,,Jose Quintana,CLE KC SD,14,2013,2026
2024,t2-2,SF,Héctor Neris,3751,RP,35,,2,3.800,no,,Hector Neris,MIA SD SF STL TOR,9,2017,2025
2024,t2-2,BOS,Dairon Blanco,487081,CF,31,,3,3.750,no,,Dairon Blanco,BOS,3,2024,2026
2024,t2-2,COL,Michael Taylor,258474,CF,33,,2,3.500,yes,,Michael A. Taylor,COL OAK,12,2015,2026
2024,t2-2,CIN,Dominic Canzone,55717,LF,27,,3,3.300,yes,,Dominic Canzone,CIN,3,2024,2026
2024,t2-2,TOR,James McArthur,94135,RP,28,,3,3.111,yes,,James McArthur,DET TOR,3,2024,2026
2024,t2-2,MIL,Bobby Dalbec,427668,3B,29,,2,3.022,yes,,Bobby Dalbec,MIL MIN PIT,10,2016,2025
2024,t2-2,HOU,Keynan Middleton,92895,RP,31,,3,3.000,no,,Keynan Middleton,HOU KC,5,2021,2026
2024,t2-2,MIA,Christian Vázquez,265998,C,,,2,3.000,yes,,Christian Vazquez,ARI DET MIA NYY WAS,12,2015,2026
2024,t2-2,SF,Jonathan Schoop,433976,3B,33,,2,2.900,no,,Jonathan Schoop,BAL COL DET PIT SEA SF TEX WAS,14,2012,2025
2024,t2-2,NYY,Tyler Rogers,99868,RP,34,,2,2.201,no,,Tyler Rogers,CHW KC NYY TOR WAS,7,2020,2026
2024,t2-2,NYY,Isiah Kiner-Falefa,417599,2B,29,,3,2.201,no,,Isiah Kiner-Falefa,MIL NYY PHI,6,2021,2026
2024,t2-2,TEX,Matt Waldron,11397,SP,28,,2,2.120,yes,,Matt Waldron,TEX,3,2024,2026
2024,t2-2,SEA,Robert Suarez,269003,RP,33,,2,1.950,yes,,Robert Suarez,KC SEA,5,2022,2026
2024,t2-2,NYM,Cody Bradford,275579,SP,26,,2,1.950,yes,,Cody Bradford,NYM,3,2024,2026
2024,t2-3,MIL,Kutter Crawford,129679,RP,28,,2,9.823,yes,,Kutter Crawford,CHC MIL,3,2024,2026
2024,t2-3,BOS,Josh Winckowski,335833,RP,26,,4,7.250,yes,,Josh Winckowski,BOS,3,2024,2026
2024,t2-3,ARI,José Abreu,297967,1B,,,2,6.000,yes,,Jose Abreu,ARI CHC MIA NYY PHI PIT SEA,11,2016,2026
2024,t2-3,OAK,Yennier Cano,321522,RP,30,,3,5.000,yes,,Yennier Cano,OAK,3,2024,2026
2024,t2-3,TB,Yuki Matsui,31712,P,29,,3,4.500,yes,,Yuki Matsui,NYY TB,3,2024,2026
2024,t2-3,ARI,Wilmer Flores,484478,1B,33,,2,4.500,yes,,Wilmer Flores,ARI BOS CLE COL MIA MIL SD TB,17,2010,2026
2024,t2-3,SF,Aaron Bummer,259095,RP,31,,2,4.500,yes,,Aaron Bummer,LAD SF,8,2019,2026
2024,t2-3,SEA,Nick Castellanos,168027,RF,32,,4,4.200,no,,Nick Castellanos,MIL NYM OAK PHI SEA TOR,16,2011,2026
2024,t2-3,ATL,J. D. Martinez,298384,DH,37,,2,4.000,yes,,J.D. Martinez,ATL CIN COL DET MIA PIT SEA WAS,15,2012,2026
2024,t2-3,PHI,Jay Jackson,25127,RP,37,,2,4.000,no,,Jay Jackson,ATL BAL CIN COL MIA NYM PHI WAS,15,2010,2025
2024,t2-3,PHI,Mauricio Llovera,250237,RP,28,,2,4.000,no,,Mauricio Llovera,PHI,2,2024,2025
2024,t2-3,SEA,Joel Payamps,115527,RP,30,,3,4.000,no,,Joel Payamps,PIT SEA,3,2024,2026
2024,t2-3,MIA,Gabe Speier,116396,RP,29,,3,3.812,yes,,Gabe Speier,MIA,3,2024,2026
2024,t2-3,NYY,Joe Kelly,156049,RP,36,,2,3.500,no,,Joe Kelly,CIN COL MIL NYY PHI PIT TOR WAS,13,2013,2025
2024,t2-3,STL,Michael Grove,457844,RP,28,,3,3.500,yes,,Michael Grove,STL,3,2024,2026
2024,t2-3,MIL,Omar Narváez,389844,C,32,,2,3.323,no,,Omar Narvaez,ATL MIL SF,7,2019,2025
2024,t2-3,CHW,Ángel Perdomo,113932,RP,30,,2,3.005,yes,,Angel Perdomo,CHW NYM,10,2017,2026
2024,t2-3,SF,Kyle Higashioka,59600,C,34,,2,3.000,no,,Kyle Higashioka,BAL SD SEA SF TEX,9,2018,2026
2024,t2-3,STL,René Pinto,90936,C,,,2,3.000,yes,,Rene Pinto,OAK STL,3,2024,2026
2024,t2-3,BOS,Jacob Hurtubise,440250,LF,27,,2,2.990,no,,Jacob Hurtubise,BOS,2,2024,2025
2024,t2-3,TOR,Parker Mushinski,319734,RP,29,,3,2.555,yes,,Parker Mushinski,TOR,2,2024,2025
2024,t2-3,MIL,Hagen Danner,488725,RP,26,,4,2.523,yes,,Hagen Danner,MIL,6,2018,2025
2024,t2-3,TB,Miguel Rojas,101343,SS,35,,2,2.500,yes,,Miguel Rojas,ATL CHW NYY TB,11,2016,2026
2024,t2-3,TEX,Ernie Clement,184169,SS,28,,2,2.360,yes,,Ernie Clement,TEX,3,2024,2026
2024,t2-3,PIT,Andrew Heaney,198058,SP,33,,2,2.300,yes,,Andrew Heaney,ATL BAL COL KC MIL PIT,14,2013,2026
2024,t2-3,NYM,Yariel Rodríguez,467139,P,27,,3,2.200,yes,,Yariel Rodriguez,NYM,3,2024,2026
2024,t2-3,STL,David Hamilton,64505,SS,27,,2,2.100,yes,,David Hamilton,MIL STL,3,2024,2026
2024,t2-3,KC,Lucas Erceg,22974,RP,29,,3,2.050,yes,,Lucas Erceg,CHC CLE KC,9,2017,2026
2024,t2-3,TEX,Andrew Stevenson,86922,CF,,,2,2.010,yes,,Andrew Stevenson,CHW MIL TEX,10,2017,2026
2024,t2-3,PHI,Luke Maile,370660,C,33,,2,2.000,no,,Luke Maile,COL PHI,3,2020,2025
2024,t2-3,PIT,Charlie Blackmon,36615,RF,38,,2,1.950,no,,Charlie Blackmon,CHC MIA PIT SEA WAS,14,2012,2025
2024,t2-3,NYY,Randal Grichuk,179100,LF,33,,2,1.900,no,,Randal Grichuk,BAL CHC CIN KC MIL NYM NYY SEA,16,2010,2025
2024,t2-3,SD,Danny Coulombe,405466,RP,35,,2,1.900,no,,Danny Coulombe,CHC KC PHI PIT SD,8,2019,2026
2024,t2-4,MIL,Will Vest,164999,RP,29,,3,4.520,yes,,Will Vest,ATL MIL,3,2024,2026
2024,t2-4,MIN,Trevor Richards,60445,RP,31,,2,3.500,yes,,Trevor Richards,CLE MIN,6,2020,2026
2024,t2-4,CLE,Giancarlo Stanton,274116,RF,35,,2,3.500,yes,,Giancarlo Stanton,ATL BOS CHC CLE COL KC NYY SEA,17,2010,2026
2024,t2-4,STL,Eddie Rosario,214362,LF,33,,2,3.500,yes,,Eddie Rosario,MIA PHI STL,13,2013,2025
2024,t2-4,SF,Luke Jackson,211644,RP,33,,2,3.010,no,,Luke Jackson,ATL MIA SF TEX,14,2012,2025
2024,t2-4,DET,Ryan Walker,104446,RP,29,,3,3.005,no,,Ryan Walker,DET,3,2024,2026
2024,t2-4,TEX,Oliver Ortega,128481,RP,28,,2,2.560,no,,Oliver Ortega,TEX,2,2024,2025
2024,t2-4,MIL,Stuart Fairchild,18663,LF,28,,2,2.024,yes,,Stuart Fairchild,MIL NYM,3,2023,2025
2024,t2-4,TEX,Kolten Wong,143257,2B,34,,2,2.020,no,,Kolten Wong,BAL MIN OAK PHI TEX,14,2012,2025
2024,t2-4,DET,Ramón Laureano,21637,RF,30,,2,2.005,no,,Ramon Laureano,DET MIA PIT SEA,9,2018,2026
2024,t2-4,ATL,Samad Taylor,336730,2B,26,,2,2.000,yes,,Samad Taylor,ATL WAS,2,2024,2025
2024,t2-4,TEX,Sam Haggerty,441684,2B,30,,2,1.950,yes,,Sam Haggerty,TEX,3,2024,2026
2024,t2-4,NYY,Miguel Sanó,272947,1B,,,2,1.900,no,,Miguel Sano,CHW CIN NYY,14,2012,2025
2024,t2-4,OAK,Jorge Alfaro,473517,C,31,,2,1.900,no,,Jorge Alfaro,BOS CLE COL NYM OAK SD WAS,14,2013,2026
2024,t2-4,SD,Tyler Alexander,314655,RP,30,,2,1.900,no,,Tyler Alexander,MIN SD,6,2020,2025
2024,t2-4,ARI,Brandon Crawford,127879,SS,37,,2,1.900,yes,,Brandon Crawford,ARI CIN DET KC WAS,17,2010,2026
2024,t2-4,HOU,Tucker Barnhart,512714,C,33,,2,1.900,no,,Tucker Barnhart,CLE COL HOU MIL,7,2018,2024
2024,t2-4,HOU,Max Stassi,261098,C,33,,2,1.900,no,,Max Stassi,CHW HOU OAK SF,15,2011,2025
2024,t2-4,ARI,David Dahl,224938,RF,30,,2,1.900,yes,,David Dahl,ARI LAA,13,2013,2026
2024,t2-4,ARI,Edmundo Sosa,275839,3B,28,,2,1.900,yes,,Edmundo Sosa,ARI PIT,5,2022,2026
2024,t2-5,TEX,Jonah Bride,313484,3B,29,,3,2.960,yes,,Jonah Bride,TB TEX,4,2023,2026
2024,t2-5,BAL,Ben Rortvedt,244073,C,27,,2,1.900,no,,Ben Rortvedt,BAL,3,2024,2026
2024,t2-5,COL,Fernando Cruz,118850,RP,34,,2,1.900,no,,Fernando Cruz,COL TEX,3,2024,2026
2024,t2-5,MIN,Ian Hamilton,465225,RP,29,,2,1.900,yes,,Ian Hamilton,CHC MIN,3,2024,2026
2024,t2-5,OAK,Caleb Thielbar,85456,RP,37,,2,1.900,no,,Caleb Thielbar,LAD OAK TOR,4,2015,2026
2024,t2-5,OAK,Justin Lawrence,300748,RP,30,,2,1.900,yes,,Justin Lawrence,LAD OAK,3,2024,2026
2024,t2-5,OAK,Ryan Brasier,454962,RP,37,,2,1.900,no,,Ryan Brasier,MIL OAK PHI WAS,7,2019,2026
2024,t2-5,PHI,J. P. France,490459,SP,29,,2,1.900,yes,,J.P. France,PHI,3,2024,2026
2024,t2-5,STL,David Fletcher,131439,SS,30,,2,1.900,yes,,David Fletcher,MIA STL,8,2019,2026
2024,t3-1,TB,Matt Moore,78511,RP,35,,1,2.250,yes,,Matt Moore,COL HOU OAK TB TEX,12,2010,2025
2024,t3-1,NYM,Robert Garcia,74567,RP,28,,2,1.900,yes,,Robert Garcia,NYM,3,2024,2026
2024,t3-1,TOR,Tanner Banks,385643,RP,33,,1,1.554,yes,,Tanner Banks,NYM TOR,3,2024,2026
2024,t3-1,TOR,Jake Thompson,93099,RP,30,,1,1.554,yes,,Jake Thompson,COL LAA SEA TOR WAS,9,2014,2024
2024,t3-1,TOR,Devin Mann,212936,3B,27,,1,1.554,yes,,Devin Mann,DET TOR,2,2024,2025
2024,t3-1,PIT,Ryan Burr,468201,RP,30,,1,1.410,yes,,Ryan Burr,CIN LAD PIT,3,2024,2026
2024,t3-1,NYY,Greg Allen,485513,CF,31,,1,1.400,yes,,Greg Allen,HOU NYY,8,2018,2025
2024,t3-1,NYY,Jared Walsh,36051,1B,31,,1,1.400,yes,,Jared Walsh,CHC NYY TEX,4,2021,2024
2024,t3-1,NYY,Ron Marinaccio,225654,RP,29,,1,1.400,yes,,Ron Marinaccio,CLE NYY,4,2022,2025
2024,t3-1,CLE,Steven Okert,304213,RP,33,,1,1.400,yes,,Steven Okert,CLE KC MIA NYY PIT TOR,8,2018,2026
2024,t3-1,SD,David Peralta,416111,LF,37,,1,1.400,yes,,David Peralta,BOS LAD MIL PHI SD SEA,10,2016,2025
2024,t3-1,SD,Kyle Gibson,322379,SP,37,,1,1.400,yes,,Kyle Gibson,ARI ATL KC MIN SD SF TOR,17,2009,2025
2024,t3-1,STL,Johan Camargo,146761,SS,31,,1,1.400,yes,,Johan Camargo,MIA MIL STL,6,2019,2025
2024,t3-1,CLE,Daniel Hudson,468813,RP,37,,1,1.400,yes,,Daniel Hudson,CHW CLE KC SEA SF TOR,13,2010,2025
2024,t3-1,TB,Wil Myers,372391,RF,34,,1,1.400,yes,,Wil Myers,CLE COL NYM NYY PIT TB WAS,16,2010,2025
2024,t3-1,BAL,Mike Zunino,416776,C,,,1,1.400,yes,,Mike Zunino,BAL OAK,14,2012,2025
2024,t3-1,ARI,Hernán Pérez,27978,SS,33,,1,1.400,yes,,Hernan Perez,ARI ATL CLE DET PHI,6,2018,2025
2024,t3-1,ATL,Austin Hedges,419543,C,32,,1,1.400,yes,,Austin Hedges,ATL CLE COL SF WAS,12,2013,2026
2024,t3-2,CHW,Kolby Allard,60227,RP,27,,1,2.500,yes,,Kolby Allard,CHW CLE SF,11,2016,2026
2024,t3-2,TB,Cristopher Sánchez,33254,SP,28,,3,2.200,yes,,Cristopher Sanchez,TB,3,2024,2026
2024,t3-2,CHW,Tom Cosgrove,292371,RP,28,,1,2.000,yes,,Tom Cosgrove,CHW,2,2024,2025
2024,t3-2,PIT,Ronel Blanco,410308,RP,31,,1,1.460,yes,,Ronel Blanco,PIT,2,2024,2025
2024,t3-3,NYY,Ross Stripling,424544,RP,35,,1,1.400,yes,,Ross Stripling,NYY SEA TEX,12,2014,2025
2024,t3-3,SD,Yan Gomes,18801,C,37,,1,1.400,no,,Yan Gomes,PHI PIT SD WAS,10,2014,2024
2024,t3-4,KC,Elvis Peguero,397608,RP,27,,1,1.400,yes,,Elvis Peguero,CLE KC,2,2024,2025
2023,t1-1,NYY,Francisco Lindor,339001,SS,29,,7,35.000,no,5.5,Francisco Lindor,ATL COL NYM NYY SEA,15,2012,2026
2023,t1-1,OAK,Carlos Correa,103571,SS,28,0.1,7,34.000,no,5.6,Carlos Correa,MIL OAK,14,2013,2026
2023,t1-1,TEX,Kodai Senga,113889,SP,30,,4,23.750,yes,3.1,Kodai Senga,TEX,4,2023,2026
2023,t1-1,TB,J. T. Realmuto,303381,C,32,,3,17.500,yes,4.2,J.T. Realmuto,ARI BAL BOS CIN DET MIL SEA TB TEX,14,2013,2026
2023,t1-1,BOS,Edwin Díaz,3068,RP,29,,4,15.250,yes,1.4,Edwin Diaz,BOS OAK,13,2014,2026
2023,t1-2,BAL,Carlos Rodón,170720,SP,30,,3,36.000,yes,4.1,Carlos Rodon,BAL KC TB TEX WAS,14,2013,2026
2023,t1-2,BAL,Max Scherzer,204108,SP,38,,2,34.000,no,3.9,Max Scherzer,ARI ATL BAL BOS CIN COL NYM OAK PIT SEA TB TEX TOR,17,2009,2026
2023,t1-2,PIT,Clayton Kershaw,25630,SP,35,0.1,2,33.500,no,3.2,Clayton Kershaw,ARI PIT TOR,17,2009,2026
2023,t1-2,LAD,Kris Bryant,59089,LF,31,,3,20.675,no,1.7,Kris Bryant,BAL LAD,13,2013,2025
2023,t1-2,CHW,Willson Contreras,56673,C,31,,3,18.000,no,3.1,Willson Contreras,BAL CHW LAD,11,2016,2026
2023,t2-1,DET,Masataka Yoshida,188968,LF,30,,3,24.750,no,,Masataka Yoshida,ATL CHC DET MIL OAK WAS,4,2023,2026
2023,t2-1,MIL,Luis Severino,463898,SP,29,,3,22.000,yes,2.5,Luis Severino,DET MIL SD TB WAS,12,2015,2026
2023,t2-1,SD,Max Muncy,205504,3B,32,,3,18.000,yes,2.9,Max Muncy,CHC CHW KC MIA MIL MIN SD,13,2014,2026
2023,t2-1,PIT,Salvador Pérez,368167,C,33,,2,15.010,no,2.4,Salvador Perez,COL NYY PIT SD TB TEX TOR,14,2013,2026
2023,t2-1,LAA,Hunter Renfroe,128398,RF,31,,3,15.000,no,2.2,Hunter Renfroe,CIN LAA PIT SEA,12,2014,2025
2023,t2-1,LAA,Nathan Eovaldi,330937,SP,33,,3,15.000,no,1.9,Nathan Eovaldi,BOS CIN LAA MIA WAS,14,2012,2026
2023,t2-1,TB,Yu Darvish,191562,SP,36,0.1,2,14.750,yes,2.0,Yu Darvish,CHW TB,13,2014,2026
2023,t2-1,SEA,Robbie Ray,143333,SP,31,,3,14.500,no,2.0,Robbie Ray,DET LAA SEA TEX,15,2012,2026
2023,t2-1,SF,Josh Hader,504126,RP,29,,4,13.100,yes,1.0,Josh Hader,CIN LAA MIA SF,13,2014,2026
2023,t2-1,SF,Michael Conforto,280501,RF,30,,4,13.100,yes,1.9,Michael Conforto,CHW MIN SD SF,12,2015,2026
2023,t2-1,SD,Blake Snell,233102,SP,30,,4,13.000,yes,2.1,Blake Snell,ATL DET SD,13,2014,2026
2023,t2-1,LAD,Dean Kremer,57569,SP,27,,2,12.660,yes,2.8,Dean Kremer,LAD SD,4,2023,2026
2023,t2-1,PHI,Miles Mikolas,336653,SP,34,,3,12.000,no,2.3,Miles Mikolas,BOS PHI SF,7,2019,2025
2023,t2-1,CHC,Mitch Haniger,37537,RF,32,,2,11.250,no,1.8,Mitch Haniger,CHC COL KC MIL TEX,9,2014,2024
2023,t2-1,CHC,Scott Barlow,317768,RP,30,,3,11.250,no,0.5,Scott Barlow,CHC STL,6,2020,2025
2023,t2-1,DET,Christian Walker,253204,1B,32,0.1,3,10.000,no,2.8,Christian Walker,BAL DET MIL NYY SEA,12,2015,2026
2023,t2-1,NYM,Yoán Moncada,326397,3B,28,,6,10.000,yes,2.2,Yoan Moncada,ATL BAL NYM,10,2017,2026
2023,t2-1,LAD,Brandon Belt,350956,1B,35,,2,9.866,no,,Brandon Belt,ARI BAL DET LAD MIL OAK,14,2011,2025
2023,t2-1,BAL,Joey Gallo,414141,1B,30,,3,9.150,yes,,Joey Gallo,BAL CHC,14,2013,2026
2023,t2-1,ARI,Eduardo Rodríguez,11791,SP,30,,2,8.500,yes,1.8,Eduardo Rodriguez,ARI CIN MIA SD SEA WAS,12,2014,2025
2023,t2-1,KC,Jeimer Candelario,377043,3B,29,,2,8.400,yes,2.2,Jeimer Candelario,CIN CLE KC LAD MIL,11,2015,2025
2023,t2-1,PIT,Evan Phillips,69517,RP,28,,2,8.250,yes,0.7,Evan Phillips,PIT TOR,4,2023,2026
2023,t2-1,NYM,Jesse Winker,9193,LF,29,,3,7.500,yes,1.6,Jesse Winker,MIA NYM TEX,12,2014,2025
2023,t2-1,WAS,James Outman,128766,RF,26,,7,7.500,yes,1.9,James Outman,ATL WAS,4,2023,2026
2023,t2-1,MIA,Félix Bautista,62059,RP,28,,2,7.000,yes,1.0,Felix Bautista,BAL MIA,4,2023,2026
2023,t2-1,MIL,Joey Meneses,54592,1B,31,,3,6.022,no,2.1,Joey Meneses,ATL MIL WAS,3,2023,2025
2023,t2-1,LAA,Trevor Williams,356527,P,31,,2,6.000,no,,Trevor Williams,BOS CLE LAA MIA MIL,8,2019,2026
2023,t2-1,SD,Jean Segura,403040,2B,33,,2,5.500,yes,2.0,Jean Segura,BOS LAA PIT SD TB TOR,13,2012,2024
2023,t2-1,STL,C. J. Cron,371812,1B,33,,2,4.700,yes,1.1,C.J. Cron,ATL KC PHI STL,14,2012,2025
2023,t2-1,MIN,Cole Irvin,459654,SP,29,,2,4.500,yes,1.5,Cole Irvin,MIN,3,2023,2025
2023,t2-1,MIN,Tommy Henry,157547,SP,25,,2,4.500,yes,1.2,Tommy Henry,MIN,3,2023,2025
2023,t2-1,PHI,Adam Ottavino,49609,RP,37,,2,4.000,no,0.6,Adam Ottavino,ARI CIN LAA PHI TB,12,2014,2026
2023,t2-1,TEX,Nick Fortes,126227,C,26,,5,3.960,yes,1.5,Nick Fortes,TEX,4,2023,2026
2023,t2-1,TOR,Austin Barnes,389718,C,33,,2,3.888,no,1.5,Austin Barnes,SD TEX TOR,9,2016,2025
2023,t2-1,NYY,Joely Rodríguez,456667,RP,31,,3,3.700,yes,0.3,Joely Rodriguez,NYY TOR,6,2020,2025
2023,t2-1,KC,Rob Refsnyder,17746,RF,32,,2,3.250,no,0.8,Rob Refsnyder,KC MIL NYM PHI WAS,12,2015,2026
2023,t2-1,KC,David Hensley,314240,SS,27,,3,3.001,yes,0.5,David Hensley,CLE KC,3,2023,2025
2023,t2-1,MIN,TJ Friedl,331876,CF,27,,2,3.000,yes,1.2,T.J. Friedl,MIA MIN,4,2023,2026
2023,t2-1,DET,Christian Bethancourt,466666,C,31,,2,3.000,no,1.6,Christian Bethancourt,COL DET MIA PHI,13,2013,2025
2023,t2-1,MIL,Wandy Peralta,129759,RP,31,0.1,2,2.621,yes,0.5,Wandy Peralta,LAA MIL,5,2021,2026
2023,t2-1,TEX,Colin Holderman,480003,RP,27,,4,2.590,yes,-0.2,Colin Holderman,TEX,4,2023,2026
2023,t2-1,TEX,Zach Pop,289251,RP,26,,4,2.590,yes,-0.1,Zach Pop,TEX,4,2023,2026
2023,t2-1,CHC,Evan Longoria,16738,3B,38,,2,2.500,no,,Evan Longoria,CHC MIN OAK SF TB TOR,14,2009,2024
2023,t2-1,MIL,Connor Wong,263289,C,27,,3,2.321,no,1.2,Connor Wong,DET MIL,4,2023,2026
2023,t2-1,SEA,Whit Merrifield,396049,2B,34,,2,2.100,no,1.0,Whit Merrifield,BAL CLE LAD SEA,8,2017,2024
2023,t2-2,ATL,Alex Wood,379651,SP,32,,2,13.500,no,1.7,Alex Wood,ATL COL NYM TB,11,2014,2024
2023,t2-2,WAS,Clay Holmes,13144,RP,30,,3,8.000,yes,0.3,Clay Holmes,MIA STL WAS,8,2019,2026
2023,t2-2,ARI,Michael Brantley,329221,LF,36,,2,7.500,yes,1.7,Michael Brantley,ARI CHC CIN CLE COL,16,2009,2025
2023,t2-2,COL,Alexis Díaz,516459,RP,26,,3,7.500,no,0.4,Alexis Diaz,COL OAK,4,2023,2026
2023,t2-2,SD,Brandon Drury,164039,3B,30,,3,7.000,no,1.2,Brandon Drury,SD SF TB,11,2015,2025
2023,t2-2,TB,Justin Steele,114348,SP,27,,2,6.500,yes,2.2,Justin Steele,OAK TB,4,2023,2026
2023,t2-2,ATL,Jake Alu,460890,3B,26,,3,5.750,yes,2.6,Jake Alu,ATL WAS,4,2023,2026
2023,t2-2,COL,Jovani Morán,219646,RP,26,,3,4.776,yes,0.3,Jovani Moran,COL TB,4,2023,2026
2023,t2-2,COL,David Robertson,485256,RP,38,,2,4.576,yes,0.3,David Robertson,COL NYY SD SEA,12,2012,2025
2023,t2-2,KC,Jason Adam,61228,RP,31,,2,4.500,yes,0.7,Jason Adam,ARI CLE KC SF,10,2012,2026
2023,t2-2,MIN,Conner Capel,433274,RF,26,,2,4.500,yes,0.8,Conner Capel,MIN,3,2023,2025
2023,t2-2,ARI,Mark Canha,408029,LF,34,,2,4.500,yes,1.9,Mark Canha,ARI CLE MIL TB,8,2019,2026
2023,t2-2,CHC,Daniel Bard,239451,RP,38,,2,4.250,no,0.2,Daniel Bard,CHC MIA SF TB,9,2010,2024
2023,t2-2,DET,Shintaro Fujinami,104393,RP,29,,2,4.025,yes,,Shintaro Fujinami,DET,2,2023,2024
2023,t2-2,WAS,John Schreiber,98020,RP,29,,2,4.000,yes,0.5,John Schreiber,ATL LAA WAS,4,2023,2026
2023,t2-2,COL,Aroldis Chapman,467995,RP,35,,2,3.877,no,0.1,Aroldis Chapman,BAL CHC COL PIT SD TB TOR,15,2012,2026
2023,t2-2,MIL,JP Sears,391358,RP,27,,3,3.500,no,1.1,J.P. Sears,MIL,3,2023,2025
2023,t2-2,TB,Nicky Lopez,3114,2B,28,,2,3.500,yes,1.7,Nicky Lopez,BAL MIL TB TOR,8,2019,2026
2023,t2-2,MIL,Seth Brown,308506,1B,30,,2,3.022,yes,1.7,Seth Brown,CIN DET MIL OAK,5,2022,2026
2023,t2-2,CLE,Sean Bouchard,463193,LF,27,,2,3.000,yes,0.9,Sean Bouchard,CLE DET KC,4,2023,2026
2023,t2-2,HOU,Joe Jiménez,339285,RP,28,,5,2.800,no,0.3,Joe Jimenez,HOU MIA SEA,9,2017,2026
2023,t2-2,HOU,Nic Enright,333537,RP,26,,5,2.800,yes,0.5,Nic Enright,HOU,4,2023,2026
2023,t2-2,COL,James McCann,288032,C,33,,2,2.576,yes,0.9,James McCann,COL MIL PHI TEX TOR,11,2015,2025
2023,t2-2,LAA,Elvis Andrus,403805,SS,34,,2,2.500,no,0.9,Elvis Andrus,BAL LAA LAD SD TOR,15,2009,2024
2023,t2-2,TB,Penn Murfee,340687,RP,29,,3,2.200,yes,0.6,Penn Murfee,LAA TB,3,2023,2025
2023,t2-2,NYM,Nick Vespi,100708,RP,27,,2,2.000,yes,0.1,Nick Vespi,NYM PHI,3,2022,2024
2023,t2-2,CHC,Andrew McCutchen,491921,LF,36,,2,2.000,no,0.7,Andrew McCutchen,CHC COL SD SEA SF TB,18,2009,2026
2023,t2-2,TOR,Matt Gage,490687,RP,30,,2,1.955,no,0.2,Matt Gage,TOR,2,2023,2024
2023,t2-3,TB,Stephen Strasburg,39090,SP,34,,2,11.000,no,2.4,Stephen Strasburg,BAL TB,15,2009,2024
2023,t2-3,OAK,Chris Taylor,27819,LF,32,,2,10.000,no,1.4,Chris Taylor,MIA NYM OAK PIT TEX,12,2014,2025
2023,t2-3,OAK,Jameson Taillon,342172,SP,31,,3,9.500,yes,1.6,Jameson Taillon,COL MIL NYM NYY OAK,16,2011,2026
2023,t2-3,LAD,Erik Swanson,350294,RP,29,,3,7.780,no,0.6,Erik Swanson,KC LAD,7,2019,2025
2023,t2-3,ATL,Yasmani Grandal,127136,C,34,,2,7.500,yes,2.7,Yasmani Grandal,ATL CHC TB TOR WAS,15,2011,2025
2023,t2-3,TOR,Tommy Kahnle,402745,RP,33,,2,7.500,no,0.4,Tommy Kahnle,BAL CLE TB TOR,8,2019,2026
2023,t2-3,SD,Trey Mancini,337948,1B,31,,2,6.000,yes,1.0,Trey Mancini,MIA NYM SD,9,2016,2024
2023,t2-3,LAD,Collin McHugh,362701,RP,36,,2,5.850,no,1.2,Collin McHugh,LAD PHI PIT WAS,9,2016,2024
2023,t2-3,DET,David Villar,113131,3B,26,,3,5.025,yes,2.3,David Villar,DET SD,3,2023,2025
2023,t2-3,WAS,Franmil Reyes,353328,RF,27,,3,4.500,yes,1.3,Franmil Reyes,ARI ATL LAD WAS,8,2018,2025
2023,t2-3,LAA,Eugenio Suárez,388742,3B,31,,2,4.500,yes,2.1,Eugenio Suarez,CIN LAA PHI PIT TOR,14,2013,2026
2023,t2-3,PHI,Garrett Cooper,191023,1B,32,,2,4.000,no,1.0,Garrett Cooper,KC LAD MIA PHI,5,2020,2024
2023,t2-3,LAA,Rafael Montero,358809,RP,32,,2,4.000,yes,0.3,Rafael Montero,CHC LAA MIA NYY,13,2013,2025
2023,t2-3,PHI,Garrett Cleavinger,391327,RP,29,,2,4.000,yes,0.4,Garrett Cleavinger,PHI SD,4,2023,2026
2023,t2-3,OAK,Ji Man Choi,210171,1B,32,,2,3.500,yes,0.9,Ji-Man Choi,CLE KC OAK SD,7,2018,2024
2023,t2-3,NYM,Domingo Germán,87295,SP,30,,2,3.000,yes,1.4,Domingo German,NYM,6,2019,2024
2023,t2-3,LAD,Miles Mastrobuoni,441704,2B,27,,2,3.000,yes,1.5,Miles Mastrobuoni,LAD,3,2023,2025
2023,t2-3,TEX,Yunior Marte,515174,RP,28,,4,2.520,yes,-0.1,Yunior Marte,KC TEX,5,2022,2026
2023,t2-3,HOU,Stephen Nogosek,248201,RP,28,,4,2.500,yes,0.3,Stephen Nogosek,HOU,3,2023,2025
2023,t2-3,HOU,Paul DeJong,457858,SS,29,,4,2.500,no,2.4,Paul DeJong,HOU KC TEX,10,2017,2026
2023,t2-3,HOU,Nick Sandlin,119538,RP,26,,4,2.500,no,0.1,Nick Sandlin,HOU,4,2023,2026
2023,t2-3,LAD,Curt Casali,148657,C,35,,2,2.250,no,,Curt Casali,CHC CLE LAA LAD,5,2019,2024
2023,t2-3,SF,Richard Bleier,285268,RP,36,,2,2.002,no,0.2,Richard Bleier,LAA OAK SF,6,2019,2024
2023,t2-3,NYM,Will Harris,364606,RP,38,,2,2.000,no,0.2,Will Harris,CIN MIL NYM TB,8,2016,2023
2023,t2-3,TEX,Jon Berti,487927,2B,33,,2,1.950,no,1.0,Jon Berti,BOS TEX,5,2020,2024
2023,t2-3,BAL,Josh Donaldson,119022,3B,37,,2,1.900,no,2.3,Josh Donaldson,ARI BAL COL TEX,10,2013,2024
2023,t2-4,OAK,Martín Pérez,361327,SP,32,,2,8.000,yes,1.6,Martin Perez,DET LAA MIA OAK TB,17,2010,2026
2023,t2-4,BOS,Michael Wacha,435306,SP,31,,3,4.250,no,0.1,Michael Wacha,BOS CLE LAD MIN NYY WAS,15,2012,2026
2023,t2-4,WAS,Josh Taylor,457324,RP,30,,2,4.000,yes,0.2,Josh Taylor,PHI WAS,5,2020,2024
2023,t2-4,OAK,Josh Dye,298848,RP,26,,2,3.500,yes,0.4,Josh Dye,OAK,1,2023,2023
2023,t2-4,PIT,Mike Clevinger,75534,SP,32,,2,2.760,yes,0.4,Mike Clevinger,LAD PIT,8,2017,2024
2023,t2-4,PIT,José Quijada,303112,RP,27,,2,2.760,yes,0.0,Jose Quijada,CLE MIA PIT,5,2022,2026
2023,t2-4,BOS,Johnny Cueto,14422,SP,37,,2,2.750,no,1.3,Johnny Cueto,ATL BOS CHC CHW MIN NYY PIT SEA TOR,15,2009,2024
2023,t2-4,ATL,Jacob Stallings,14968,C,33,,2,2.500,yes,2.0,Jacob Stallings,ATL DET WAS,7,2019,2025
2023,t2-4,HOU,Trevor Brigden,64433,RP,27,,4,2.500,yes,0.2,Trevor Brigden,HOU,4,2023,2026
2023,t2-4,DET,Miguel Del Pozo,17832,RP,30,,2,2.025,no,0.0,Miguel Del Pozo,DET,2,2023,2024
2023,t2-4,DET,Kevin Pillar,79032,CF,34,,2,1.925,no,1.0,Kevin Pillar,CIN DET MIL TOR,8,2016,2024
2023,t2-4,CHC,Josh Harrison,496592,2B,35,,2,1.900,no,1.0,Josh Harrison,ARI BOS CHC KC NYM TOR,7,2015,2024
2023,t2-4,NYM,Ben Gamel,98838,LF,31,,2,1.900,no,1.2,Ben Gamel,ATL MIN NYM,6,2019,2024
2023,t2-4,SD,Mychal Givens,451151,RP,33,,2,1.900,no,0.0,Mychal Givens,DET OAK SD,8,2017,2024
2023,t2-4,SD,Tyler Matzek,74232,RP,32,,2,1.900,no,0.2,Tyler Matzek,ATL COL NYM SD SEA,14,2010,2024
2023,t2-5,DET,Tyler Anderson,180329,SP,33,,2,5.025,yes,1.1,Tyler Anderson,BAL DET WAS,13,2012,2025
2023,t2-5,OAK,Bryan Baker,188862,RP,28,,2,4.500,yes,0.2,Bryan Baker,OAK SD,4,2023,2026
2023,t2-5,KC,Donovan Solano,417877,1B,35,,2,4.000,no,0.9,Donovan Solano,DET KC TB,6,2015,2024
2023,t2-5,OAK,Huascar Brazobán,330111,RP,33,,2,3.500,no,0.3,Huascar Brazoban,OAK,3,2023,2026
2023,t2-5,DET,Wei-Chieh Huang,272630,RP,29,,2,3.025,no,0.5,Wei-Chieh Huang,DET,2,2023,2024
2023,t2-5,OAK,Anthony Bass,235725,RP,35,,2,3.000,yes,0.3,Anthony Bass,KC OAK SD,5,2014,2023
2023,t2-5,DET,Alan Trejo,270874,SS,27,,3,2.525,yes,0.8,Alan Trejo,DET,2,2023,2024
2023,t2-5,SD,Craig Kimbrel,271387,RP,35,,2,2.500,yes,0.0,Craig Kimbrel,ATL CIN DET NYM SD SF WAS,16,2011,2026
2023,t2-5,LAA,Franchy Cordero,134176,1B,28,,3,2.200,no,0.3,Franchy Cordero,LAA TB WAS,6,2020,2025
2023,t2-5,KC,Nick Maton,379536,SS,26,,2,2.000,yes,1.2,Nick Maton,CLE KC,3,2023,2025
2023,t2-5,KC,Ryan Kreidler,9628,SS,25,,2,2.000,yes,1.5,Ryan Kreidler,CLE KC,3,2023,2025
2023,t2-5,LAD,Mike Moustakas,157758,1B,34,,2,2.000,no,0.5,Mike Moustakas,CLE COL DET KC LAD MIL MIN SD TOR,16,2009,2024
2023,t2-5,WAS,Jandel Gustave,307965,RP,30,,2,2.000,yes,0.2,Jandel Gustave,WAS,2,2023,2024
2023,t2-5,WAS,Joey Votto,320873,1B,39,,2,2.000,no,0.7,Joey Votto,BOS KC LAD SEA STL TB WAS,15,2009,2024
2023,t2-5,SD,Martín Maldonado,375073,C,36,,2,1.900,no,0.0,Martin Maldonado,ATL CIN COL MIN SD,9,2014,2024
2023,t2-5,SD,Matt Carpenter,179763,1B,38,,2,1.900,no,,Matt Carpenter,BOS MIN NYM PIT SD,12,2013,2024
2023,t2-5,TOR,Yonathan Daza,186205,CF,29,,2,1.900,no,0.8,Yonathan Daza,BAL KC MIN TOR,5,2019,2024
2023,t3-1,OAK,Gary Sánchez,329837,C,30,0.1,1,8.500,no,1.7,Gary Sanchez,MIN OAK SD,15,2012,2026
2023,t3-1,BOS,Nelson Cruz,514439,DH,42,,1,5.000,no,1.2,Nelson Cruz,BOS DET KC MIA SEA STL TB TOR WAS,11,2010,2023
2023,t3-1,CHW,Abraham Almonte,321209,LF,34,,1,4.000,no,0.7,Abraham Almonte,CHW COL,2,2016,2023
2023,t3-1,BOS,Corey Dickerson,503858,LF,34,,1,4.000,no,,Corey Dickerson,BOS CHW NYY TEX TOR,12,2012,2023
2023,t3-1,CIN,Zack Greinke,468867,SP,39,,1,3.200,yes,1.2,Zack Greinke,CIN PIT SEA SF TOR,15,2009,2024
2023,t3-1,SEA,Albert Pujols,454889,1B,43,,1,3.000,no,,Albert Pujols,HOU LAA SEA TB,9,2010,2023
2023,t3-1,OAK,Matt Festa,26520,RP,30,,1,2.500,yes,0.3,Matt Festa,COL OAK,2,2023,2026
2023,t3-1,OAK,C. J. Hinojosa,359868,SS,28,,1,2.500,yes,1.5,C.J. Hinojosa,OAK,1,2023,2023
2023,t3-1,CIN,Matt Barnes,272021,RP,33,,1,2.500,yes,0.0,Matt Barnes,CIN MIN SEA TOR,13,2012,2024
2023,t3-1,TEX,Andrés Alvarez,456460,3B,26,,3,2.210,yes,1.3,Andres Alvarez,TEX,4,2023,2026
2023,t3-1,BOS,Matt Duffy,119273,3B,32,,1,2.000,no,0.3,Matt Duffy,BOS DET KC MIA MIL PIT TB TOR,8,2016,2023
2023,t3-1,KC,Yency Almonte,315463,RP,29,,2,2.000,yes,0.2,Yency Almonte,CLE KC,3,2023,2025
2023,t3-1,TB,Griffin Jax,514275,RP,28,,2,1.900,yes,0.1,Griffin Jax,NYY TB,4,2023,2026
2023,t3-1,CIN,Michael Fulmer,496807,RP,30,,1,1.700,yes,0.1,Michael Fulmer,BAL CIN SEA,12,2013,2024
2023,t3-1,SF,Scott Alexander,337006,RP,33,,1,1.515,yes,0.2,Scott Alexander,MIA PHI SF,6,2019,2025
2023,t3-1,CHW,Clint Coulter,81494,LF,29,,1,1.501,yes,0.9,Clint Coulter,CHW DET,10,2014,2024
2023,t3-1,CHW,Kyle Garlick,111131,LF,31,,1,1.501,yes,0.4,Kyle Garlick,CHC CHW,3,2022,2024
2023,t3-1,KC,John Brebbia,182718,RP,33,,1,1.500,yes,0.5,John Brebbia,CIN DET KC TEX,7,2019,2025
2023,t3-1,PIT,Anthony Gose,155431,RP,32,,1,1.460,yes,0.0,Anthony Gose,PHI PIT SD,9,2012,2024
2023,t3-1,MIL,Tyler Heineman,416972,C,32,,1,1.431,yes,0.9,Tyler Heineman,CLE MIA MIL MIN,5,2020,2026
2023,t3-1,MIN,Carlos Estévez,125665,RP,30,,1,1.400,yes,0.1,Carlos Estevez,MIL MIN STL TB,8,2019,2026
2023,t3-1,MIN,Nick Anderson,428311,RP,32,,1,1.400,yes,0.2,Nick Anderson,CIN MIA MIN SEA,5,2020,2024
2023,t3-1,MIN,Tyler Kinley,292327,RP,32,,1,1.400,yes,0.1,Tyler Kinley,CHW LAA MIN,4,2023,2026
2023,t3-1,TB,Matt Bush,312990,RP,37,,1,1.400,yes,0.5,Matt Bush,CIN LAD MIN SEA SF TB WAS,12,2009,2024
2023,t3-1,CLE,Paul Blackburn,81872,SP,29,,1,1.400,yes,1.4,Paul Blackburn,CLE WAS,3,2022,2024
2023,t3-1,NYY,Anthony Misiewicz,362498,RP,28,,1,1.400,yes,0.5,Anthony Misiewicz,NYY,2,2023,2024
2023,t3-1,NYY,Scott Effross,134930,RP,29,,1,1.400,yes,0.2,Scott Effross,NYY,2,2023,2024
2023,t3-1,BAL,Tyler Holton,353496,RP,27,,1,1.400,yes,0.6,Tyler Holton,BAL CHC STL,5,2022,2026
2023,t3-1,CLE,Darick Hall,120007,1B,27,,1,1.400,yes,1.1,Darick Hall,CLE,2,2023,2024
2023,t3-1,BAL,Garrett Stubbs,261161,C,30,,1,1.400,yes,0.7,Garrett Stubbs,BAL,4,2020,2024
2023,t3-1,ATL,Trayce Thompson,12846,LF,32,,1,1.400,yes,1.4,Trayce Thompson,ATL BAL CHC,8,2014,2024
2023,t3-1,CLE,Kevin Cron,451498,1B,30,,1,1.400,yes,1.0,Kevin Cron,CLE HOU,5,2019,2024
2023,t3-1,ATL,Sean Boyle,373499,SP,26,,1,1.400,yes,1.2,Sean Boyle,ATL,2,2023,2024
2023,t3-2,LAD,Kent Emanuel,117060,RP,31,,1,2.150,no,0.5,Kent Emanuel,LAD,1,2023,2023
2023,t3-2,MIN,José Castillo,23512,RP,27,,1,1.900,yes,0.4,Jose Castillo,COL MIN,6,2019,2024
2023,t3-2,MIN,Yohel Pozo,282390,C,26,,1,1.900,yes,1.2,Yohel Pozo,MIN NYY,4,2023,2026
2023,t3-2,NYM,Jay Jackson,25127,P,36,,1,1.800,no,,Jay Jackson,ATL BAL CIN COL MIA NYM PHI WAS,15,2010,2025
2023,t3-2,CIN,Robbie Grossman,246925,LF,33,,1,1.600,yes,1.0,Robbie Grossman,CIN MIA NYM,12,2013,2024
2023,t3-2,ATL,Charles Leblanc,482145,3B,27,,1,1.400,yes,1.4,Charles Leblanc,ATL,2,2023,2024
2023,t3-2,ATL,Jacob Webb,59047,RP,29,,1,1.400,yes,0.1,Jacob Webb,ATL CIN SD WAS,4,2022,2026
2023,t3-2,CIN,Dixon Machado,50418,SS,31,,1,1.400,yes,1.2,Dixon Machado,CIN MIA,3,2020,2024
2023,t3-2,CLE,Luis González,461592,RF,27,,1,1.400,yes,1.3,Luis Gonzalez,CLE,2,2023,2024
2023,t3-2,CLE,Mark Mathias,498635,2B,28,,1,1.400,yes,1.4,Mark Mathias,CLE NYY,2,2023,2024
2023,t3-2,MIN,Alex Call,480309,CF,28,,1,1.400,yes,1.5,Alex Call,MIN TOR,3,2023,2026
2023,t3-2,SD,Jorge Alfaro,473517,C,30,,1,1.400,yes,0.3,Jorge Alfaro,BOS CLE COL NYM OAK SD WAS,14,2013,2026
2023,t3-2,SD,Tommy Pham,222407,LF,35,,1,1.400,yes,0.4,Tommy Pham,ATL COL SD TOR,10,2016,2026
2023,t3-2,TB,Jonah Bride,313484,2B,27,,1,1.400,yes,1.2,Jonah Bride,TB TEX,4,2023,2026
2023,t3-2,CIN,Miguel Sanó,272947,1B,30,,1,1.400,no,0.4,Miguel Sano,CHW CIN NYY,14,2012,2025
2023,t3-3,TB,Spencer Turnbull,8907,SP,30,,3,2.200,yes,0.4,Spencer Turnbull,CHC KC TB,5,2020,2025
2023,t3-3,COL,Yerry De los Santos,148334,RP,25,,2,1.951,yes,0.0,Yerry De Los Santos,COL,3,2023,2025
2023,t3-3,KC,Mike Tauchman,337262,LF,33,,1,1.500,yes,,Mike Tauchman,BOS KC LAD MIA NYY,8,2019,2026
2023,t3-3,KC,Drew Rucinski,80785,RP,35,,1,1.401,yes,,Drew Rucinski,KC,2,2023,2024
2023,t3-3,TB,Trevor Stephan,442021,RP,27,,1,1.400,yes,0.5,Trevor Stephan,CLE DET TB,3,2023,2026
2023,t3-3,SD,Jose Quintana,120857,SP,34,,1,1.400,yes,1.2,Jose Quintana,CLE KC SD,14,2013,2026
2023,t3-3,SD,Jesse Chavez,4026,RP,39,,1,1.400,no,0.4,Jesse Chavez,ATL COL MIA MIN SD TB,7,2016,2023
2023,t3-3,MIN,Jason Foley,97378,RP,27,,1,1.400,yes,0.3,Jason Foley,MIN PHI,4,2023,2026
2023,t3-3,MIN,Ildemaro Vargas,132142,SS,31,,1,1.400,yes,1.1,Ildemaro Vargas,ATL LAD MIN,6,2018,2024
2023,t3-3,CIN,AJ Pollock,112357,LF,35,,1,1.400,yes,0.3,A.J. Pollock,CIN CLE MIL NYM,15,2010,2024
2023,t3-3,BAL,Vinny Capra,167007,SS,26,,1,1.400,yes,0.7,Vinny Capra,BAL MIN,3,2023,2025
2023,t3-3,ATL,Kramer Robertson,505873,SS,28,,1,1.400,yes,1.9,Kramer Robertson,ATL,2,2023,2024
2023,t3-4,COL,Jose Hernandez,412655,RP,26,,3,3.000,yes,,Jose E. Hernandez,COL,4,2023,2026
2023,t3-4,KC,Logan Porter,121411,1B,27,,1,1.400,yes,0.6,Logan Porter,KC,2,2023,2024
2023,t3-4,KC,Scott McGough,77983,RP,34,,1,1.400,yes,,Scott McGough,KC,2,2023,2024
2023,t3-4,NYY,Nomar Mazara,78317,RF,28,,1,1.400,yes,0.4,Nomar Mazara,BOS COL HOU MIN NYY STL,11,2014,2024
2023,t3-4,SD,Jackie Bradley,435181,RF,33,,1,1.400,yes,-0.1,Jackie Bradley Jr.,CHC NYM SD,13,2011,2024
2023,t4-1,ATL,Yusei Kikuchi,66086,SP,32,,1,0.000,MLI,0.4,Yusei Kikuchi,ATL MIN STL,7,2020,2026
2023,t4-1,ATL,Omar Narváez,389844,C,31,,1,0.000,MLI,1.8,Omar Narvaez,ATL MIL SF,7,2019,2025
2023,t4-1,ATL,Janson Junk,468069,SP,27,,1,0.000,MLI,0.4,Janson Junk,ATL TB,2,2023,2026
2023,t4-1,ARI,Esteban Quiroz,307103,2B,31,,1,0.000,MLI,0.9,Esteban Quiroz,ARI TOR,2,2019,2023
2023,t4-1,ARI,Jose Trevino,508421,C,30,,1,0.000,MLI,1.3,Jose Trevino,ARI TB,4,2023,2026
2023,t4-1,ARI,Matt Davidson,10379,1B,32,,1,0.000,MLI,0.9,Matt Davidson,ARI LAA NYM,13,2011,2023
2023,t4-1,NYY,Aaron Sanchez,179424,SP,30,,1,0.000,MLI,-0.6,Aaron Sanchez,NYY TOR,10,2013,2023
2023,t4-1,NYY,Cam Gallagher,487083,C,30,,1,0.000,MLI,0.1,Cam Gallagher,MIL NYY,3,2021,2023
2023,t4-2,PHI,James Norwood,134264,RP,29,,1,1.651,yes,0.0,James Norwood,PHI,2,2023,2024
2023,t4-4,BAL,Kevin Kelly,153699,RP,25,,2,1.900,yes,0.3,Kevin Kelly,BAL TB,4,2023,2026
2023,t4-4,PHI,Seth Martinez,452323,RP,28,,1,1.600,yes,0.2,Seth Martinez,PHI,2,2023,2024
2023,t4-4,PHI,Lucas Jacobsen,156085,RP,27,,1,0.000,MLI,0.1,Lucas Jacobsen,PHI,1,2023,2023
2023,t4-5,BAL,José Ruiz,399942,RP,28,,1,1.400,yes,0.2,Jose Ruiz,BAL,2,2023,2024
2022,t1-1,WAS,Gerrit Cole,423360,SP,31,,6,36.000,no,5.8,Gerrit Cole,DET MIA SD TB WAS,16,2011,2026
2022,t1-1,PIT,Jacob deGrom,332505,SP,34,,5,31.500,no,6.9,Jacob DeGrom,PIT SD TB WAS,12,2015,2026
2022,t1-1,BOS,Anthony Rendon,256867,3B,32,,3,23.000,no,3.5,Anthony Rendon,BOS TB,14,2011,2024
2022,t1-1,SF,Javier Báez,405680,SS,29,,4,19.250,no,3.2,Javier Baez,CLE HOU MIA PIT SF TOR,15,2012,2026
2022,t1-1,SEA,Josh Bell,459198,1B,29,0.05,4,10.000,no,2.9,Josh Bell,ARI DET KC MIA MIL NYM SEA SF,16,2011,2026
2022,t1-2,CLE,Aaron Nola,199099,SP,29,,4,25.000,yes,3.9,Aaron Nola,CLE DET SD SEA,13,2014,2026
2022,t1-2,CLE,Christian Yelich,239625,LF,30,,3,20.500,no,3.4,Christian Yelich,CIN CLE TEX,16,2011,2026
2022,t1-2,KC,Kyle Schwarber,85977,LF,29,,3,19.000,no,3.0,Kyle Schwarber,CLE COL KC PIT,13,2014,2026
2022,t1-2,TOR,Noah Syndergaard,363517,SP,29,,4,16.500,no,2.9,Noah Syndergaard,CLE NYM PHI SD TOR,14,2012,2025
2022,t1-2,COL,Raisel Iglesias,177742,RP,32,0.05,3,11.500,no,1.4,Raisel Iglesias,CHC CHW COL NYM,11,2016,2026
2022,t2-1,BAL,Luis Torrens,44491,C,26,,2,12.000,no,1.4,Luis Torrens,BAL NYY,4,2022,2026
2022,t2-1,NYM,Chris Bassitt,462776,SP,33,,3,12.000,yes,3.0,Chris Bassitt,KC NYM PHI TEX,10,2017,2026
2022,t2-1,DET,Tylor Megill,275021,SP,26,,4,10.125,no,1.4,Tylor Megill,DET MIL SD,5,2022,2026
2022,t2-1,CIN,Kenley Jansen,405653,RP,34,,2,9.560,no,0.8,Kenley Jansen,ATL CIN CLE MIA NYM TB TEX WAS,15,2012,2026
2022,t2-1,PHI,DJ LeMahieu,15209,2B,33,,2,9.000,no,2.9,D.J. LeMahieu,ATL DET PHI SF TEX TOR WAS,11,2015,2025
2022,t2-1,ARI,Aaron Hicks,366859,CF,32,,2,8.750,yes,1.9,Aaron Hicks,ARI HOU MIA MIN PHI,16,2009,2024
2022,t2-1,COL,Mark Melancon,509867,P,,,2,8.126,no,0.0,Mark Melancon,COL NYY SD WAS,10,2012,2023
2022,t2-1,BAL,Will Smith,102379,RP,32,0.1,3,7.000,yes,0.5,Will Smith (RP),BAL,9,2016,2025
2022,t2-1,SD,Alex Cobb,296184,SP,34,,2,6.901,yes,2.3,Alex Cobb,BOS LAD SD,13,2012,2025
2022,t2-1,TEX,Manuel Margot,349281,RF,27,,3,6.520,no,1.1,Manuel Margot,DET LAA PIT TEX,12,2015,2026
2022,t2-1,DET,Anthony Santander,69534,RF,27,,2,6.125,yes,1.2,Anthony Santander,BAL DET MIL,7,2020,2026
2022,t2-1,CIN,Joe Kelly,156049,RP,34,,2,5.760,no,0.7,Joe Kelly,CIN COL MIL NYY PHI PIT TOR WAS,13,2013,2025
2022,t2-1,ARI,Brooks Raley,425910,RP,34,,2,5.500,yes,0.9,Brooks Raley,ARI PHI,4,2022,2026
2022,t2-1,KC,Jake Cousins,333174,RP,27,,3,5.112,yes,0.7,Jake Cousins,CLE KC,5,2022,2026
2022,t2-1,PHI,Isiah Kiner-Falefa,417599,SS,27,,2,5.000,yes,2.0,Isiah Kiner-Falefa,MIL NYY PHI,6,2021,2026
2022,t2-1,NYM,Bailey Ober,341800,SP,26,,4,5.000,yes,1.6,Bailey Ober,NYM,5,2022,2026
2022,t2-1,CHC,Art Warren,471894,RP,29,,3,4.851,yes,0.6,Art Warren,CHC,3,2022,2024
2022,t2-1,KC,Tim Mayza,152084,RP,30,,2,4.850,yes,0.6,Tim Mayza,DET KC,4,2021,2024
2022,t2-1,COL,Jordan Luplow,134030,,,,2,4.576,no,0.0,Jordan Luplow,COL TB TOR,5,2019,2023
2022,t2-1,CIN,Yuli Gurriel,345723,1B,38,0.1,2,4.400,no,1.5,Yuli Gurriel,CIN COL NYM,6,2018,2023
2022,t2-1,ATL,Jake Meyers,226626,CF,26,,3,4.200,yes,2.3,Jake Meyers,ATL MIL WAS,5,2022,2026
2022,t2-1,ATL,Miguel Rojas,101343,SS,33,,2,4.200,yes,2.7,Miguel Rojas,ATL CHW NYY TB,11,2016,2026
2022,t2-1,STL,Dan Vogelbach,295489,1B,29,,2,4.123,yes,1.7,Daniel Vogelbach,MIL PIT STL TOR,12,2013,2024
2022,t2-1,HOU,Michael Stefanic,406845,2B,26,,4,4.000,no,1.7,Michael Stefanic,HOU,5,2022,2026
2022,t2-1,LAA,Ryan Weiss,22855,RP,25,,2,4.000,yes,1.3,Ryan Weiss,LAA SEA,4,2022,2026
2022,t2-1,SD,Kyle Gibson,322379,SP,34,,2,4.000,no,1.2,Kyle Gibson,ARI ATL KC MIN SD SF TOR,17,2009,2025
2022,t2-1,SEA,Ken Giles,157512,RP,31,,2,4.000,yes,0.5,Ken Giles,CLE KC PIT SEA STL,10,2015,2024
2022,t2-1,COL,Travis d'Arnaud,85732,C,33,,2,3.756,no,1.1,Travis d'Arnaud,ATL COL LAA OAK PIT SEA,16,2011,2026
2022,t2-1,STL,Ramón Urías,470469,SS,28,,2,3.200,no,1.5,Ramon Urias,KC SD STL,7,2020,2026
2022,t2-1,MIA,Frank Schwindel,290238,1B,30,,4,3.033,yes,1.5,Frank Schwindel,MIA,4,2022,2025
2022,t2-1,MIA,Connor Joe,462220,LF,29,,4,3.030,yes,1.3,Connor Joe,MIA,5,2022,2026
2022,t2-1,PIT,Dylan Coleman,302710,RP,25,,2,2.650,yes,0.6,Dylan Coleman,PIT,3,2022,2024
2022,t2-1,TOR,Paul Sewald,231146,RP,32,,2,2.550,yes,0.7,Paul Sewald,ARI TOR,5,2022,2026
2022,t2-1,BAL,Yadiel Hernández,493074,LF,34,,2,2.515,no,0.9,Yadiel Hernandez,BAL SEA,3,2021,2023
2022,t2-1,TB,Darin Ruf,474354,1B,35,,2,2.500,yes,1.3,Darin Ruf,MIL STL TB TOR,5,2015,2023
2022,t2-1,LAA,Carlos Pérez,362190,C,25,,3,2.500,no,1.3,Carlos Perez,LAA,3,2022,2024
2022,t2-1,TEX,David Freitas,60672,C,33,,2,2.260,no,1.1,David Freitas,CHC TEX,6,2017,2023
2022,t2-1,SF,Seiya Suzuki,190361,,,,5,2.220,yes,0.0,Seiya Suzuki,SF,5,2022,2026
2022,t2-1,SEA,Jimmy Nelson,159528,RP,33,,2,2.000,yes,0.6,Jimmy Nelson,BOS SEA,11,2014,2024
2022,t2-1,SEA,Drew Pomeranz,151483,RP,33,,2,2.000,no,0.4,Drew Pomeranz,CHW KC MIA NYM PHI PIT SEA STL,14,2011,2026
2022,t2-1,PHI,Kyle Farmer,382539,SS,31,,2,2.000,yes,1.3,Kyle Farmer,OAK PHI TEX,5,2019,2025
2022,t2-1,ATL,Jason Heyward,222496,RF,32,,2,2.000,yes,1.4,Jason Heyward,ATL SD TB TEX,16,2009,2024
2022,t2-1,TEX,Zach Thompson,41198,RP,28,,3,1.950,yes,0.8,Zach Thompson,TEX,3,2022,2024
2022,t2-1,TOR,Zack Littell,59416,RP,26,,3,1.900,yes,0.1,Zack Littell,CHC TOR,9,2018,2026
2022,t2-1,TB,Andrew Chafin,62198,RP,32,,2,1.750,yes,0.7,Andrew Chafin,LAA PIT TB,12,2013,2024
2022,t2-1,NYM,Blake Treinen,106058,RP,34,,3,1.700,no,1.1,Blake Treinen,NYM PHI TEX,11,2016,2026
2022,t2-1,ARI,Jimmy Cordero,436558,RP,30,,2,1.700,yes,0.7,Jimmy Cordero,ARI,3,2022,2024
2022,t2-1,SD,Tyler Alexander,314655,RP,27,,2,1.600,no,0.4,Tyler Alexander,MIN SD,6,2020,2025
2022,t2-1,MIL,Michael Pineda,330520,SP,33,,2,1.600,no,1.6,Michael Pineda,MIL SD SEA,12,2011,2023
2022,t2-1,MIL,Michael Lorenzen,56179,RP,30,,2,1.600,yes,0.3,Michael Lorenzen,DET MIL NYY SEA TEX,12,2015,2026
2022,t2-2,MIN,Paul Goldschmidt,216101,1B,34,,3,22.000,yes,3.3,Paul Goldschmidt,CIN COL LAA MIN OAK PIT WAS,14,2012,2026
2022,t2-2,MIN,Lance Lynn,486838,SP,35,,2,14.000,yes,2.3,Lance Lynn,ATL CIN MIN STL TEX WAS,13,2013,2025
2022,t2-2,COL,J. D. Martinez,298384,LF,34,,2,9.756,no,1.7,J.D. Martinez,ATL CIN COL DET MIA PIT SEA WAS,15,2012,2026
2022,t2-2,PHI,Joc Pederson,411770,LF,30,,2,9.000,yes,1.8,Joc Pederson,ARI BAL DET LAD PHI,14,2013,2026
2022,t2-2,TOR,Tyler Naquin,383385,CF,31,,2,5.750,no,1.6,Tyler Naquin,DET MIL NYY TOR,11,2013,2023
2022,t2-2,ATL,Chas McCormick,369592,CF,27,,2,5.500,yes,2.5,Chas McCormick,ATL SEA,5,2022,2026
2022,t2-2,CIN,Anthony DeSclafani,61227,SP,32,0.1,2,5.000,yes,2.2,Anthony DeSclafani,CIN MIA MIL,9,2016,2024
2022,t2-2,NYM,James Paxton,466266,SP,33,0.1,2,5.000,yes,2.2,James Paxton,ARI ATL CHW NYM WAS,15,2012,2026
2022,t2-2,NYM,Carlos Carrasco,56766,SP,35,,2,5.000,yes,2.4,Carlos Carrasco,ATL CIN COL HOU KC MIL NYM TOR,16,2009,2024
2022,t2-2,DET,Joey Wendle,210295,3B,32,,2,5.000,no,2.2,Joey Wendle,DET PIT TOR,6,2018,2023
2022,t2-2,NYM,Buster Posey,231761,C,35,,2,5.000,no,2.5,Buster Posey,NYM PIT STL,14,2009,2023
2022,t2-2,TB,Cody Morris,145848,SP,25,,2,4.200,yes,1.9,Cody Morris,TB,3,2022,2024
2022,t2-2,BAL,Jake Diekman,421524,RP,35,0.1,3,4.100,no,0.7,Jake Diekman,BAL LAA PHI STL,10,2015,2025
2022,t2-2,TEX,Anthony Bender,309520,RP,27,,3,3.575,yes,0.6,Anthony Bender,PHI TEX,5,2022,2026
2022,t2-2,COL,José Álvarez,166330,RP,33,,2,3.226,no,0.4,Jose Alvarez,CHW COL TOR,5,2019,2023
2022,t2-2,TEX,Steven Wilson,11950,RP,27,,3,3.160,yes,0.5,Steven Wilson,TEX,4,2022,2025
2022,t2-2,DET,Chad Pinder,213485,RF,30,,3,3.135,no,1.0,Chad Pinder,BAL DET SEA,9,2015,2023
2022,t2-2,KC,Robert Suarez,269003,RP,31,,2,3.100,yes,0.6,Robert Suarez,KC SEA,5,2022,2026
2022,t2-2,PHI,David Peralta,416111,LF,34,,2,3.000,no,1.6,David Peralta,BOS LAD MIL PHI SD SEA,10,2016,2025
2022,t2-2,LAA,Ryan Thompson,234486,RP,30,,2,2.750,no,0.4,Ryan Thompson,LAA LAD MIL,5,2021,2026
2022,t2-2,SF,Kyle Finnegan,174781,RP,30,,2,2.600,no,0.6,Kyle Finnegan,LAA SD SF,5,2022,2026
2022,t2-2,TB,Jason Castro,318003,C,35,,2,2.500,yes,1.6,Jason Castro,COL LAD MIL MIN STL TB,15,2009,2023
2022,t2-2,CLE,Kyle Bradish,6957,SP,25,,4,2.300,yes,0.8,Kyle Bradish,CLE KC SEA,5,2022,2026
2022,t2-2,PIT,Shawn Dubin,128546,RP,26,,2,2.250,yes,0.9,Shawn Dubin,PIT,5,2022,2026
2022,t2-2,LAA,Carlos Santana,207121,1B,36,,2,2.000,no,0.3,Carlos Santana,CHW LAA NYY PHI SEA,16,2010,2026
2022,t2-2,SEA,Daniel Hudson,468813,RP,35,,2,2.000,yes,0.4,Daniel Hudson,CHW CLE KC SEA SF TOR,13,2010,2025
2022,t2-2,SEA,José Leclerc,273955,RP,28,,2,2.000,yes,0.4,Jose Leclerc,DET OAK SEA WAS,8,2019,2026
2022,t2-2,LAD,Jamie Ritchie,96176,C,29,,2,1.850,no,1.5,Jamie Ritchie,LAD,2,2022,2023
2022,t2-2,BAL,Ryan McBroom,432466,1B,30,,2,1.850,no,0.8,Ryan McBroom,BAL,2,2022,2023
2022,t2-2,DET,Víctor Arano,401433,RP,27,,2,1.835,yes,0.2,Victor Arano,DET SF,4,2021,2024
2022,t2-2,TOR,Aledmys Díaz,36821,3B,31,,2,1.750,no,1.4,Aledmys Diaz,ARI CHW TOR,7,2017,2023
2022,t2-2,LAD,Brian Serven,455590,C,27,,2,1.700,no,1.0,Brian Serven,LAD,2,2022,2023
2022,t2-3,BAL,Kolten Wong,143257,2B,31,,2,9.000,yes,3.1,Kolten Wong,BAL MIN OAK PHI TEX,14,2012,2025
2022,t2-3,OAK,Patrick Wisdom,9491,3B,30,,3,7.000,no,2.8,Patrick Wisdom,CLE DET KC OAK,5,2021,2025
2022,t2-3,KC,Nick Martínez,24800,SP,31,,2,6.500,yes,3.3,Nick Martinez,BAL KC,5,2022,2026
2022,t2-3,NYY,Tommy La Stella,322313,2B,33,,2,5.500,no,1.1,Tommy La Stella,CHW MIN NYY,11,2013,2023
2022,t2-3,SEA,Kendall Graveman,252299,P,,,2,5.250,no,0.0,Kendall Graveman,ATL SEA WAS,8,2016,2023
2022,t2-3,OAK,Kevin Kiermaier,512543,CF,32,,3,4.750,no,2.5,Kevin Kiermaier,MIL OAK SEA TB,11,2015,2025
2022,t2-3,BAL,Tommy Hunter,114372,RP,35,0.1,2,3.950,no,0.4,Tommy Hunter,BAL MIA PHI SD TOR,12,2011,2023
2022,t2-3,COL,Adrian Houser,47041,SP,29,,2,3.576,yes,1.5,Adrian Houser,COL SEA TOR,6,2020,2026
2022,t2-3,CHC,Mitchell Stumpo,241802,RP,26,,3,3.222,yes,0.6,Mitchell Stumpo,CHC,3,2022,2024
2022,t2-3,DET,Zack Collins,301728,C,27,,3,2.755,no,0.1,Zack Collins,CHC DET,8,2016,2023
2022,t2-3,SF,Cody Stashak,209045,RP,28,,2,2.750,yes,0.4,Cody Stashak,SF,3,2022,2024
2022,t2-3,SF,Jarlín García,328366,RP,29,,2,2.750,yes,0.5,Jarlin Garcia,SF,2,2022,2023
2022,t2-3,SEA,Bryan De La Cruz,281899,RF,25,,2,2.500,yes,0.9,Bryan de la Cruz,NYM SEA,4,2022,2025
2022,t2-3,SD,Zack Britton,123329,RP,34,,2,2.500,no,0.2,Zack Britton,COL DET SD TB,14,2010,2023
2022,t2-3,PIT,Donovan Walton,322716,SS,28,,2,2.260,yes,2.3,Donovan Walton,PIT,3,2022,2024
2022,t2-3,PHI,Dany Jiménez,494577,RP,28,,2,2.250,yes,0.4,Dany Jimenez,PHI,3,2022,2024
2022,t2-3,CHC,Adam Cimber,245064,RP,31,,3,2.222,yes,0.5,Adam Cimber,CHC,3,2022,2024
2022,t2-3,CLE,Ron Marinaccio,225654,RP,26,,4,2.200,yes,0.1,Ron Marinaccio,CLE NYY,4,2022,2025
2022,t2-3,CLE,Brandon Walter,198695,P,,,4,2.200,yes,0.0,Brandon Walter,BAL CLE,4,2022,2026
2022,t2-3,LAA,Phoenix Sanders,81437,RP,27,,3,2.000,no,0.6,Phoenix Sanders,LAA,3,2022,2024
2022,t2-3,BAL,Joe Mantiply,254646,RP,31,,3,2.000,yes,0.4,Joe Mantiply,BAL TB,4,2022,2025
2022,t2-3,DET,J. T. Chargois,182071,RP,31,,2,1.855,no,0.4,J.T. Chargois,CHW DET LAA,5,2019,2023
2022,t2-3,PHI,Hirokazu Sawamura,379575,RP,34,,2,1.750,yes,0.3,Hirokazu Sawamura,PHI,2,2022,2023
2022,t2-3,SEA,Keone Kela,365034,RP,29,,2,1.700,yes,0.3,Keone Kela,CHW PIT SEA,9,2016,2024
2022,t2-3,DET,Colin Moran,171509,1B,29,,2,1.655,yes,0.3,Colin Moran,BAL DET,12,2013,2024
2022,t2-3,MIN,Cole Sulser,313595,RP,32,,2,1.600,no,0.4,Cole Sulser,KC MIN WAS,5,2019,2023
2022,t2-4,ATL,Justin Turner,508611,3B,37,,2,8.500,yes,2.6,Justin Turner,ATL CIN KC MIL PIT SD,12,2013,2025
2022,t2-4,DET,Jake Odorizzi,493575,SP,32,,2,6.666,no,1.2,Jake Odorizzi,CHW DET LAD PHI SEA,13,2011,2023
2022,t2-4,LAD,Néstor Cortés,124271,RP,27,,3,3.875,yes,0.7,Nestor Cortes Jr.,LAD,4,2022,2025
2022,t2-4,COL,Brad Hand,38867,RP,32,,2,3.126,no,0.4,Brad Hand,BOS COL MIA,12,2012,2023
2022,t2-4,SF,Manny Piña,491390,C,35,,2,2.300,no,2.0,Manny Pina,HOU PHI SF TB,6,2019,2024
2022,t2-4,ATL,Lorenzo Cain,430259,CF,36,,2,2.250,yes,2.8,Lorenzo Cain,ATL BOS CHW KC PHI SD SEA,14,2011,2024
2022,t2-4,TEX,Sam Coonrod,278371,RP,29,,2,1.960,no,0.5,Sam Coonrod,TEX,2,2022,2023
2022,t2-4,SEA,Charlie Blackmon,36615,RF,35,,2,1.900,no,0.5,Charlie Blackmon,CHC MIA PIT SEA WAS,14,2012,2025
2022,t2-4,MIA,Cooper Hummel,381571,LF,27,,3,1.900,yes,1.4,Cooper Hummel,CIN MIA,4,2022,2025
2022,t2-4,MIA,Yairo Muñoz,449051,3B,27,,3,1.900,no,1.6,Yairo Munoz,MIA SEA TB TOR,9,2017,2025
2022,t2-4,ARI,Luke Raley,177538,RF,27,,2,1.750,yes,2.5,Luke Raley,ARI CLE,5,2022,2026
2022,t2-4,NYY,Alcides Escobar,422977,SS,35,,2,1.600,no,-0.1,Alcides Escobar,CHW MIA NYY SEA TB,14,2009,2023
2022,t2-5,LAD,Danny Duffy,129079,SP,33,,2,2.780,no,1.3,Danny Duffy,BOS LAD SEA STL,13,2010,2023
2022,t2-5,COL,Merrill Kelly,504636,SP,33,,2,2.010,yes,1.2,Merrill Kelly,ARI ATL CIN CLE COL,8,2019,2026
2022,t2-5,DET,Bennett Sousa,226153,RP,27,,3,1.965,no,0.3,Bennett Sousa,DET MIN,3,2022,2026
2022,t2-5,DET,Phil Bickford,67039,RP,26,,3,1.965,yes,0.2,Phil Bickford,CHC DET MIA,11,2014,2025
2022,t2-5,CHC,Chaz Roe,425056,RP,35,,2,1.818,no,0.3,Chaz Roe,CHC CLE KC LAA NYM SD TB,7,2015,2023
2022,t2-5,MIL,Mark Payton,208558,CF,30,,2,1.700,no,2.4,Mark Payton,LAA LAD MIL,4,2020,2023
2022,t2-5,DET,Jon Olczak,8432,RP,28,,2,1.665,no,0.1,Jon Olczak,DET,2,2022,2023
2022,t3-1,CHC,José Abreu,297967,1B,35,,2,14.507,no,1.9,Jose Abreu,ARI CHC MIA NYY PHI PIT SEA,11,2016,2026
2022,t3-1,LAD,José Marmolejos,338585,1B,29,,1,4.760,yes,2.0,Jose Marmolejos,LAD,1,2022,2022
2022,t3-1,OAK,Kyle Seager,214226,3B,34,,1,4.500,no,2.0,Kyle Seager,DET NYM OAK PHI PIT,10,2013,2022
2022,t3-1,ATL,Wade Miley,80738,SP,35,,1,4.200,yes,2.0,Wade Miley,ATL HOU PHI SD STL TEX,12,2013,2025
2022,t3-1,OAK,Tony Watson,471259,RP,37,,1,3.050,yes,0.4,Tony Watson,COL OAK,9,2014,2023
2022,t3-1,DET,Glenn Otto,3805,SP,26,,2,2.350,yes,1.5,Glenn Otto,DET,2,2022,2023
2022,t3-1,PIT,Rafael Ortega,457119,CF,31,,1,2.250,yes,2.1,Rafael Ortega,CLE NYY PIT TEX,4,2019,2023
2022,t3-1,OAK,Darién Núñez,461702,RP,29,,2,2.250,no,0.4,Darien Nunez,OAK,2,2022,2023
2022,t3-1,LAD,Logan Morrison,15455,1B,34,,1,2.000,no,1.1,Logan Morrison,BAL CIN LAA LAD MIA NYM,13,2009,2022
2022,t3-1,CHC,Zack Kelly,337963,RP,27,,3,1.900,yes,0.8,Zack Kelly,CHC,3,2022,2024
2022,t3-1,BAL,José Siri,71721,CF,26,,3,1.900,yes,0.3,Jose Siri,BAL CLE COL,8,2019,2026
2022,t3-1,CHC,Dauri Moreta,198688,RP,26,,3,1.900,yes,0.3,Dauri Moreta,CHC CIN,5,2022,2026
2022,t3-1,SD,Hoy Park,226732,2B,26,,2,1.600,no,1.8,Hoy Park,SD,2,2022,2023
2022,t3-1,CHW,Alex Colomé,190524,RP,33,,1,1.269,yes,0.4,Alex Colome,CHW DET NYM,13,2011,2023
2022,t3-1,PIT,Luke Barker,35323,RP,30,,1,1.260,yes,0.5,Luke Barker,PIT,1,2022,2022
2022,t3-1,KC,Matt Duffy,119273,3B,31,,1,1.250,yes,1.7,Matt Duffy,BOS DET KC MIA MIL PIT TB TOR,8,2016,2023
2022,t3-1,ARI,Roberto Osuna,171532,P,,,1,1.250,yes,0.0,Roberto Osuna,ARI PIT SF,10,2014,2023
2022,t3-1,BAL,Bruce Maxwell,53653,C,31,,1,1.100,no,1.6,Bruce Maxwell,BAL CIN,5,2018,2022
2022,t3-1,ATL,Kyle McGowin,500221,RP,30,,1,1.100,yes,1.0,Kyle McGowin,ATL,2,2022,2023
2022,t3-1,SD,Ian Kennedy,402988,RP,37,,1,1.100,no,0.0,Ian Kennedy,COL MIA NYM SD TOR,12,2009,2022
2022,t3-1,SD,Mychal Givens,451151,RP,32,,1,1.100,no,-0.1,Mychal Givens,DET OAK SD,8,2017,2024
2022,t3-1,TB,Josh Lindblom,214406,SP,35,,1,1.100,yes,2.5,Josh Lindblom,DET LAD MIL PHI TB,10,2010,2023
2022,t3-2,BOS,Willie Calhoun,23301,LF,27,,3,4.500,no,0.1,Willie Calhoun,BOS TOR WAS,8,2017,2024
2022,t3-2,BOS,César Hernández,172312,2B,32,,3,3.500,no,1.4,Cesar Hernandez,BOS HOU PHI TEX,8,2017,2024
2022,t3-2,SEA,Gregory Soto,508785,RP,27,,3,2.200,yes,0.4,Gregory Soto,CHC SEA,5,2022,2026
2022,t3-2,MIN,César Valdez,208316,RP,37,,2,1.600,no,0.8,Cesar Valdez,MIN,2,2022,2023
2022,t3-2,PIT,Edmundo Sosa,275839,SS,26,,1,1.280,yes,2.4,Edmundo Sosa,ARI PIT,5,2022,2026
2022,t3-2,CHW,Casey Sadler,325,RP,31,,1,1.269,yes,0.3,Casey Sadler,CHW MIN,3,2020,2023
2022,t3-2,CHW,Norwith Gudiño,474761,RP,26,,1,1.269,yes,0.7,Norwith Gudino,CHW,2,2022,2023
2022,t3-2,ATL,Wilson Ramos,3796,C,34,,1,1.100,yes,0.9,Wilson Ramos,ATL BAL CLE COL NYM,14,2010,2023
2022,t3-2,ATL,Luke Jackson,211644,RP,30,,1,1.100,yes,0.5,Luke Jackson,ATL MIA SF TEX,14,2012,2025
2022,t3-2,ATL,Dylan Lee,413212,RP,27,,1,1.100,yes,0.4,Dylan Lee,ATL CHC,5,2022,2026
2022,t3-2,KC,Eric Haase,501377,C,29,,1,1.100,yes,1.0,Eric Haase,CIN CLE HOU KC NYM,6,2019,2025
2022,t3-2,KC,Michael Hermosillo,114139,CF,27,,1,1.100,yes,2.5,Michael Hermosillo,KC,2,2022,2023
2022,t3-2,TB,Daniel Robert,278005,RP,27,,1,1.100,yes,0.2,Daniel Robert,TB,1,2022,2022
2022,t3-2,TB,David Phelps,119807,RP,35,,1,1.100,yes,0.1,David Phelps,CHC LAA LAD PHI TB,12,2011,2023
2022,t3-2,TB,Oliver Drake,111290,RP,35,,1,1.100,yes,0.7,Oliver Drake,ARI CIN TB,7,2016,2022
2022,t3-3,DET,Seth Brown,308506,RF,29,,1,3.775,no,1.5,Seth Brown,CIN DET MIL OAK,5,2022,2026
2022,t3-3,DET,Christian Walker,253204,1B,31,,1,2.275,no,1.2,Christian Walker,BAL DET MIL NYY SEA,12,2015,2026
2022,t3-3,DET,Adam Engel,176304,CF,30,,1,2.275,yes,1.9,Adam Engel,DET,1,2022,2022
2022,t3-3,CHC,Daniel Norris,247263,RP,29,,2,1.600,yes,0.3,Daniel Norris,CHC OAK,12,2012,2023
2022,t3-3,MIA,Reiver Sanmartin,408545,SP,26,,1,1.350,yes,1.5,Reiver Sanmartin,MIA,2,2022,2023
2022,t3-3,PHI,Freddy Fermin,181516,C,27,,1,1.200,yes,0.8,Freddy Fermin,MIL PHI,5,2022,2026
2022,t3-3,CHC,Kyle Garlick,111131,RF,30,,1,1.100,no,0.8,Kyle Garlick,CHC CHW,3,2022,2024
2022,t3-3,CHC,Aramis Garcia,416912,C,29,,1,1.100,no,0.6,Aramis Garcia,CHC PHI,4,2019,2022
2022,t3-3,BAL,Jason Vosler,103919,3B,28,,1,1.100,yes,1.9,Jason Vosler,BAL,2,2022,2023
2022,t3-3,ATL,Kirby Snead,122080,RP,27,,1,1.100,yes,0.2,Kirby Snead,ATL,2,2022,2023
2022,t3-3,KC,J. P. Feyereisen,267228,RP,29,,1,1.100,yes,0.3,J.P. Feyereisen,DET KC,4,2020,2023
2022,t3-3,KC,Yunior Marte,515174,RP,27,,1,1.100,yes,0.4,Yunior Marte,KC TEX,5,2022,2026
2022,t3-3,ATL,John King,261444,RP,27,,1,1.100,yes,0.8,John King,ATL,2,2022,2023
2022,t3-3,MIN,Santiago Espinal,298448,3B,27,,1,1.100,yes,0.7,Santiago Espinal,MIN PIT,5,2022,2026
2022,t3-3,ATL,Dominic Leone,207398,RP,30,,1,1.100,yes,0.6,Dominic Leone,ATL DET MIA NYM,4,2019,2023
2022,t3-4,ATL,Julian Merryweather,380983,RP,30,,2,1.600,yes,0.1,Julian Merryweather,ATL BAL,5,2022,2026
2022,t3-4,KC,Danny Coulombe,405466,RP,32,,1,1.101,yes,0.3,Danny Coulombe,CHC KC PHI PIT SD,8,2019,2026
2022,t3-4,KC,Lucas Luetge,343491,RP,35,,1,1.101,yes,0.3,Lucas Luetge,KC,2,2022,2023
2022,t3-4,KC,Steven Okert,304213,RP,30,,1,1.101,yes,0.3,Steven Okert,CLE KC MIA NYY PIT TOR,8,2018,2026
2022,t3-4,ATL,DJ Johnson,134113,RP,32,,1,1.100,yes,0.3,D.J. Johnson,ATL KC,4,2019,2023
2022,t3-4,ATL,Elías Díaz,370995,C,31,,1,1.100,yes,0.8,Elias Diaz,ATL,5,2017,2023
2022,t4-1,WAS,Hansel Robles,302321,RP,31,,2,1.600,no,0.1,Hansel Robles,CIN DET MIL TB WAS,6,2017,2022
2022,t4-1,WAS,Dylan Bundy,424909,SP,29,,2,1.600,no,1.4,Dylan Bundy,OAK WAS,11,2012,2022
2022,t4-1,ATL,Jesse Chavez,4026,RP,38,,1,0.000,MLI,0.5,Jesse Chavez,ATL COL MIA MIN SD TB,7,2016,2023
2022,t4-1,ATL,Pat Ruotolo,404894,RP,27,,1,0.000,MLI,0.2,Patrick Ruotolo,ATL,1,2022,2022
2022,t4-1,DET,Josh Fleming,107936,RP,26,,1,0.000,MLI,0.8,Josh Fleming,DET,1,2022,2022
2022,t4-1,DET,Martín Pérez,361327,SP,31,,1,0.000,MLI,0.5,Martin Perez,DET LAA MIA OAK TB,17,2010,2026
2022,t4-1,MIL,Michael Plassmeyer,24089,SP,25,,1,0.000,MLI,0.8,Michael Plassmeyer,MIL,1,2022,2022
2022,t4-1,MIL,Rob Refsnyder,17746,CF,31,,1,0.000,MLI,0.9,Rob Refsnyder,KC MIL NYM PHI WAS,12,2015,2026
2022,t4-1,MIL,Romy Gonzalez,386910,SS,25,,1,0.000,MLI,1.2,Romy Gonzalez,MIL SF,3,2022,2026
2022,t4-1,SD,Starlin Castro,221904,3B,32,,1,0.000,MLI,1.2,Starlin Castro,BAL CLE HOU SD STL TEX,12,2011,2022
2022,t4-1,TB,Andrew Velazquez,64710,SS,27,,1,0.000,MLI,1.4,Andrew Velazquez,SD TB,1,2022,2022
2022,t4-1,ATL,Asdrúbal Cabrera,309149,3B,36,,1,0.000,MLI,0.5,Asdrubal Cabrera,ATL COL DET NYM PIT,12,2009,2022
2022,t4-1,ARI,Robinson Chirinos,482309,C,38,,1,0.000,MLI,0.4,Robinson Chirinos,ARI COL KC TEX,9,2012,2022
2022,t4-2,WAS,Michael Wacha,435306,SP,30,,1,0.000,MLI,0.9,Michael Wacha,BOS CLE LAD MIN NYY WAS,15,2012,2026
2022,t4-3,WAS,Sam Long,104563,RP,26,,3,1.900,no,0.6,Sammy Long,WAS,3,2022,2024
2022,t4-3,WAS,Jorge Alfaro,473517,C,29,,1,1.100,no,0.4,Jorge Alfaro,BOS CLE COL NYM OAK SD WAS,14,2013,2026
2022,t4-3,CHC,Tyler Holton,353496,RP,26,,1,0.000,MLI,1.0,Tyler Holton,BAL CHC STL,5,2022,2026
2022,t4-3,CLE,Daysbel Hernández,327902,RP,25,,1,0.000,MLI,0.1,Daysbel Hernandez,CLE,1,2022,2022
2022,t4-3,CLE,Ford Proctor,216164,C,25,,1,0.000,MLI,0.0,Ford Proctor,CLE MIA TB,1,2022,2022
2022,t4-3,CLE,José Quijada,303112,RP,26,,1,0.000,MLI,0.1,Jose Quijada,CLE MIA PIT,5,2022,2026
2022,t4-3,DET,Sean Doolittle,120008,RP,35,,1,0.000,MLI,0.2,Sean Doolittle,CHC COL DET NYY PIT TOR WAS,14,2009,2022
2022,t4-3,LAA,Jed Lowrie,8575,2B,38,,1,0.000,MLI,0.8,Jed Lowrie,CIN COL KC LAA NYM TB TOR,12,2009,2022
2022,t4-3,WAS,Paul Blackburn,81872,SP,28,,1,0.000,MLI,0.9,Paul Blackburn,CLE WAS,3,2022,2024
2021,t1-1,WAS,Mookie Betts,491974,RF,28,,6,44.000,yes,6.0,Mookie Betts,ATL COL TB WAS,13,2014,2026
2021,t1-1,MIL,Xander Bogaerts,444147,SS,28,,6,33.000,yes,3.8,Xander Bogaerts,BAL CLE COL MIA MIL WAS,14,2013,2026
2021,t1-1,CHW,José Ramírez,460140,3B,28,,4,32.500,yes,5.5,Jose Ramirez,CHW CLE NYY TEX,12,2015,2026
2021,t1-1,SD,Marcell Ozuna,49030,LF,30,,4,27.000,no,4.1,Marcell Ozuna,DET HOU MIA NYM PIT SD STL WAS,14,2013,2026
2021,t1-1,TOR,Nolan Arenado,129189,3B,30,,4,25.000,no,3.7,Nolan Arenado,ATL BAL BOS CHC COL DET NYM TOR,16,2011,2026
2021,t1-2,COL,Sonny Gray,368853,SP,31,,3,26.850,yes,3.1,Sonny Gray,CHW CLE COL LAA MIL TB WAS,16,2011,2026
2021,t1-2,LAA,Hyun Jin Ryu,511284,SP,34,0.1,3,25.000,no,3.4,Hyun-Jin Ryu,CHC LAA NYM STL,8,2015,2023
2021,t1-2,CLE,Jeff McNeil,321582,2B,29,,4,23.250,yes,3.7,Jeff McNeil,ARI CLE KC MIL SD TOR,8,2019,2026
2021,t1-2,SEA,George Springer,370069,CF,31,,4,23.000,yes,4.1,George Springer,OAK SEA TEX,16,2011,2026
2021,t1-2,WAS,Marcus Stroman,321216,SP,30,0.05,3,20.500,yes,2.4,Marcus Stroman,ATL CHW KC NYM SD TOR WAS,14,2013,2026
2021,t2-1,PHI,Kyle Hendricks,334566,SP,31,,3,22.000,no,2.5,Kyle Hendricks,DET MIL PHI SD WAS,12,2015,2026
2021,t2-1,CLE,Byron Buxton,152073,CF,27,,4,18.502,yes,4.4,Byron Buxton,CLE KC OAK SD SEA,14,2013,2026
2021,t2-1,STL,Charlie Morton,462992,P,,,2,17.300,yes,0.0,Charlie Morton,DET KC LAA MIA STL TEX,12,2011,2025
2021,t2-1,COL,Michael Brantley,329221,LF,34,,2,16.776,yes,3.1,Michael Brantley,ARI CHC CIN CLE COL,16,2009,2025
2021,t2-1,SD,Didi Gregorius,408816,SS,31,,2,15.000,yes,3.0,Didi Gregorius,CHW LAD MIL NYM SD,9,2014,2022
2021,t2-1,STL,Kenta Maeda,494583,SP,33,,3,14.600,yes,3.0,Kenta Maeda,STL TEX TOR,7,2018,2024
2021,t2-1,CLE,Ha-Seong Kim,473623,,,,4,11.502,yes,0.0,Ha-Seong Kim,ATL CLE KC SEA TB,6,2021,2026
2021,t2-1,TEX,Mike Brosseau,485714,3B,27,,4,9.570,yes,2.9,Mike Brosseau,TEX,5,2021,2025
2021,t2-1,MIA,Mike Tauchman,337262,LF,30,,3,8.750,no,3.0,Mike Tauchman,BOS KC LAD MIA NYY,8,2019,2026
2021,t2-1,TOR,Liam Hendriks,118220,RP,32,,3,7.900,no,1.7,Liam Hendriks,CHC CHW LAD TOR WAS,15,2012,2026
2021,t2-1,LAD,Giovanny Gallegos,31188,RP,29,,3,7.650,no,1.1,Giovanny Gallegos,LAD MIL NYM,8,2018,2025
2021,t2-1,CHC,Jared Walsh,36051,1B,27,,3,7.150,yes,1.6,Jared Walsh,CHC NYY TEX,4,2021,2024
2021,t2-1,MIL,Jurickson Profar,502437,2B,28,,4,7.000,yes,2.7,Jurickson Profar,ATL MIL SEA WAS,15,2012,2026
2021,t2-1,HOU,Jose Iglesias,276202,SS,31,,3,7.000,no,3.0,Jose Iglesias,COL HOU NYM PHI SD SEA,13,2012,2025
2021,t2-1,TB,Alex Wood,379651,RP,30,,2,6.900,no,1.7,Alex Wood,ATL COL NYM TB,11,2014,2024
2021,t2-1,TEX,Jonathan Schoop,433976,2B,29,,3,6.570,no,2.2,Jonathan Schoop,BAL COL DET PIT SEA SF TEX WAS,14,2012,2025
2021,t2-1,SF,Andrew McCutchen,491921,LF,34,,2,6.100,no,1.5,Andrew McCutchen,CHC COL SD SEA SF TB,18,2009,2026
2021,t2-1,SD,Ender Inciarte,279634,CF,30,,2,6.000,no,1.2,Ender Inciarte,CHW NYY SD,7,2016,2022
2021,t2-1,BAL,Tejay Antone,295488,SP,27,,4,5.500,yes,1.5,Tejay Antone,BAL WAS,4,2021,2024
2021,t2-1,LAA,Yoshi Tsutsugo,7765,LF,29,,2,5.000,no,1.8,Yoshi Tsutsugo,LAA,2,2021,2022
2021,t2-1,LAD,Aaron Bummer,259095,RP,27,,3,4.850,no,0.8,Aaron Bummer,LAD SF,8,2019,2026
2021,t2-1,MIA,Victor González,31357,RP,25,,4,4.500,yes,1.5,Victor Gonzalez,MIA,5,2021,2025
2021,t2-1,MIL,JT Brubaker,237322,SP,27,,3,4.004,yes,2.0,J.T. Brubaker,BOS MIL,4,2021,2024
2021,t2-1,HOU,Corbin Clouse,194553,RP,26,,4,4.000,yes,0.5,Corbin Clouse,HOU,4,2021,2024
2021,t2-1,PHI,Adam Ottavino,49609,RP,35,,2,4.000,no,0.9,Adam Ottavino,ARI CIN LAA PHI TB,12,2014,2026
2021,t2-1,HOU,Austin Adams,149799,RP,30,,3,3.900,no,0.7,Austin L. Adams,HOU LAA TB,6,2019,2025
2021,t2-1,MIA,Andrew Kittredge,96510,RP,31,,3,3.790,yes,1.2,Andrew Kittredge,LAD MIA SEA,8,2019,2026
2021,t2-1,NYM,Shogo Akiyama,196105,CF,33,,2,3.500,no,1.2,Shogo Akiyama,NYM,2,2021,2022
2021,t2-1,ARI,Corey Knebel,357448,P,,0.1,3,3.500,yes,0.0,Corey Knebel,ARI,7,2018,2024
2021,t2-1,TB,Austin Nola,368032,C,31,,2,3.450,yes,1.7,Austin Nola,TB,3,2021,2023
2021,t2-1,SD,Dellin Betances,444156,RP,33,,2,3.250,no,0.5,Dellin Betances,CHW MIA NYM SD STL,14,2009,2022
2021,t2-1,CLE,Tucker Barnhart,512714,C,30,,2,3.202,yes,1.9,Tucker Barnhart,CLE COL HOU MIL,7,2018,2024
2021,t2-1,STL,Chris Martin,426204,RP,35,,2,3.170,yes,0.8,Chris Martin,CIN NYM SEA STL TB,8,2019,2026
2021,t2-1,BAL,Evan Marshall,375982,RP,31,,4,3.150,yes,0.6,Evan Marshall,BAL OAK,4,2020,2023
2021,t2-1,LAA,Addison Russ,25005,RP,26,,2,3.000,yes,0.8,Addison Russ,LAA,2,2021,2022
2021,t2-1,PHI,Justin Wilson,437635,RP,33,,2,3.000,no,0.5,Justin Wilson,COL OAK PHI SEA SF TEX,8,2015,2026
2021,t2-1,SD,Jonathan Villar,485085,3B,30,,2,3.000,no,1.4,Jonathan Villar,ATL COL SD,10,2013,2022
2021,t2-1,CHW,Adam Kolarek,394529,RP,32,,2,3.000,yes,0.7,Adam Kolarek,CHW LAA PIT TEX TOR,4,2019,2022
2021,t2-1,SD,David Robertson,485256,RP,36,,2,2.750,no,0.9,David Robertson,COL NYY SD SEA,12,2012,2025
2021,t2-1,CHC,Jeffrey Springs,454348,RP,28,,4,2.750,yes,1.0,Jeffrey Springs,CHC SEA,6,2021,2026
2021,t2-1,CHW,Alex Avila,216580,C,34,,2,2.555,no,2.1,Alex Avila,CHW NYY TB,13,2010,2022
2021,t2-1,SF,Ben Heller,71429,RP,29,,2,2.400,yes,0.3,Ben Heller,MIL SF,4,2019,2022
2021,t2-1,MIL,Víctor Reyes,15280,RF,26,,3,2.135,no,1.1,Victor Reyes,MIL,3,2021,2023
2021,t2-1,BAL,Elvis Andrus,403805,SS,32,,2,2.000,no,1.2,Elvis Andrus,BAL LAA LAD SD TOR,15,2009,2024
2021,t2-1,CHC,Sam McWilliams,163364,SP,25,,3,1.900,yes,0.0,Sam McWilliams,CHC,1,2021,2021
2021,t2-1,NYM,Héctor Rondón,27123,P,,,2,1.750,no,0.0,Hector Rondon,DET MIA MIL NYM WAS,12,2010,2021
2021,t2-2,OAK,Jorge Soler,46362,DH,29,,4,14.000,no,2.7,Jorge Soler,CHW MIL NYY OAK TOR WAS,13,2014,2026
2021,t2-2,COL,Josh Donaldson,119022,3B,35,,2,13.751,yes,4.1,Josh Donaldson,ARI BAL COL TEX,10,2013,2024
2021,t2-2,COL,Mitch Haniger,37537,RF,30,,2,11.500,yes,3.2,Mitch Haniger,CHC COL KC MIL TEX,9,2014,2024
2021,t2-2,STL,Nelson Cruz,514439,DH,40,,2,11.000,no,3.9,Nelson Cruz,BOS DET KC MIA SEA STL TB TOR WAS,11,2010,2023
2021,t2-2,CLE,Kevin Gausman,376217,SP,30,,3,10.602,yes,3.6,Kevin Gausman,CLE COL OAK TB,14,2013,2026
2021,t2-2,CLE,Mark Canha,408029,LF,32,,2,10.602,yes,2.6,Mark Canha,ARI CLE MIL TB,8,2019,2026
2021,t2-2,WAS,Corey Kluber,379603,SP,35,,3,10.000,yes,3.3,Corey Kluber,CIN NYM TB WAS,11,2014,2024
2021,t2-2,OAK,Nick Castellanos,168027,RF,29,,3,7.500,no,1.2,Nick Castellanos,MIL NYM OAK PHI SEA TOR,16,2011,2026
2021,t2-2,CLE,Ji Man Choi,210171,1B,30,,2,6.102,yes,1.7,Ji-Man Choi,CLE KC OAK SD,7,2018,2024
2021,t2-2,TOR,Tommy Pham,222407,LF,33,,2,5.750,no,2.8,Tommy Pham,ATL COL SD TOR,10,2016,2026
2021,t2-2,TEX,Taylor Rogers,191050,RP,30,,3,5.375,yes,1.3,Taylor Rogers,CIN MIA NYM TEX,9,2018,2026
2021,t2-2,BOS,Enrique Hernández,189301,2B,29,,3,5.250,yes,1.2,Kike Hernandez,BOS NYY PHI TEX,10,2016,2026
2021,t2-2,SEA,Mitch Garver,332657,C,30,,3,5.250,no,1.6,Mitch Garver,LAD PHI SEA TB,8,2019,2026
2021,t2-2,SEA,David Price,9274,SP,35,,2,5.100,yes,1.8,David Price,COL OAK PHI SEA,13,2009,2022
2021,t2-2,WAS,Yasiel Puig,464314,RF,30,,4,5.000,yes,2.2,Yasiel Puig,DET NYM SD WAS,11,2014,2024
2021,t2-2,CIN,Willians Astudillo,259836,C,29,,4,4.500,no,2.5,Willians Astudillo,CIN MIA MIN,6,2019,2024
2021,t2-2,SEA,Mike Minor,124437,SP,33,,2,4.200,yes,2.6,Mike Minor,ARI NYM SEA STL,12,2010,2022
2021,t2-2,ARI,Scott Oberg,150551,RP,31,,2,4.150,yes,0.8,Scott Oberg,ARI MIA MIN TOR,5,2019,2023
2021,t2-2,STL,Danny Santana,239683,CF,30,,3,4.100,yes,1.8,Danny Santana,MIA NYM STL,10,2015,2024
2021,t2-2,CIN,Will Harris,364606,RP,36,,2,4.000,no,0.7,Will Harris,CIN MIL NYM TB,8,2016,2023
2021,t2-2,STL,Aaron Loup,464518,RP,33,,2,3.200,yes,0.5,Aaron Loup,MIL STL,8,2015,2023
2021,t2-2,SD,Cole Hamels,69071,SP,37,,2,3.000,no,1.6,Cole Hamels,BAL BOS COL MIL PHI SD TEX,13,2009,2022
2021,t2-2,LAD,Luis Cessa,1347,RP,29,,3,3.000,yes,1.0,Luis Cessa,LAD,3,2021,2023
2021,t2-2,LAD,Dylan Floro,324205,RP,30,,3,3.000,yes,0.6,Dylan Floro,LAD MIA OAK,7,2020,2026
2021,t2-2,TEX,David Bednar,171692,RP,26,,4,2.660,yes,0.5,David Bednar,STL TEX,6,2021,2026
2021,t2-2,MIN,Chris Archer,167916,SP,32,,2,2.500,yes,2.1,Chris Archer,ARI BAL MIA MIN SD,12,2012,2023
2021,t2-2,CHW,Tyler Rogers,99868,RP,30,,2,2.155,yes,0.8,Tyler Rogers,CHW KC NYY TOR WAS,7,2020,2026
2021,t2-2,NYM,Tyler Matzek,74232,RP,30,,2,1.950,no,0.2,Tyler Matzek,ATL COL NYM SD SEA,14,2010,2024
2021,t2-2,NYM,Jay Jackson,25127,RP,33,,2,1.750,no,0.4,Jay Jackson,ATL BAL CIN COL MIA NYM PHI WAS,15,2010,2025
2021,t2-3,CIN,AJ Pollock,112357,LF,33,,2,8.750,yes,2.3,A.J. Pollock,CIN CLE MIL NYM,15,2010,2024
2021,t2-3,NYY,Christian Vázquez,265998,C,30,,3,7.750,yes,2.2,Christian Vazquez,ARI DET MIA NYY WAS,12,2015,2026
2021,t2-3,MIA,Brent Suter,97642,RP,31,,2,6.823,yes,1.3,Brent Suter,ARI MIA MIL PIT TB,6,2018,2023
2021,t2-3,NYY,Kirby Yates,289240,RP,34,,2,6.000,yes,0.8,Kirby Yates,COL MIA NYM NYY TOR,7,2019,2026
2021,t2-3,NYY,Kwang Hyun Kim,316734,SP,32,,3,5.001,yes,2.3,Kwang Hyun Kim,NYY,4,2021,2024
2021,t2-3,BOS,Miles Mikolas,336653,SP,32,,2,5.000,no,2.5,Miles Mikolas,BOS PHI SF,7,2019,2025
2021,t2-3,PHI,Emilio Pagán,86173,RP,30,,2,5.000,yes,0.7,Emilio Pagan,KC PHI TEX,5,2019,2026
2021,t2-3,SEA,Seth Lugo,52730,SP,31,,3,4.500,no,2.4,Seth Lugo,BOS CHW SEA STL,8,2019,2026
2021,t2-3,OAK,Pat Valaika,453062,2B,28,,3,4.500,no,2.5,Pat Valaika,OAK,3,2021,2023
2021,t2-3,CIN,Mike Mayers,357668,RP,29,,3,3.750,yes,0.7,Mike Mayers,CIN,4,2021,2024
2021,t2-3,SEA,Randal Grichuk,179100,CF,29,,2,3.500,yes,1.6,Randal Grichuk,BAL CHC CIN KC MIL NYM NYY SEA,16,2010,2025
2021,t2-3,OAK,Carlos Martínez,214775,SP,29,,3,3.500,yes,1.7,Carlos Martinez,BAL CIN LAD OAK,11,2013,2023
2021,t2-3,BOS,Joey Votto,320873,1B,37,,2,3.150,no,0.7,Joey Votto,BOS KC LAD SEA STL TB WAS,15,2009,2024
2021,t2-3,WAS,Brandon Crawford,127879,SS,34,,2,3.000,yes,1.4,Brandon Crawford,ARI CIN DET KC WAS,17,2010,2026
2021,t2-3,HOU,Blake Taylor,198394,RP,25,,5,2.500,yes,0.4,Blake Taylor,HOU MIN PHI,11,2015,2025
2021,t2-3,CHW,Dylan Moore,204863,SS,28,,2,2.420,yes,1.4,Dylan Moore,CHW DET LAA PIT SEA,6,2021,2026
2021,t2-3,BOS,Joe Panik,482185,2B,30,,2,2.250,no,0.8,Joe Panik,BOS MIA MIL STL WAS,11,2012,2022
2021,t2-3,TEX,Zach McKinstry,426453,2B,26,,4,2.220,yes,0.3,Zach McKinstry,KC TEX,6,2021,2026
2021,t2-3,CLE,Sam Delaplane,225055,RP,26,,4,2.202,yes,0.5,Sam Delaplane,CLE KC,5,2021,2025
2021,t2-3,MIN,John Nogowski,86622,1B,28,,2,2.042,yes,1.9,John Nogowski,LAD MIN,4,2019,2022
2021,t2-3,STL,Héctor Neris,3751,RP,32,,2,2.040,yes,0.5,Hector Neris,MIA SD SF STL TOR,9,2017,2025
2021,t2-3,CIN,Zach McAllister,482319,RP,33,,2,1.800,no,0.4,Zach McAllister,CIN DET,13,2010,2022
2021,t2-3,CHW,Max Stassi,261098,C,30,,2,1.755,yes,1.5,Max Stassi,CHW HOU OAK SF,15,2011,2025
2021,t2-3,MIN,Wyatt Mathisen,159169,3B,27,,2,1.750,yes,2.3,Wyatt Mathisen,MIN,2,2021,2022
2021,t2-3,TEX,Brandon Morrow,36515,P,,,2,1.700,no,0.0,Brandon Morrow,HOU MIN SD TEX,12,2009,2022
2021,t2-3,TOR,Jeff Brigham,258664,RP,29,,2,1.600,no,0.4,Jeff Brigham,TOR,3,2020,2022
2021,t2-3,TOR,Matt Reynolds,183246,SS,30,,2,1.600,no,1.1,Matt Reynolds,CHC MIN TOR,4,2019,2022
2021,t2-4,KC,Garrett Richards,313759,RP,33,,2,5.750,yes,0.9,Garrett Richards,ARI BOS KC SEA TOR,12,2012,2023
2021,t2-4,KC,Avisaíl García,151026,RF,30,,2,5.000,yes,1.1,Avisail Garcia,KC PHI SD TOR,10,2014,2023
2021,t2-4,MIN,Darren O'Day,136858,RP,38,,2,3.990,no,0.4,Darren O'Day,ATL CHC DET MIL MIN PHI,10,2011,2022
2021,t2-4,CIN,Jake McGee,481659,RP,34,,2,3.500,no,0.3,Jake McGee,CHC CIN NYM PIT WAS,12,2009,2022
2021,t2-4,ARI,Adam Duvall,386489,LF,32,,2,3.500,yes,1.9,Adam Duvall,ARI SF STL,9,2016,2025
2021,t2-4,TEX,Eduardo Escobar,331114,3B,32,,2,3.150,yes,1.8,Eduardo Escobar,CHW MIL SD TEX,7,2016,2023
2021,t2-4,ARI,Wilmer Flores,484478,2B,29,,2,2.750,yes,2.2,Wilmer Flores,ARI BOS CLE COL MIA MIL SD TB,17,2010,2026
2021,t2-4,SD,Martín Maldonado,375073,C,34,,2,2.750,no,1.2,Martin Maldonado,ATL CIN COL MIN SD,9,2014,2024
2021,t2-4,SF,Tim Beckham,101312,SS,31,,2,2.300,yes,0.4,Tim Beckham,COL LAA PIT SEA SF,15,2009,2023
2021,t2-4,CLE,Wyatt Mills,340142,RP,26,,4,2.202,yes,0.5,Wyatt Mills,CLE KC,5,2021,2025
2021,t2-4,CLE,Andrew Young,348353,2B,27,,4,2.202,yes,1.4,Andy Young,CLE,3,2021,2023
2021,t2-4,MIN,Tyler Webb,288144,RP,30,,2,2.142,yes,0.4,Tyler Webb,MIN,3,2021,2023
2021,t2-4,SD,Khris Davis,10879,DH,33,,2,2.000,no,1.8,Khris Davis,ARI BOS CHW PIT SD,7,2015,2022
2021,t2-4,BOS,Kyle Zimmer,434379,RP,29,,2,1.955,no,0.1,Kyle Zimmer,BOS OAK,10,2013,2022
2021,t2-4,WAS,Odúbel Herrera,404219,CF,29,,3,1.900,yes,1.5,Odubel Herrera,CIN DET MIL NYM NYY WAS,8,2017,2024
2021,t2-4,TEX,Kyle Higashioka,59600,C,31,,2,1.780,yes,0.7,Kyle Higashioka,BAL SD SEA SF TEX,9,2018,2026
2021,t2-4,ARI,Mitch Moreland,421553,1B,35,,2,1.750,yes,1.4,Mitch Moreland,ARI TEX WAS,10,2012,2023
2021,t2-4,SEA,Robinson Canó,351774,2B,38,,2,1.700,no,1.5,Robinson Cano,CHC CHW CIN NYM NYY SD SEA,13,2009,2022
2021,t2-4,MIL,Mike Ford,480766,1B,28,,2,1.624,yes,1.4,Mike Ford,CLE MIL TOR,4,2019,2022
2021,t2-4,MIL,Taylor Ward,463853,3B,27,,2,1.624,yes,1.1,Taylor Ward,ATL HOU LAD MIL PIT,11,2016,2026
2021,t2-4,MIL,Wandy Peralta,129759,RP,29,,2,1.624,no,0.5,Wandy Peralta,LAA MIL,5,2021,2026
2021,t2-5,TEX,Elieser Hernández,94579,RP,26,,4,3.250,yes,0.9,Elieser Hernandez,TEX,5,2021,2025
2021,t2-5,NYY,Óliver Pérez,91492,RP,39,,2,2.750,no,0.4,Oliver Perez,CHW CLE COL LAD NYM NYY,9,2009,2022
2021,t2-5,HOU,Connor Brogdon,131742,RP,26,,5,2.500,yes,0.3,Connor Brogdon,HOU,5,2021,2025
2021,t2-5,SF,Brandon Workman,378047,RP,32,,2,2.110,yes,0.2,Brandon Workman,ATL LAA SF WAS,10,2014,2023
2021,t2-5,SF,Tony Kemp,211970,2B,29,,2,2.110,yes,1.4,Tony Kemp,CIN OAK SF WAS,9,2015,2023
2021,t2-5,ARI,Luis Guillorme,184106,2B,26,,3,2.050,yes,2.0,Luis Guillorme,ARI,4,2021,2024
2021,t2-5,MIN,Freddy Galvis,95119,SS,31,,2,2.042,no,1.0,Freddy Galvis,KC LAA MIN STL,10,2013,2022
2021,t2-5,CIN,Steven Matz,306434,SP,30,,3,2.000,yes,1.3,Steven Matz,ATL BOS CIN COL LAA WAS,13,2014,2026
2021,t2-5,MIL,Luis Perdomo,213133,RP,28,,3,1.925,yes,0.2,Luis Perdomo,MIL OAK,4,2020,2023
2021,t2-5,CLE,Zack Short,373414,SS,26,,3,1.900,yes,1.7,Zack Short,CLE,4,2021,2024
2021,t2-5,CLE,Alec Bettinger,168058,SP,25,,3,1.900,yes,1.0,Alec Bettinger,CLE,3,2021,2023
2021,t2-5,NYY,Hunter Wood,146439,RP,27,,3,1.900,yes,0.2,Hunter Wood,NYY,4,2021,2024
2021,t2-5,TB,J. B. Wendelken,387633,RP,28,,3,1.900,yes,0.6,J.B. Wendelken,LAA TB,4,2021,2024
2021,t2-5,MIN,Nick Wittgren,334947,RP,30,,2,1.750,yes,0.4,Nick Wittgren,CHW MIN,4,2018,2023
2021,t2-5,ARI,Phillip Evans,309943,3B,28,,2,1.700,yes,1.9,Phillip Evans,ARI,3,2021,2023
2021,t3-1,OAK,Matt Pierpont,40364,RP,30,,1,3.500,yes,0.3,Matt Pierpont,OAK,2,2021,2022
2021,t3-1,OAK,Mychal Givens,451151,RP,31,,1,3.500,yes,0.5,Mychal Givens,DET OAK SD,8,2017,2024
2021,t3-1,OAK,Richard Bleier,285268,RP,34,,1,3.500,yes,0.6,Richard Bleier,LAA OAK SF,6,2019,2024
2021,t3-1,KC,Chris Flexen,477249,RP,26,,3,2.250,yes,1.0,Chris Flexen,BOS KC MIL,5,2020,2024
2021,t3-1,MIL,Cam Gallagher,487083,C,28,,3,1.926,no,1.4,Cam Gallagher,MIL NYY,3,2021,2023
2021,t3-1,ARI,David Huff,451103,RP,36,,1,1.750,yes,0.4,David Huff,ARI CIN LAA PIT,11,2009,2021
2021,t3-1,CHW,Domingo Santana,390353,LF,28,,1,1.750,no,0.9,Domingo Santana,ARI BOS CHW SEA,9,2013,2021
2021,t3-1,SF,Jonathan Lucroy,17391,C,35,,2,1.700,no,0.4,Jonathan Lucroy,CHC CHW SEA SF,13,2009,2022
2021,t3-1,MIN,Gio Gonzalez,246177,SP,35,,1,1.642,no,1.7,Gio Gonzalez,COL LAA MIA MIN PHI PIT TOR,12,2009,2021
2021,t3-1,MIN,Masahiro Tanaka,21387,SP,32,,1,1.642,no,1.8,Masahiro Tanaka,CHC LAA MIN,6,2016,2021
2021,t3-1,CHW,Alexander Guillen,57284,RP,25,,1,1.255,yes,0.4,Alexander Guillen,CHW,1,2021,2021
2021,t3-1,ARI,Tyler Flowers,424360,C,35,,1,1.250,yes,1.5,Tyler Flowers,ARI COL MIA MIL TOR,13,2009,2021
2021,t3-1,KC,Yonathan Daza,186205,CF,27,,1,1.100,no,1.0,Yonathan Daza,BAL KC MIN TOR,5,2019,2024
2021,t3-1,SEA,Drew Steckenrider,458424,RP,30,,1,1.100,yes,0.3,Drew Steckenrider,CHC KC NYM SEA TB,3,2019,2021
2021,t3-1,SEA,Greg Holland,200896,RP,35,,1,1.100,yes,0.2,Greg Holland,BAL CLE KC MIN SEA,8,2013,2022
2021,t3-1,TB,Brad Miller,58180,LF,31,,1,1.100,yes,1.5,Brad Miller,CIN LAA TB TOR,10,2013,2022
2021,t3-1,TB,Donovan Solano,417877,2B,33,,1,1.100,yes,1.6,Donovan Solano,DET KC TB,6,2015,2024
2021,t3-1,TB,Tomás Telis,478228,C,30,,1,1.100,yes,1.3,Tomas Telis,CHW MIL TB TOR,11,2012,2022
2021,t3-1,TOR,José Álvarez,166330,RP,32,,1,1.100,no,0.3,Jose Alvarez,CHW COL TOR,5,2019,2023
2021,t3-1,TOR,Nicky Lopez,3114,2B,26,,1,1.100,yes,0.7,Nicky Lopez,BAL MIL TB TOR,8,2019,2026
2021,t3-2,CLE,Tyler Johnson,478188,RP,25,,3,1.900,yes,0.3,Tyler Johnson,CHW CLE,4,2009,2023
2021,t3-2,MIN,Tres Barrera,133986,C,26,,2,1.600,yes,1.0,Tres Barrera,MIN,3,2021,2023
2021,t3-2,KC,Félix Peña,440562,RP,31,,1,1.250,yes,0.9,Felix Pena,KC SF,3,2018,2022
2021,t3-2,MIN,Delino DeShields,203402,CF,28,,1,1.100,no,0.7,Delino Deshields Jr.,ATL MIN WAS,12,2011,2022
2021,t3-2,TB,Carlos Estévez,125665,RP,28,,1,1.100,yes,0.5,Carlos Estevez,MIL MIN STL TB,8,2019,2026
2021,t3-3,TB,Jacob Barnes,117917,RP,31,,1,1.810,yes,0.4,Jacob Barnes,NYY TB,5,2018,2022
2021,t3-3,ATL,Ben Gamel,98838,LF,29,,2,1.600,no,0.4,Ben Gamel,ATL MIN NYM,6,2019,2024
2021,t3-3,CHW,Eric Yardley,138575,RP,30,,1,1.355,yes,0.4,Eric Yardley,CHW,1,2021,2021
2021,t3-3,TOR,Eduard Bazardo,451288,RP,25,,1,1.101,yes,0.7,Eduard Bazardo,KC TOR,4,2021,2026
2021,t3-3,ATL,Arodys Vizcaíno,48910,RP,30,,1,1.100,no,0.0,Arodys Vizcaino,ATL COL MIA PIT SEA TOR WAS,11,2011,2021
2021,t3-3,ATL,Yoenis Céspedes,358587,LF,35,,1,1.100,no,0.7,Yoenis Cespedes,ATL MIL SD SEA,8,2014,2021
2021,t3-3,CLE,Jay Bruce,280653,LF,34,,1,1.100,no,1.3,Jay Bruce,CLE TEX WAS,12,2009,2021
2021,t3-3,COL,Sam Howard,223776,RP,28,,1,1.100,no,0.8,Sam Howard,COL,1,2021,2021
2021,t3-3,KC,Jacob Wilson,80155,3B,30,,1,1.100,no,1.8,Jacob Wilson,KC MIL,2,2020,2021
2021,t3-3,KC,Pedro Severino,464501,C,27,,1,1.100,yes,0.9,Pedro Severino,KC,2,2021,2022
2021,t3-3,SEA,Nate Jones,388542,RP,35,,1,1.100,no,0.2,Nate Jones,ARI CIN SEA TEX,7,2014,2021
2021,t3-3,TB,Joe Smith,219217,RP,37,,1,1.100,yes,0.3,Joe Smith,BOS CIN COL NYM PIT SD TB,13,2009,2022
2021,t3-3,TB,Luis Avilán,403608,RP,31,,1,1.100,yes,0.3,Luis Avilan,LAD TB,4,2019,2022
2021,t3-4,ATL,Maikel Franco,283388,3B,28,,3,1.900,no,0.6,Maikel Franco,ATL MIN SEA WAS,10,2014,2023
2021,t3-4,KC,Kodi Whitley,163620,RP,26,,2,1.600,yes,0.3,Kodi Whitley,KC,3,2021,2023
2021,t3-4,MIN,Francisco Cervelli,490331,C,35,,1,1.250,no,1.3,Francisco Cervelli,ARI ATL CLE COL MIN TB,8,2013,2021
2021,t3-4,MIN,Mike Gerber,383272,CF,28,,1,1.250,no,0.7,Mike Gerber,MIN SEA,2,2020,2021
2021,t3-4,MIL,Jason Kipnis,454712,2B,34,,1,1.134,yes,1.2,Jason Kipnis,BOS MIL PIT SEA TB,11,2011,2021
2021,t3-4,KC,Chaz Roe,425056,RP,34,,1,1.101,no,0.3,Chaz Roe,CHC CLE KC LAA NYM SD TB,7,2015,2023
2021,t3-4,TB,Daniel Bard,239451,RP,36,,1,1.101,yes,0.2,Daniel Bard,CHC MIA SF TB,9,2010,2024
2021,t3-4,ATL,Johnny Cueto,14422,SP,35,,1,1.100,no,1.3,Johnny Cueto,ATL BOS CHC CHW MIN NYY PIT SEA TOR,15,2009,2024
2021,t3-4,ATL,Kyle Gibson,322379,SP,33,,1,1.100,no,1.8,Kyle Gibson,ARI ATL KC MIN SD SF TOR,17,2009,2025
2021,t3-4,COL,Austin Wynns,207557,C,30,,1,1.100,no,0.8,Austin Wynns,COL,1,2021,2021
2021,t3-4,MIN,Rich Hill,291654,SP,41,,1,1.100,no,1.1,Rich Hill,ATL MIN TB TEX TOR WAS,9,2009,2021
2021,t4-1,KC,Kohei Arihara,382301,SP,28,,2,1.600,yes,1.8,Kohei Arihara,KC,3,2021,2023
2021,t4-1,SD,Tyler Alexander,314655,RP,26,,1,1.200,no,0.8,Tyler Alexander,MIN SD,6,2020,2025
2021,t4-1,ATL,Ryan Zimmerman,378745,1B,36,,1,1.100,no,0.9,Ryan Zimmerman,ATL BAL BOS CLE SD,12,2009,2021
2021,t4-1,TB,Yimi García,108507,RP,30,,1,1.100,yes,0.3,Yimi Garcia,CLE COL PHI PIT STL TB,9,2016,2026
2021,t4-1,ATL,Ryan Braun,280760,1B,37,,1,1.100,no,0.9,Ryan Braun,ATL CIN COL PIT,12,2009,2021
2021,t4-1,ATL,Hernán Pérez,27978,2B,30,,1,1.100,no,1.2,Hernan Perez,ARI ATL CLE DET PHI,6,2018,2025
2021,t4-1,CLE,Jeurys Familia,164332,RP,31,,1,0.000,MLI,0.3,Jeurys Familia,BOS CLE SD WAS,11,2012,2022
2021,t4-1,HOU,Eric Haase,501377,C,28,,1,0.000,MLI,0.6,Eric Haase,CIN CLE HOU KC NYM,6,2019,2025
2021,t4-1,CLE,Dexter Fowler,40590,RF,35,,1,0.000,MLI,0.0,Dexter Fowler,ARI CLE HOU LAA SD SEA STL TOR,12,2009,2021
2021,t4-1,MIL,Isiah Kiner-Falefa,417599,C,26,,1,0.000,MLI,0.3,Isiah Kiner-Falefa,MIL NYY PHI,6,2021,2026
2021,t4-1,MIL,Montana DuRapau,128737,RP,29,,1,0.000,MLI,0.3,Montana DuRapau,MIL,1,2021,2021
2021,t4-1,MIN,J. A. Happ,74813,SP,38,,1,0.000,MLI,1.5,J.A. Happ,DET MIA MIN PIT TEX,13,2009,2021
2021,t4-1,MIN,Miguel Cabrera,381272,DH,38,,1,0.000,MLI,0.4,Miguel Cabrera,BAL CIN MIN OAK TOR WAS,11,2009,2022
2021,t4-1,MIN,Ryne Harper,233807,RP,32,,1,0.000,MLI,0.3,Ryne Harper,MIN TOR,2,2020,2021
2021,t4-1,NYY,Alcides Escobar,422977,,,,1,0.000,MLI,0.0,Alcides Escobar,CHW MIA NYY SEA TB,14,2009,2023
2021,t4-1,NYY,Tyler Naquin,383385,RF,30,,1,0.000,MLI,0.7,Tyler Naquin,DET MIL NYY TOR,11,2013,2023
2021,t4-1,CHW,Kevan Smith,370191,C,33,,1,0.000,MLI,0.7,Kevan Smith,CHW CLE KC,3,2019,2021
2021,t4-1,SEA,Matt Kemp,254997,LF,36,,1,0.000,MLI,-0.6,Matt Kemp,BAL BOS COL DET MIN PHI SEA WAS,12,2009,2021
2021,t4-1,SEA,Yadiel Hernández,493074,LF,33,,1,0.000,MLI,0.7,Yadiel Hernandez,BAL SEA,3,2021,2023
2021,t4-1,TB,Matt Duffy,119273,3B,30,,1,0.000,MLI,1.5,Matt Duffy,BOS DET KC MIA MIL PIT TB TOR,8,2016,2023
2021,t4-1,TB,Raudy Read,356833,C,27,,1,0.000,MLI,1.0,Raudy Read,TB,1,2021,2021
2021,t4-1,CHW,Jake Fishman,425807,RP,26,,1,0.000,MLI,0.5,Jake Fishman,CHW,1,2021,2021
2021,t4-1,WAS,Brian Dozier,307655,2B,34,,1,0.000,MLI,1.3,Brian Dozier,TEX WAS,8,2014,2021
2021,t4-1,WAS,Matt Bush,312990,RP,35,,1,0.000,MLI,0.1,Matt Bush,CIN LAD MIN SEA SF TB WAS,12,2009,2024
2021,t4-2,ATL,Shawn Armstrong,97185,RP,30,,2,1.600,no,0.1,Shawn Armstrong,ATL CHW PHI PIT TB,9,2017,2026
2021,t4-2,ATL,Kyle Crick,74969,RP,28,,1,1.100,no,0.1,Kyle Crick,ATL CIN PIT STL,9,2013,2021
2021,t4-2,ATL,Daniel Robertson,339261,3B,27,,1,1.100,no,1.8,Daniel Robertson,ARI ATL CIN,8,2014,2021
2021,t4-2,KC,Anthony Bass,235725,RP,33,,1,1.100,yes,0.3,Anthony Bass,KC OAK SD,5,2014,2023
2021,t4-2,KC,Keynan Middleton,92895,RP,27,,1,1.100,yes,0.3,Keynan Middleton,HOU KC,5,2021,2026
2021,t4-2,CLE,Tyler Heineman,416972,C,30,,1,0.000,MLI,1.1,Tyler Heineman,CLE MIA MIL MIN,5,2020,2026
2021,t4-2,NYY,Aaron Sanchez,179424,SP,28,,1,0.000,MLI,0.5,Aaron Sanchez,NYY TOR,10,2013,2023
2021,t4-2,SD,Matt Wieters,154974,C,35,,1,0.000,MLI,0.0,Matt Wieters,CLE KC MIN SD,12,2009,2021
2021,t4-2,SEA,Trevor Bettencourt,181133,RP,26,,1,0.000,MLI,0.3,Trevor Bettencourt,SEA,1,2021,2021
2021,t4-2,TB,Shane Carle,444030,RP,29,,1,0.000,MLI,0.0,Shane Carle,TB,1,2021,2021
2021,t4-3,MIL,Mike King,374917,RP,26,,2,1.643,yes,1.1,Michael King,BOS MIL SEA,6,2021,2026
2021,t4-3,WAS,Fernando Abad,130365,RP,35,,1,1.100,no,0.2,Fernando Abad,ARI STL TB TEX TOR WAS,6,2012,2021
2021,t4-3,WAS,Jonathan Holder,148315,RP,28,,1,1.100,no,0.4,Jonathan Holder,TOR WAS,3,2019,2021
2021,t4-3,WAS,Cole Sulser,313595,RP,31,,1,0.000,MLI,0.2,Cole Sulser,KC MIN WAS,5,2019,2023
2020,t1-1,NYM,Max Scherzer,204108,SP,35,,2,49.000,yes,5.8,Max Scherzer,ARI ATL BAL BOS CIN COL NYM OAK PIT SEA TB TEX TOR,17,2009,2026
2020,t1-1,CHW,Justin Verlander,67654,SP,37,0.1,3,35.000,yes,4.9,Justin Verlander,CHC CHW CIN MIL PHI SEA,16,2009,2026
2020,t1-1,SEA,Manny Machado,140823,3B,27,,7,33.000,no,4.5,Manny Machado,COL SEA STL,16,2011,2026
2020,t1-1,MIN,Bryce Harper,400011,RF,27,,7,30.000,no,4.2,Bryce Harper,DET MIL MIN NYM TB,16,2011,2026
2020,t1-1,ARI,José Altuve,486372,2B,30,,4,27.000,no,4.0,Jose Altuve,ARI CIN COL PHI,15,2012,2026
2020,t1-2,LAD,Patrick Corbin,188609,SP,30,,3,30.000,no,3.4,Patrick Corbin,BOS LAD NYM,11,2012,2022
2020,t1-2,STL,Zack Wheeler,417654,SP,30,,4,24.500,yes,2.9,Zack Wheeler,ATL BOS NYM STL WAS,17,2010,2026
2020,t1-2,TOR,Yasmani Grandal,127136,C,31,,3,23.500,no,4.5,Yasmani Grandal,ATL CHC TB TOR WAS,15,2011,2025
2020,t1-2,TB,Anthony Rizzo,35189,1B,30,,3,23.000,yes,4.3,Anthony Rizzo,BOS CIN NYM PHI TB,14,2012,2025
2020,t1-2,DET,J. D. Martinez,298384,DH,32,,2,22.500,yes,3.7,J.D. Martinez,ATL CIN COL DET MIA PIT SEA WAS,15,2012,2026
2020,t2-1,TB,Yu Darvish,191562,SP,33,0.1,3,23.000,yes,3.8,Yu Darvish,CHW TB,13,2014,2026
2020,t2-1,COL,Mike Moustakas,157758,2B,31,,3,18.976,yes,2.6,Mike Moustakas,CLE COL DET KC LAD MIL MIN SD TOR,16,2009,2024
2020,t2-1,COL,Dallas Keuchel,66776,P,,0.1,3,18.797,yes,,Dallas Keuchel,COL LAD,7,2016,2022
2020,t2-1,WAS,Trevor Bauer,437775,SP,29,,5,17.000,no,3.6,Trevor Bauer,CIN CLE MIL WAS,14,2011,2024
2020,t2-1,BOS,Marcus Semien,365220,SS,29,,5,14.500,no,5.3,Marcus Semien,BOS CLE MIL MIN SEA STL TOR,12,2015,2026
2020,t2-1,SD,Justin Turner,508611,3B,35,,2,13.000,yes,3.3,Justin Turner,ATL CIN KC MIL PIT SD,12,2013,2025
2020,t2-1,STL,Starling Marte,39866,CF,,,3,10.300,yes,,Starling Marte,BOS NYM OAK PIT STL,15,2012,2026
2020,t2-1,STL,Nick Ahmed,402892,SS,30,,3,9.000,yes,2.6,Nick Ahmed,ARI LAA MIL STL,9,2017,2025
2020,t2-1,NYY,Corey Dickerson,503858,LF,31,,3,9.000,yes,1.5,Corey Dickerson,BOS CHW NYY TEX TOR,12,2012,2023
2020,t2-1,SD,Mark Melancon,509867,RP,35,,2,9.000,yes,0.6,Mark Melancon,COL NYY SD WAS,10,2012,2023
2020,t2-1,WAS,Andrelton Simmons,67655,SS,30,,4,8.500,no,2.9,Andrelton Simmons,KC LAA MIA SD WAS,12,2013,2024
2020,t2-1,STL,Ryan Pressly,279458,RP,31,,3,8.300,yes,1.1,Ryan Pressly,CHC CHW STL,8,2019,2026
2020,t2-1,PHI,Howie Kendrick,117849,1B,36,,2,8.000,no,0.8,Howie Kendrick,LAA LAD PHI TB TEX,11,2009,2021
2020,t2-1,TOR,Adrian Houser,47041,SP,27,,2,8.000,no,2.6,Adrian Houser,COL SEA TOR,6,2020,2026
2020,t2-1,CHC,Zac Grotz,382342,RP,27,,2,7.000,yes,1.2,Zac Grotz,CHC,2,2020,2021
2020,t2-1,BAL,Tommy Kahnle,402745,RP,30,,2,7.000,yes,0.9,Tommy Kahnle,BAL CLE TB TOR,8,2019,2026
2020,t2-1,NYY,Tommy La Stella,322313,2B,31,,2,6.250,yes,1.0,Tommy La Stella,CHW MIN NYY,11,2013,2023
2020,t2-1,KC,Jose Quintana,120857,SP,31,,2,6.010,yes,2.2,Jose Quintana,CLE KC SD,14,2013,2026
2020,t2-1,SEA,Nick Anderson,428311,RP,29,,3,6.000,no,1.0,Nick Anderson,CIN MIA MIN SEA,5,2020,2024
2020,t2-1,SD,John Means,248954,SP,27,,4,6.000,yes,1.2,John Means,SD,5,2020,2024
2020,t2-1,TOR,Jordan Luplow,134030,RF,26,,2,6.000,no,1.8,Jordan Luplow,COL TB TOR,5,2019,2023
2020,t2-1,NYY,Sean Doolittle,120008,RP,33,,2,5.900,yes,0.7,Sean Doolittle,CHC COL DET NYY PIT TOR WAS,14,2009,2022
2020,t2-1,DET,Brad Wieck,459472,RP,28,,3,5.150,no,0.7,Brad Wieck,DET PHI,4,2019,2022
2020,t2-1,CHC,Spencer Turnbull,8907,SP,27,,2,5.100,yes,1.4,Spencer Turnbull,CHC KC TB,5,2020,2025
2020,t2-1,HOU,Austin Allen,393724,C,26,,4,4.500,yes,1.1,Austin Allen,HOU NYY,5,2020,2024
2020,t2-1,PIT,Jon Lester,27139,SP,36,,2,4.260,no,2.0,Jon Lester,BAL MIL NYM NYY PIT STL TB,11,2009,2021
2020,t2-1,PHI,Collin McHugh,362701,RP,33,,3,4.000,no,1.3,Collin McHugh,LAD PHI PIT WAS,9,2016,2024
2020,t2-1,PHI,Joe Kelly,156049,RP,32,,2,4.000,no,0.8,Joe Kelly,CIN COL MIL NYY PHI PIT TOR WAS,13,2013,2025
2020,t2-1,WAS,Brock Holt,192407,2B,32,0.1,3,4.000,yes,1.0,Brock Holt,ATL WAS,7,2016,2022
2020,t2-1,ATL,Travis d'Arnaud,85732,C,31,,2,4.000,no,1.1,Travis d'Arnaud,ATL COL LAA OAK PIT SEA,16,2011,2026
2020,t2-1,BAL,Jake Diekman,421524,RP,33,,2,3.750,no,0.8,Jake Diekman,BAL LAA PHI STL,10,2015,2025
2020,t2-1,SF,Omar Narváez,389844,C,28,0.1,2,3.660,yes,1.3,Omar Narvaez,ATL MIL SF,7,2019,2025
2020,t2-1,KC,Blaine Hardy,116364,RP,33,,2,3.550,no,0.9,Blaine Hardy,CLE KC STL TB,5,2016,2021
2020,t2-1,ARI,Jairo Díaz,503027,RP,29,,3,3.550,yes,0.8,Jairo Diaz,ARI,3,2020,2022
2020,t2-1,OAK,Jeremy Jeffress,170779,RP,32,,2,3.500,yes,0.7,Jeremy Jeffress,NYY OAK SEA SF TB,14,2009,2022
2020,t2-1,DET,Jacob Stallings,14968,C,30,0.1,3,3.333,yes,1.2,Jacob Stallings,ATL DET WAS,7,2019,2025
2020,t2-1,TEX,Niko Goodrum,445119,SS,28,,3,3.010,yes,0.8,Niko Goodrum,TEX,3,2020,2022
2020,t2-1,WAS,Yadier Molina,281126,C,37,,2,3.000,yes,1.8,Yadier Molina,ATL BOS CHC KC NYM PIT WAS,12,2009,2022
2020,t2-1,WAS,Yan Gomes,18801,C,32,,3,3.000,no,1.2,Yan Gomes,PHI PIT SD WAS,10,2014,2024
2020,t2-1,TEX,Jon Berti,487927,3B,30,,2,2.670,yes,1.4,Jon Berti,BOS TEX,5,2020,2024
2020,t2-1,NYM,Hoby Milner,115832,RP,29,,3,2.500,yes,0.8,Hoby Milner,BAL COL DET NYM WAS,7,2020,2026
2020,t2-1,LAA,Yermín Mercedes,83673,C,27,,3,2.500,no,0.7,Yermin Mercedes,LAA PIT,3,2020,2022
2020,t2-1,LAD,Sam Selman,478438,RP,29,,2,2.370,no,0.7,Sam Selman,LAD,2,2020,2021
2020,t2-1,KC,Matt Joyce,147810,RF,35,,2,2.150,no,0.7,Matt Joyce,BAL KC OAK PHI PIT SD SEA TB WAS,12,2009,2021
2020,t2-1,PHI,Josh Taylor,457324,RP,27,,3,2.000,no,0.8,Josh Taylor,PHI WAS,5,2020,2024
2020,t2-1,HOU,Framber Valdez,72455,RP,26,,4,2.000,yes,1.0,Framber Valdez,CLE COL HOU,7,2020,2026
2020,t2-1,TB,Franchy Cordero,134176,CF,25,,2,1.690,yes,1.1,Franchy Cordero,LAA TB WAS,6,2020,2025
2020,t2-1,SEA,Chris Devenski,481544,RP,29,,2,1.600,no,0.6,Chris Devenski,OAK SEA,4,2018,2021
2020,t2-1,LAA,J. T. Chargois,182071,RP,29,,2,1.600,no,0.7,JT Chargois,CHW DET LAA,5,2019,2023
2020,t2-1,SEA,Shane Greene,369262,RP,31,,2,1.600,no,0.7,Shane Greene,CHW DET PHI SEA TOR,5,2016,2021
2020,t2-2,CIN,Lance Lynn,486838,SP,33,,2,21.700,no,3.0,Lance Lynn,ATL CIN MIN STL TEX WAS,13,2013,2025
2020,t2-2,COL,Adam Eaton,515745,RF,31,,3,10.797,yes,2.6,Adam Eaton,COL DET KC TEX,10,2013,2022
2020,t2-2,CHC,Ryan Yarbrough,278997,RP,28,,3,7.875,yes,1.7,Ryan Yarbrough,CHC MIA,4,2019,2022
2020,t2-2,BOS,Matt Carpenter,179763,3B,34,,2,7.750,yes,2.6,Matt Carpenter,BOS MIN NYM PIT SD,12,2013,2024
2020,t2-2,WAS,Wil Myers,372391,LF,29,,4,6.000,yes,1.5,Wil Myers,CLE COL NYM NYY PIT TB WAS,16,2010,2025
2020,t2-2,TB,Edwin Encarnación,472829,1B,,,2,5.750,yes,,Edwin Encarnacion,BAL CHC COL LAA SD SEA TB WAS,10,2009,2021
2020,t2-2,CIN,Kevin Pillar,79032,CF,31,,3,5.500,no,1.8,Kevin Pillar,CIN DET MIL TOR,8,2016,2024
2020,t2-2,MIN,Mike Yastrzemski,141435,LF,29,,4,5.042,no,2.1,Mike Yastrzemski,DET MIN SF,7,2020,2026
2020,t2-2,KC,Jedd Gyorko,264946,3B,31,,2,4.800,no,1.5,Jedd Gyorko,BOS COL KC TOR WAS,10,2012,2021
2020,t2-2,CHC,Grant Dayton,293054,RP,32,,2,4.250,yes,0.5,Grant Dayton,CHC KC,5,2018,2022
2020,t2-2,SD,Ian Kennedy,402988,RP,35,,2,4.000,no,0.5,Ian Kennedy,COL MIA NYM SD TOR,12,2009,2022
2020,t2-2,TOR,Joely Rodríguez,456667,RP,28,,2,3.750,yes,0.3,Joely Rodriguez,NYY TOR,6,2020,2025
2020,t2-2,CHC,Rafael Montero,358809,RP,29,,3,3.735,no,0.5,Rafael Montero,CHC LAA MIA NYY,13,2013,2025
2020,t2-2,CIN,Yuli Gurriel,345723,1B,36,,2,3.600,no,0.9,Yuli Gurriel,CIN COL NYM,6,2018,2023
2020,t2-2,STL,Daniel Zamora,412588,RP,27,,3,3.400,yes,0.6,Daniel Zamora,STL,4,2020,2023
2020,t2-2,DET,Leury García,468450,CF,29,,3,3.210,yes,0.9,Leury Garcia,DET MIA SD,4,2019,2022
2020,t2-2,BAL,Juan Nicasio,39069,RP,33,,2,3.125,yes,0.4,Juan Nicasio,BAL KC SEA TEX,9,2012,2021
2020,t2-2,STL,Kurt Suzuki,130738,C,36,,2,3.003,no,0.8,Kurt Suzuki,KC LAD PHI SD STL WAS,11,2009,2022
2020,t2-2,LAA,David Freese,153627,3B,37,,2,3.000,no,0.9,David Freese,BOS LAA MIA MIN SEA,10,2011,2021
2020,t2-2,DET,Vince Velasquez,408485,SP,28,,3,2.100,no,1.4,Vince Velasquez,DET KC MIN OAK SEA,10,2015,2025
2020,t2-2,NYM,Logan Morrison,15455,1B,32,,2,2.000,no,1.2,Logan Morrison,BAL CIN LAA LAD MIA NYM,13,2009,2022
2020,t2-2,SD,Hanser Alberto,424168,2B,27,,3,2.000,yes,1.2,Hanser Alberto,ARI SD TEX,5,2019,2023
2020,t2-2,TEX,Tim Hill,119482,RP,30,,3,1.960,yes,0.4,Tim Hill,TEX,3,2020,2022
2020,t2-2,TEX,Matt Beaty,176849,1B,27,,2,1.690,yes,0.6,Matt Beaty,TEX,3,2020,2022
2020,t2-2,TOR,Artie Lewicki,248417,RP,28,,2,1.651,no,0.7,Artie Lewicki,TOR,1,2020,2020
2020,t2-2,TOR,Matt Duffy,119273,3B,29,,2,1.651,no,0.7,Matt Duffy,BOS DET KC MIA MIL PIT TB TOR,8,2016,2023
2020,t2-2,DET,Josh Lindblom,214406,SP,33,,2,1.610,no,1.9,Josh Lindblom,DET LAD MIL PHI TB,10,2010,2023
2020,t2-2,LAA,Shea Spitzbarth,427620,RP,25,,2,1.600,yes,0.6,Shea Spitzbarth,LAA,3,2020,2022
2020,t2-3,BOS,Kole Calhoun,411505,RF,,,2,6.250,yes,,Kole Calhoun,BOS CIN PIT STL TEX,7,2015,2022
2020,t2-3,NYM,Asdrúbal Cabrera,309149,3B,34,,2,5.000,no,1.6,Asdrubal Cabrera,ATL COL DET NYM PIT,12,2009,2022
2020,t2-3,NYY,Joakim Soria,290943,RP,36,,2,5.000,yes,0.6,Joakim Soria,BOS KC MIA NYY SD SF,12,2009,2022
2020,t2-3,NYY,Brad Brach,207113,RP,34,,2,4.001,yes,0.6,Brad Brach,NYM NYY PHI SEA,8,2014,2022
2020,t2-3,BOS,Félix Hernández,167014,P,,,2,3.895,yes,,Felix Hernandez,BOS CHC CHW NYY PIT,12,2009,2021
2020,t2-3,NYY,Adam Wainwright,205093,SP,38,,2,3.555,yes,1.7,Adam Wainwright,CLE NYM NYY STL,14,2009,2023
2020,t2-3,MIN,Yusei Kikuchi,66086,SP,29,,3,3.500,yes,1.3,Yusei Kikuchi,ATL MIN STL,7,2020,2026
2020,t2-3,KC,Robinson Chirinos,482309,C,36,,2,3.005,no,1.5,Robinson Chirinos,ARI COL KC TEX,9,2012,2022
2020,t2-3,CHC,Deolis Guerra,346997,RP,31,,2,2.900,yes,0.6,Deolis Guerra,CHC LAA SF,8,2009,2021
2020,t2-3,HOU,Manny Piña,491390,C,33,,2,2.800,no,0.9,Manny Pina,HOU PHI SF TB,6,2019,2024
2020,t2-3,TEX,David Freitas,60672,C,31,,2,2.660,no,0.8,David Freitas,CHC TEX,6,2017,2023
2020,t2-3,KC,Tyler Duffey,211002,RP,29,,2,2.650,yes,0.6,Tyler Duffey,KC,3,2020,2022
2020,t2-3,LAD,Jason Castro,318003,C,33,,2,2.278,no,1.0,Jason Castro,COL LAD MIL MIN STL TB,15,2009,2023
2020,t2-3,STL,Eric Sogard,406271,3B,34,,2,2.020,no,1.0,Eric Sogard,MIA NYM STL,5,2013,2021
2020,t2-3,BAL,Kyle Keller,312370,RP,27,,3,2.000,yes,0.5,Kyle Keller,BAL,2,2020,2021
2020,t2-3,TOR,José Osuna,166473,3B,27,0.1,2,1.975,yes,0.7,Jose Osuna,TOR,2,2019,2020
2020,t2-3,TOR,Jeff Brigham,258664,RP,28,,2,1.975,yes,0.6,Jeff Brigham,TOR,3,2020,2022
2020,t2-3,TEX,Nick Vincent,58298,RP,33,,2,1.620,no,0.4,Nick Vincent,CLE TEX,7,2014,2021
2020,t2-4,TB,Stephen Piscotty,482510,RF,29,,2,4.420,yes,1.7,Stephen Piscotty,BAL LAD SD TB,9,2013,2021
2020,t2-4,PIT,Yusmeiro Petit,440157,RP,35,,2,3.250,yes,0.8,Yusmeiro Petit,LAA OAK PIT SF TB,9,2009,2022
2020,t2-4,MIN,Colten Brewer,441336,RP,27,,3,3.100,yes,0.5,Colten Brewer,KC MIN,5,2019,2023
2020,t2-4,MIN,Wander Suero,504444,RP,28,,3,3.100,yes,0.6,Wander Suero,MIN,4,2020,2023
2020,t2-4,MIL,Brett Gardner,491607,CF,36,,2,3.050,no,1.7,Brett Gardner,ARI BAL COL MIL PHI SD TB,12,2009,2021
2020,t2-4,MIN,Andrew Triggs,122861,SP,31,,2,2.242,no,1.7,Andrew Triggs,MIN TEX,4,2018,2021
2020,t2-4,TEX,Edgar Santana,266905,RP,28,,3,1.920,yes,0.2,Edgar Santana,PIT TEX,3,2020,2022
2020,t2-4,DET,Yangervis Solarte,436385,2B,32,,2,1.610,no,0.6,Yangervis Solarte,BOS CHC DET TEX,6,2015,2021
2020,t2-4,MIL,Travis Radke,482251,RP,27,,2,1.600,yes,0.5,Travis Radke,MIL,2,2020,2021
2020,t2-4,NYY,Dustin Garneau,249144,C,32,,2,1.600,yes,0.5,Dustin Garneau,MIL NYY,4,2017,2022
2020,t2-4,MIL,Welington Castillo,399810,C,33,,2,1.600,no,0.4,Welington Castillo,CIN LAA MIL,8,2013,2021
2020,t2-4,NYY,Michael Wacha,435306,SP,28,,2,1.600,yes,1.6,Michael Wacha,BOS CLE LAD MIN NYY WAS,15,2012,2026
2020,t2-5,TEX,James Hoyt,269837,RP,33,0.1,2,2.960,no,0.5,James Hoyt,TEX,5,2017,2021
2020,t2-5,MIN,Tanner Scott,339235,RP,25,,3,2.600,yes,0.8,Tanner Scott,CHC MIN PHI,7,2020,2026
2020,t2-5,KC,Brandon Kintzler,34588,RP,35,,2,2.375,no,0.6,Brandon Kintzler,HOU KC PIT,5,2013,2021
2020,t2-5,CHC,Mike Leake,306094,SP,32,,2,2.300,no,1.4,Mike Leake,ARI CHC COL TOR,11,2010,2021
2020,t2-5,ARI,Taylor Guilbeau,84027,RP,27,,2,2.050,yes,0.7,Taylor Guilbeau,ARI,2,2020,2021
2020,t2-5,TEX,Stefan Crichton,286556,RP,28,,2,1.920,yes,0.4,Stefan Crichton,TEX,3,2020,2022
2020,t2-5,NYY,Tyler Clippard,387068,RP,35,,2,1.605,yes,0.2,Tyler Clippard,NYY SEA,12,2009,2022
2020,t2-5,BAL,Garrett Stubbs,261161,C,27,,2,1.600,yes,0.9,Garrett Stubbs,BAL,4,2020,2024
2020,t2-5,MIN,Matt Reynolds,183246,SS,29,,2,1.600,no,1.1,Matt Reynolds,CHC MIN TOR,4,2019,2022
2020,t3-1,CHC,Robinson Canó,351774,2B,37,,1,4.400,yes,1.0,Robinson Cano,CHC CHW CIN NYM NYY SD SEA,13,2009,2022
2020,t3-1,BAL,Jay Jackson,25127,RP,32,,1,3.000,no,0.7,Jay Jackson,ATL BAL CIN COL MIA NYM PHI WAS,15,2010,2025
2020,t3-1,TOR,Ehire Adrianza,316268,SS,30,0.1,1,2.450,yes,0.4,Ehire Adrianza,CHW MIL PHI TOR,5,2019,2024
2020,t3-1,BAL,Greg Garcia,11449,2B,30,,1,2.450,yes,0.9,Greg Garcia,BAL CIN,5,2017,2021
2020,t3-1,CHC,Rafael Dolis,261042,RP,32,,2,2.000,yes,0.5,Rafael Dolis,CHC,3,2020,2022
2020,t3-1,CHC,Ryan Weber,107327,RP,29,,2,1.750,yes,0.9,Ryan Weber,CHC,2,2020,2021
2020,t3-1,NYM,Vimael Machín,33427,SS,26,,2,1.610,yes,0.9,Vimael Machin,NYM,2,2020,2021
2020,t3-1,LAA,Mark Payton,208558,LF,28,,1,1.250,yes,0.9,Mark Payton,LAA LAD MIL,4,2020,2023
2020,t3-1,TB,Drew Steckenrider,458424,RP,29,,1,1.101,yes,0.5,Drew Steckenrider,CHC KC NYM SEA TB,3,2019,2021
2020,t3-1,TB,Stephen Vogt,212824,C,35,,1,1.101,yes,0.5,Stephen Vogt,ATL KC LAA LAD PIT TB,7,2013,2021
2020,t3-1,SD,Caleb Joseph,330581,C,34,,1,1.100,no,-0.2,Caleb Joseph,LAA SD WAS,3,2016,2020
2020,t3-1,SD,Hunter Pence,202980,DH,,,1,1.100,no,,Hunter Pence,CIN SD SEA TOR WAS,10,2009,2020
2020,t3-2,TB,Hansel Robles,302321,RP,29,,2,3.908,yes,0.7,Hansel Robles,CIN DET MIL TB WAS,6,2017,2022
2020,t3-2,ARI,Roberto Pérez,277754,C,31,,3,2.050,yes,1.8,Roberto Perez,ARI DET MIN TB,7,2017,2023
2020,t3-2,CHC,Danny Coulombe,405466,RP,30,,1,2.000,yes,0.3,Daniel Coulombe,CHC KC PHI PIT SD,8,2019,2026
2020,t3-2,CHC,Danny Mendick,172704,2B,26,,2,2.000,yes,1.3,Danny Mendick,CHC,3,2020,2022
2020,t3-2,STL,Scott Barlow,317768,RP,27,,2,1.710,yes,0.4,Scott Barlow,CHC STL,6,2020,2025
2020,t3-2,BOS,Jeff Samardzija,190129,SP,35,,1,1.357,no,1.6,Jeff Samardzija,BOS CIN PIT TOR,12,2010,2021
2020,t3-2,KC,Garrett Cooper,191023,1B,29,,1,1.201,yes,0.7,Garrett Cooper,KC LAD MIA PHI,5,2020,2024
2020,t3-2,MIN,Tim Locastro,4796,CF,27,,1,1.142,yes,1.3,Tim Locastro,MIN STL,4,2019,2022
2020,t3-2,BOS,Jonny Venters,426258,RP,35,,1,1.102,no,0.0,Jonny Venters,ATL BOS HOU KC,7,2012,2021
2020,t3-2,BOS,Rusney Castillo,339233,RF,32,,1,1.102,no,0.3,Rusney Castillo,BAL BOS MIL,6,2016,2021
2020,t3-2,HOU,Tyler Olson,147358,RP,30,,1,1.100,no,0.3,Tyler Olson,HOU TEX,3,2019,2021
2020,t3-3,BAL,Anthony Santander,69534,RF,25,,2,2.600,no,0.3,Anthony Santander,BAL DET MIL,7,2020,2026
2020,t3-3,LAA,Buck Farmer,398957,RP,29,,2,2.500,no,0.3,Buck Farmer,KC LAA,6,2015,2021
2020,t3-3,TOR,Joey Wendle,210295,2B,30,,1,2.250,yes,1.6,Joey Wendle,DET PIT TOR,6,2018,2023
2020,t3-3,MIN,Yonder Alonso,446343,1B,33,,1,2.242,no,0.6,Yonder Alonso,COL MIN TB WAS,12,2009,2020
2020,t3-3,TOR,Alex Young,488251,SP,26,,3,1.901,yes,0.9,Alex Young,TOR,4,2020,2023
2020,t3-3,BAL,Miguel Aguilar,143427,RP,28,,2,1.850,yes,0.3,Miguel Aguilar,BAL,2,2020,2021
2020,t3-3,BAL,Shin-Soo Choo,134885,DH,37,,1,1.500,yes,1.2,Shin-Soo Choo,ARI BAL CHC LAA SEA,10,2009,2021
2020,t3-3,MIN,Tyler Alexander,314655,SP,25,,1,1.142,no,0.4,Tyler Alexander,MIN SD,6,2020,2025
2020,t3-3,MIN,Tyler Heineman,416972,C,29,,1,1.142,no,1.1,Tyler Heineman,CLE MIA MIL MIN,5,2020,2026
2020,t3-3,TOR,Noé Ramirez,349599,P,,,1,1.111,yes,,Noe Ramirez,TOR,2,2020,2021
2020,t3-3,ATL,Héctor Velázquez,225018,RP,31,,1,1.100,no,0.5,Hector Velazquez,ATL STL,2,2019,2020
2020,t3-3,SD,Wade LeBlanc,152622,RP,35,,1,1.100,no,0.4,Wade LeBlanc,CHW CIN MIA SD,9,2009,2020
2020,t3-3,TB,Rubby De La Rosa,29349,RP,31,,1,1.100,yes,0.2,Rubby De La Rosa,ATL MIL TB TEX,9,2012,2020
2020,t3-4,CLE,Trevor Richards,60445,SP,27,,2,1.700,no,1.5,Trevor Richards,CLE MIN,6,2020,2026
2020,t3-4,CHC,Adam Morgan,123657,RP,30,,1,1.500,yes,0.3,Adam Morgan,CHC,2,2020,2021
2020,t3-4,KC,Brian McCann,77115,C,36,,1,1.100,no,0.6,Brian McCann,BAL BOS CHW KC PHI TOR,10,2009,2020
2020,t4-1,ARI,Derek Dietrich,214707,2B,,0.1,2,2.750,yes,,Derek Dietrich,ARI BAL TEX,9,2014,2022
2020,t4-1,ARI,Jake Arrieta,301794,SP,34,,1,1.500,yes,1.8,Jake Arrieta,ARI CLE OAK WAS,13,2009,2021
2020,t4-1,BAL,Kyle Higashioka,59600,C,30,,1,1.100,no,0.7,Kyle Higashioka,BAL SD SEA SF TEX,9,2018,2026
2020,t4-1,CLE,Kevan Smith,370191,C,32,,1,1.100,no,0.4,Kevan Smith,CHW CLE KC,3,2019,2021
2020,t4-1,CLE,Rafael Ortega,457119,CF,29,,1,1.100,no,0.6,Rafael Ortega,CLE NYY PIT TEX,4,2019,2023
2020,t4-1,CLE,Steven Okert,304213,RP,28,,1,1.100,no,0.4,Steven Okert,CLE KC MIA NYY PIT TOR,8,2018,2026
2020,t4-1,CHW,Jabari Blash,34464,OF,,,1,0.000,MLI,,Jabari Blash,CHW,4,2017,2020
2020,t4-1,CHW,Steven Souza,214217,RF,31,,1,0.000,MLI,1.0,Steven Souza,BOS CHW CIN,6,2015,2020
2020,t4-1,KC,Nick Martini,429276,LF,30,,1,0.000,MLI,0.7,Nick Martini,DET KC,3,2019,2021
2020,t4-1,MIN,Jesse Chavez,4026,RP,36,,1,0.000,MLI,0.6,Jesse Chavez,ATL COL MIA MIN SD TB,7,2016,2023
2020,t4-1,MIN,Ryne Harper,233807,RP,31,,1,0.000,MLI,0.3,Ryne Harper,MIN TOR,2,2020,2021
2020,t4-1,MIN,Yonathan Daza,186205,CF,26,,1,0.000,MLI,0.7,Yonathan Daza,BAL KC MIN TOR,5,2019,2024
2020,t4-2,CHC,David Phelps,119807,P,,,1,2.204,yes,,David Phelps,CHC LAA LAD PHI TB,12,2011,2023
2020,t4-2,OAK,Dan Otero,5529,P,,,1,1.750,yes,,Dan Otero,COL MIN OAK STL,7,2013,2021
2020,t4-2,OAK,Luis Perdomo,213133,RP,27,,1,1.150,yes,0.6,Luis Perdomo,MIL OAK,4,2020,2023
2020,t4-2,OAK,Tony Kemp,211970,2B,28,,1,1.150,yes,0.7,Tony Kemp,CIN OAK SF WAS,9,2015,2023
2020,t4-2,COL,Anthony Swarzak,501742,RP,34,,1,0.000,MLI,0.1,Anthony Swarzak,BOS CLE COL NYM SEA,10,2009,2020
2020,t4-2,HOU,Rob Brantly,388551,C,30,,1,0.000,MLI,0.4,Rob Brantly,CHW HOU MIL NYY TOR,5,2013,2020
2020,t4-2,MIL,Stephen Tarpley,453341,RP,27,,1,0.000,MLI,0.5,Stephen Tarpley,MIA MIL,2,2019,2020
2020,t4-2,COL,Luke Maile,370660,C,29,,1,0.000,MLI,0.0,Luke Maile,COL PHI,3,2020,2025
2020,t4-2,TB,Luis Avilán,403608,RP,30,,1,0.000,MLI,0.4,Luis Avilan,LAD TB,4,2019,2022
2020,t4-3,MIA,Justin Bour,349964,1B,32,,1,3.500,no,0.8,Justin Bour,KC MIA MIL PHI,4,2017,2020
2020,t4-3,MIA,Dixon Machado,50418,SS,28,,1,1.500,no,0.8,Dixon Machado,CIN MIA,3,2020,2024
2020,t4-3,MIA,Dylan Floro,324205,RP,29,,1,1.500,no,0.3,Dylan Floro,LAD MIA OAK,7,2020,2026
2020,t4-3,OAK,Marcus Walden,194792,RP,31,,1,1.350,yes,0.4,Marcus Walden,OAK,2,2020,2021
2020,t4-3,CLE,Adam Jones,216398,RF,34,,1,1.100,no,-0.1,Adam Jones,BOS CLE COL LAA PHI SEA,11,2009,2020
2020,t4-3,CLE,Ben Zobrist,111506,2B,39,,1,1.100,no,0.2,Ben Zobrist,CIN CLE NYM NYY SD SF,8,2010,2020
2020,t4-3,CLE,Hernán Pérez,27978,2B,29,,1,1.100,no,0.8,Hernan Perez,ARI ATL CLE DET PHI,6,2018,2025
2020,t4-3,KC,Ramón Urías,470469,2B,26,,1,1.100,yes,1.1,Ramon Urias,KC SD STL,7,2020,2026
2020,t4-3,SD,Matt Wieters,154974,C,34,,1,1.100,no,0.5,Matt Wieters,CLE KC MIN SD,12,2009,2021
2020,t4-3,SD,Wei-Yin Chen,149987,P,,,1,0.000,MLI,,Wei-Yin Chen,ARI CHC MIA SD,6,2014,2020
2020,t4-4,OAK,Jarrod Dyson,343860,CF,35,,1,1.250,yes,1.0,Jarrod Dyson,LAA NYY OAK,5,2016,2021
2020,t4-4,MIN,Matt Bush,312990,RP,34,,1,1.142,no,0.2,Matt Bush,CIN LAD MIN SEA SF TB WAS,12,2009,2024
2020,t4-4,MIN,Casey Sadler,325,RP,29,,1,1.142,no,0.6,Casey Sadler,CHW MIN,3,2020,2023
2020,t4-4,KC,Tyler Rogers,99868,RP,29,,1,0.000,MLI,0.6,Tyler Rogers,CHW KC NYY TOR WAS,7,2020,2026
2020,t4-4,NYY,Kendrys Morales,491965,DH,37,,1,0.000,MLI,0.1,Kendrys Morales,BAL CHW CLE HOU NYY,10,2009,2020
2020,t4-4,NYY,Alcides Escobar,422977,SS,33,,1,0.000,MLI,-0.8,Alcides Escobar,CHW MIA NYY SEA TB,14,2009,2023
2019,t1-1,MIA,Mike Trout,490973,CF,28,,7,55.000,yes,8.3,Mike Trout,DET MIA MIN SD SEA WAS,16,2011,2026
2019,t1-1,CIN,Shohei Ohtani,79063,SP,25,,7,48.200,no,6.3,Shohei Ohtani,CIN LAA,8,2019,2026
2019,t1-1,CHC,Giancarlo Stanton,274116,RF,30,,5,38.000,no,4.6,Giancarlo Stanton,ATL BOS CHC CLE COL KC NYY SEA,17,2010,2026
2019,t1-1,CIN,Paul Goldschmidt,216101,1B,32,,3,24.000,no,4.4,Paul Goldschmidt,CIN COL LAA MIN OAK PIT WAS,14,2012,2026
2019,t1-1,ATL,Craig Kimbrel,271387,RP,31,,4,15.000,no,1.4,Craig Kimbrel,ATL CIN DET NYM SD SF WAS,16,2011,2026
2019,t1-2,MIA,Chris Sale,384431,SP,30,,5,45.500,yes,6.0,Chris Sale,MIA MIL NYY SD TB TOR WAS,16,2011,2026
2019,t1-2,ATL,Freddie Freeman,89708,1B,30,,5,36.000,no,4.9,Freddie Freeman,ATL CHC COL NYM,17,2010,2026
2019,t1-2,SF,Zack Greinke,468867,SP,36,,4,34.500,no,2.4,Zack Greinke,CIN PIT SEA SF TOR,15,2009,2024
2019,t1-2,BOS,Lorenzo Cain,430259,CF,33,,3,28.000,no,3.8,Lorenzo Cain,ATL BOS CHW KC PHI SD SEA,14,2011,2024
2019,t1-2,SEA,José Abreu,297967,1B,32,,3,22.500,no,1.7,Jose Abreu,ARI CHC MIA NYY PHI PIT SEA,11,2016,2026
2019,t2-1,CHC,Charlie Blackmon,36615,LF,33,0.05,3,25.500,no,3.0,Charlie Blackmon,CHC MIA PIT SEA WAS,14,2012,2025
2019,t2-1,PHI,Cole Hamels,69071,SP,36,,2,25.000,no,2.1,Cole Hamels,BAL BOS COL MIL PHI SD TEX,13,2009,2022
2019,t2-1,CIN,Ryan Braun,280760,LF,36,,2,19.000,no,1.5,Ryan Braun,ATL CIN COL PIT,12,2009,2021
2019,t2-1,COL,Andrew McCutchen,491921,RF,33,,2,18.766,yes,2.7,Andrew McCutchen,CHC COL SD SEA SF TB,18,2009,2026
2019,t2-1,MIN,Rich Hill,291654,SP,39,,2,18.000,no,2.1,Rich Hill,ATL MIN TB TEX TOR WAS,9,2009,2021
2019,t2-1,CHC,Max Muncy,205504,1B,29,,4,17.000,no,2.1,Max Muncy,CHC CHW KC MIA MIL MIN SD,13,2014,2026
2019,t2-1,LAD,Travis Shaw,430124,3B,29,,4,16.880,no,3.2,Travis Shaw,BOS LAD,6,2017,2022
2019,t2-1,SEA,Yoenis Céspedes,358587,LF,34,,2,16.500,yes,2.3,Yoenis Cespedes,ATL MIL SD SEA,8,2014,2021
2019,t2-1,NYM,Kenley Jansen,405653,RP,32,0.1,3,15.000,no,0.9,Kenley Jansen,ATL CIN CLE MIA NYM TB TEX WAS,15,2012,2026
2019,t2-1,BAL,Eric Thames,341538,1B,33,,3,15.000,yes,1.2,Eric Thames,BAL BOS,7,2012,2021
2019,t2-1,TOR,Jean Segura,403040,SS,29,,4,14.000,no,2.5,Jean Segura,BOS LAA PIT SD TB TOR,13,2012,2024
2019,t2-1,SD,Salvador Pérez,368167,C,29,,4,13.000,no,2.6,Salvador Perez,COL NYY PIT SD TB TEX TOR,14,2013,2026
2019,t2-1,DET,Kyle Seager,214226,3B,32,,3,12.750,yes,2.4,Kyle Seager,DET NYM OAK PHI PIT,10,2013,2022
2019,t2-1,SF,DJ LeMahieu,15209,2B,31,,2,12.500,yes,2.2,DJ LeMahieu,ATL DET PHI SF TEX TOR WAS,11,2015,2025
2019,t2-1,DET,Matt Kemp,254997,LF,35,,2,12.000,no,0.1,Matt Kemp,BAL BOS COL DET MIN PHI SEA WAS,12,2009,2021
2019,t2-1,CLE,Wilson Ramos,3796,C,32,,3,12.000,yes,1.7,Wilson Ramos,ATL BAL CLE COL NYM,14,2010,2023
2019,t2-1,TOR,Jeff McNeil,321582,2B,27,0.05,2,11.000,no,2.8,Jeff McNeil,ARI CLE KC MIL SD TOR,8,2019,2026
2019,t2-1,BOS,Julio Teherán,158665,SP,28,,5,11.000,no,0.2,Julio Teheran,BOS PIT SEA,13,2011,2023
2019,t2-1,TB,Jed Lowrie,8575,2B,35,,2,9.500,yes,2.3,Jed Lowrie,CIN COL KC LAA NYM TB TOR,12,2009,2022
2019,t2-1,WAS,José Leclerc,273955,RP,26,,3,8.750,yes,1.1,Jose Leclerc,DET OAK SEA WAS,8,2019,2026
2019,t2-1,MIL,Dereck Rodríguez,508048,SP,27,,4,7.501,yes,1.5,Dereck Rodriguez,MIL,3,2019,2021
2019,t2-1,TB,Jason Heyward,222496,RF,30,0.1,2,7.500,yes,1.9,Jason Heyward,ATL SD TB TEX,16,2009,2024
2019,t2-1,CIN,Will Harris,364606,RP,35,,2,7.250,no,0.9,Will Harris,CIN MIL NYM TB,8,2016,2023
2019,t2-1,CHW,Russell Martin,251570,C,36,,2,7.055,no,1.5,Russell Martin,BOS CHW MIA NYM OAK SD SEA TB,10,2009,2020
2019,t2-1,STL,Zack Cozart,181895,3B,34,,2,7.000,no,1.5,Zack Cozart,CHC MIN STL,11,2010,2020
2019,t2-1,CIN,Joe Smith,219217,RP,35,,2,6.250,no,0.5,Joe Smith,BOS CIN COL NYM PIT SD TB,13,2009,2022
2019,t2-1,CLE,Ryan Zimmerman,378745,1B,35,,2,6.000,yes,0.8,Ryan Zimmerman,ATL BAL BOS CLE SD,12,2009,2021
2019,t2-1,WAS,Xavier Cedeño,221334,RP,33,,2,5.750,no,0.8,Xavier Cedeno,BAL WAS,4,2016,2020
2019,t2-1,TB,Lou Trivino,410563,RP,28,,3,5.750,yes,0.7,Lou Trivino,PIT TB,4,2019,2022
2019,t2-1,CIN,Chris Martin,426204,RP,33,,2,5.750,no,0.7,Chris Martin,CIN NYM SEA STL TB,8,2019,2026
2019,t2-1,TB,Francisco Cervelli,490331,C,33,,2,5.500,yes,1.6,Francisco Cervelli,ARI ATL CLE COL MIN TB,8,2013,2021
2019,t2-1,HOU,Ty Buttrey,503292,RP,26,,5,5.500,yes,0.5,Ty Buttrey,HOU,6,2019,2024
2019,t2-1,ARI,Merrill Kelly,504636,SP,31,,2,5.250,yes,1.4,Merrill Kelly,ARI ATL CIN CLE COL,8,2019,2026
2019,t2-1,DET,Ian Desmond,414064,CF,34,,2,5.150,no,0.2,Ian Desmond,ARI DET MIA SD SEA,10,2011,2020
2019,t2-1,STL,Starlin Castro,221904,2B,29,,3,5.000,yes,1.6,Starlin Castro,BAL CLE HOU SD STL TEX,12,2011,2022
2019,t2-1,PHI,César Hernández,172312,2B,29,,3,5.000,no,2.2,Cesar Hernandez,BOS HOU PHI TEX,8,2017,2024
2019,t2-1,NYY,Drew VerHagen,428967,SP,29,,4,4.500,yes,1.9,Drew VerHagen,NYY WAS,4,2019,2022
2019,t2-1,CHW,Richard Rodríguez,164936,RP,29,,3,4.155,no,0.8,Richard Rodriguez,ARI CHW MIL,4,2019,2022
2019,t2-1,NYY,Miguel Rojas,101343,SS,30,,2,4.000,yes,1.8,Miguel Rojas,ATL CHW NYY TB,11,2016,2026
2019,t2-1,WAS,Jared Hughes,440582,RP,34,,2,4.000,yes,0.4,Jared Hughes,PHI TEX WAS,7,2014,2021
2019,t2-1,SD,Nick Markakis,443170,RF,36,,2,4.000,no,1.0,Nick Markakis,ATL BAL MIL NYM SD WAS,11,2009,2020
2019,t2-1,NYY,Paul Fry,354491,RP,27,,3,4.000,yes,0.5,Paul Fry,NYY,4,2019,2022
2019,t2-1,SEA,Jason Kipnis,454712,2B,32,,2,3.750,yes,2.0,Jason Kipnis,BOS MIL PIT SEA TB,11,2011,2021
2019,t2-1,TOR,Jonathan Holder,148315,RP,26,,5,3.111,no,0.7,Jonathan Holder,TOR WAS,3,2019,2021
2019,t2-1,BOS,Seth Lugo,52730,SP,30,,2,3.000,no,1.2,Seth Lugo,BOS CHW SEA STL,8,2019,2026
2019,t2-1,LAD,Ildemaro Vargas,132142,SS,28,,3,2.960,no,1.6,Ildemaro Vargas,ATL LAD MIN,6,2018,2024
2019,t2-1,SF,Austin Davis,425001,RP,26,,3,2.800,yes,0.7,Austin Davis,SF WAS,4,2019,2022
2019,t2-1,HOU,Jace Fry,91112,RP,26,,6,2.700,yes,1.0,Jace Fry,HOU TEX,8,2019,2026
2019,t2-1,MIN,Brock Stassi,61426,1B,30,,2,2.500,yes,0.7,Brock Stassi,MIN,1,2019,2019
2019,t2-1,HOU,Joshua Fuentes,37506,3B,26,,5,2.400,yes,1.1,Josh Fuentes,HOU,4,2019,2022
2019,t2-1,PIT,Brent Suter,97642,SP,30,,2,2.260,no,2.0,Brent Suter,ARI MIA MIL PIT TB,6,2018,2023
2019,t2-1,CHW,Pablo Reyes,171287,LF,26,,4,2.105,yes,0.7,Pablo Reyes,CHW KC WAS,5,2019,2024
2019,t2-2,PHI,David Peralta,416111,LF,32,,3,22.000,no,2.1,David Peralta,BOS LAD MIL PHI SD SEA,10,2016,2025
2019,t2-2,LAD,Whit Merrifield,396049,2B,30,,4,16.440,no,3.4,Whit Merrifield,BAL CLE LAD SEA,8,2017,2024
2019,t2-2,TB,Aroldis Chapman,467995,RP,31,0.1,3,12.222,yes,1.5,Aroldis Chapman,BAL CHC COL PIT SD TB TOR,15,2012,2026
2019,t2-2,OAK,Kolten Wong,143257,2B,29,,3,11.500,no,2.1,Kolten Wong,BAL MIN OAK PHI TEX,14,2012,2025
2019,t2-2,OAK,José Martínez,41299,RF,31,,2,9.500,no,2.0,Jose A. Martinez,MIN OAK,4,2017,2020
2019,t2-2,COL,Jhoulys Chacín,303401,SP,31,,3,8.976,no,1.2,Jhoulys Chacin,CLE COL DET KC,12,2009,2021
2019,t2-2,STL,Aníbal Sánchez,416110,SP,35,,2,8.000,no,0.9,Anibal Sanchez,BOS MIA NYM OAK STL,11,2009,2020
2019,t2-2,STL,Seunghwan Oh,300911,RP,37,,2,8.000,no,0.4,Seung-Hwan Oh,COL STL,3,2018,2020
2019,t2-2,COL,Lonnie Chisenhall,69523,RF,31,,2,7.400,no,0.9,Lonnie Chisenhall,CLE COL MIL NYM PHI TB TOR,11,2010,2020
2019,t2-2,WAS,CC Sabathia,145079,SP,39,,2,6.000,no,1.4,C.C. Sabathia,BAL CLE HOU WAS,10,2009,2020
2019,t2-2,STL,Wade Miley,80738,SP,33,,2,5.000,no,1.1,Wade Miley,ATL HOU PHI SD STL TEX,12,2013,2025
2019,t2-2,CIN,Adam Ottavino,49609,RP,34,,2,5.000,no,0.7,Adam Ottavino,ARI CIN LAA PHI TB,12,2014,2026
2019,t2-2,OAK,Trevor Rosenthal,428474,RP,29,,3,4.500,yes,0.9,Trevor Rosenthal,OAK TEX,10,2013,2022
2019,t2-2,COL,Tony Watson,471259,RP,34,0.1,3,4.177,no,0.7,Tony Watson,COL OAK,9,2014,2023
2019,t2-2,PHI,Justin Wilson,437635,RP,32,,2,4.000,no,0.9,Justin Wilson,COL OAK PHI SEA SF TEX,8,2015,2026
2019,t2-2,MIL,Aaron Loup,464518,RP,32,,2,3.002,yes,0.8,Aaron Loup,MIL STL,8,2015,2023
2019,t2-2,WAS,Ryan Brasier,454962,RP,32,,4,3.000,no,0.5,Ryan Brasier,MIL OAK PHI WAS,7,2019,2026
2019,t2-2,MIA,Troy Tulowitzki,125412,SS,35,,2,3.000,yes,0.5,Troy Tulowitzki,ARI MIA TEX TOR,11,2009,2020
2019,t2-2,DET,John Brebbia,182718,RP,29,,3,2.850,yes,0.6,John Brebbia,CIN DET KC TEX,7,2019,2025
2019,t2-2,CHW,Shawn Armstrong,97185,RP,29,,2,2.555,yes,0.8,Shawn Armstrong,ATL CHW PHI PIT TB,9,2017,2026
2019,t2-2,HOU,Kevin Cron,451498,1B,26,,5,2.400,yes,0.4,Kevin Cron,CLE HOU,5,2019,2024
2019,t2-2,ARI,Craig Stammen,497790,RP,35,,3,2.250,yes,0.6,Craig Stammen,ARI CHC COL,8,2012,2022
2019,t2-2,PHI,Juan Minaya,103813,RP,29,,3,2.000,no,0.4,Juan Minaya,MIN PHI,3,2019,2021
2019,t2-3,BOS,Dee Strange-Gordon,226963,2B,31,,2,8.250,no,1.2,Dee Gordon,BOS CHC CLE MIL OAK,11,2010,2020
2019,t2-3,ARI,Rick Porcello,76534,SP,31,,3,7.650,yes,2.0,Rick Porcello,ARI BAL CIN COL HOU TEX WAS,13,2009,2022
2019,t2-3,PHI,Darren O'Day,136858,RP,37,,2,7.000,no,0.9,Darren O'Day,ATL CHC DET MIL MIN PHI,10,2011,2022
2019,t2-3,TOR,Eduardo Núñez,419732,3B,32,,2,5.500,no,1.1,Eduardo Nunez,NYM STL TOR WAS,4,2014,2019
2019,t2-3,TOR,J. B. Wendelken,387633,RP,26,,2,5.300,yes,0.5,J.B. Wendelken,LAA TB,4,2021,2024
2019,t2-3,STL,Danny Santana,239683,CF,29,,2,5.000,no,0.3,Danny Santana,MIA NYM STL,10,2015,2024
2019,t2-3,STL,Freddy Galvis,95119,2B,30,,2,5.000,no,,Freddy Galvis,KC LAA MIN STL,10,2013,2022
2019,t2-3,CHW,Óliver Pérez,91492,RP,38,,2,4.000,no,0.8,Oliver Perez,CHW CLE COL LAD NYM NYY,9,2009,2022
2019,t2-3,TB,Caleb Smith,223429,SP,28,,3,3.666,yes,1.2,Caleb Smith,TB,4,2019,2022
2019,t2-3,MIN,Ben Gamel,98838,LF,27,,2,3.500,no,0.9,Ben Gamel,ATL MIN NYM,6,2019,2024
2019,t2-3,COL,Leonys Martín,419486,CF,31,,2,3.279,yes,1.5,Leonys Martin,ARI CIN COL MIL,9,2013,2021
2019,t2-3,LAD,Pedro Báez,294411,RP,31,,3,3.000,no,0.4,Pedro Baez,LAD WAS,5,2017,2021
2019,t2-3,SEA,Drew Smyly,283548,SP,30,,3,2.750,yes,0.7,Drew Smyly,CIN MIL SEA,9,2013,2021
2019,t2-3,TB,Ray Black,489770,RP,29,,2,2.500,yes,0.6,Ray Black,CIN TB,3,2019,2021
2019,t2-3,TOR,Adam Kolarek,394529,RP,30,,2,1.995,no,0.5,Adam Kolarek,CHW LAA PIT TEX TOR,4,2019,2022
2019,t2-3,MIL,Christian Lopes,214922,2B,27,,3,1.803,yes,0.8,Christian Lopes,MIA MIL SEA,3,2019,2021
2019,t2-3,ARI,Jesús Sucre,69526,C,31,,2,1.501,yes,,Jesus Sucre,ARI,2,2019,2020
2019,t2-3,KC,Luke Gregerson,399291,RP,35,,2,1.500,no,0.6,Luke Gregerson,ATL BOS KC MIA TEX,9,2011,2020
2019,t2-4,CHW,Carlos Santana,207121,1B,33,0.1,2,5.420,yes,,Carlos Santana,CHW LAA NYY PHI SEA,16,2010,2026
2019,t2-4,MIL,David Bote,8621,3B,26,,4,4.250,yes,1.4,David Bote,LAD MIL,4,2019,2022
2019,t2-4,TOR,Esteban Quiroz,307103,2B,27,,2,3.750,no,1.2,Esteban Quiroz,ARI TOR,2,2019,2023
2019,t2-4,TEX,Daniel Ponce de Leon,424056,SP,27,,3,3.150,yes,1.5,Daniel Poncedeleon,HOU TEX,3,2019,2021
2019,t2-4,CLE,Keon Broxton,340693,CF,29,,2,3.000,yes,0.9,Keon Broxton,CLE DET,5,2017,2021
2019,t2-4,LAD,Aaron Bummer,259095,RP,26,,2,2.645,no,0.3,Aaron Bummer,LAD SF,8,2019,2026
2019,t2-4,KC,Erik Swanson,350294,SP,26,,3,2.100,yes,1.1,Erik Swanson,KC LAD,7,2019,2025
2019,t2-4,LAD,Tony Sipp,2018,RP,36,,2,2.000,no,0.3,Tony Sipp,DET LAD,10,2009,2020
2019,t2-4,PHI,Aramis Garcia,416912,C,26,,2,1.500,yes,0.4,Aramis Garcia,CHC PHI,4,2019,2022
2019,t2-5,CLE,JT Riddle,135467,SS,28,,3,2.510,yes,1.3,JT Riddle,CLE,2,2019,2020
2019,t2-5,KC,Drew Pomeranz,151483,SP,31,,2,2.250,yes,1.0,Drew Pomeranz,CHW KC MIA NYM PHI PIT SEA STL,14,2011,2026
2019,t2-5,SEA,Dexter Fowler,40590,RF,33,,2,2.000,no,1.1,Dexter Fowler,ARI CLE HOU LAA SD SEA STL TOR,12,2009,2021
2019,t2-5,MIL,Brett Anderson,314672,SP,31,,2,1.505,yes,1.8,Brett Anderson,CLE HOU MIL STL TB,12,2009,2021
2019,t2-5,ARI,Oliver Drake,111290,RP,32,,2,1.501,yes,0.7,Oliver Drake,ARI CIN TB,7,2016,2022
2019,t2-5,PHI,Chris Bassitt,462776,SP,30,,2,1.500,yes,1.8,Chris Bassitt,KC NYM PHI TEX,10,2017,2026
2019,t2-5,PHI,Jake Cave,353933,CF,27,,2,1.500,yes,1.0,Jake Cave,PHI,3,2019,2021
2019,t3-1,LAD,Luis Avilán,403608,RP,30,,1,2.660,yes,0.7,Luis Avilan,LAD TB,4,2019,2022
2019,t3-1,CLE,Curtis Granderson,466039,OF,38,,1,1.500,no,,Curtis Granderson,BAL CHW CLE NYY PIT SF,9,2009,2019
2019,t3-1,CLE,Matt Wieters,154974,C,33,,1,1.500,yes,0.6,Matt Wieters,CLE KC MIN SD,12,2009,2021
2019,t3-1,KC,Cole Sulser,313595,RP,29,,1,1.400,yes,0.5,Cole Sulser,KC MIN WAS,5,2019,2023
2019,t3-1,KC,Colten Brewer,441336,RP,27,,1,1.400,yes,0.7,Colten Brewer,KC MIN,5,2019,2023
2019,t3-2,LAD,John Nogowski,86622,1B,26,,1,1.850,yes,0.9,John Nogowski,LAD MIN,4,2019,2022
2019,t3-2,STL,Breyvic Valera,241012,2B,27,,3,1.800,yes,1.2,Breyvic Valera,STL,4,2019,2022
2019,t3-2,SF,Nick Gardewine,183489,RP,26,,2,1.650,yes,0.6,Nick Gardewine,SF,2,2019,2020
2019,t3-2,TEX,Austin Dean,152964,LF,26,,2,1.505,yes,0.4,Austin Dean,MIA TEX,3,2019,2021
2019,t3-2,SF,Ben Heller,71429,RP,28,,1,1.500,yes,0.4,Ben Heller,MIL SF,4,2019,2022
2019,t3-2,ARI,Christian Colón,81154,2B,30,,1,1.050,yes,0.9,Christian Colon,ARI COL MIL WAS,9,2011,2020
2019,t3-2,TB,Tommy Layne,240799,RP,35,,1,1.041,yes,0.7,Tommy Layne,TB TOR,4,2016,2020
2019,t3-2,MIL,Michael Saunders,51437,RF,33,,1,1.001,no,-0.4,Michael Saunders,SF STL TOR WAS,10,2009,2018
2019,t3-2,MIL,Tim Federowicz,230044,C,32,0.1,1,1.001,no,0.6,Tim Federowicz,CIN MIL TOR,5,2014,2020
2019,t3-2,PHI,Dustin Pedroia,226595,2B,36,,1,1.000,yes,1.3,Dustin Pedroia,ATL BAL CLE COL PHI,11,2009,2020
2019,t3-2,COL,Miguel Montero,185527,C,36,,1,1.000,no,0.0,Miguel Montero,COL DET NYY SD,9,2009,2019
2019,t3-3,STL,Michael Pérez,191758,C,27,,3,1.800,yes,0.5,Michael Perez,STL,4,2019,2022
2019,t3-3,STL,Clay Holmes,13144,SP,26,,3,1.800,yes,0.7,Clay Holmes,MIA STL WAS,8,2019,2026
2019,t3-3,NYM,Kyle Crockett,301505,RP,28,,3,1.800,yes,0.4,Kyle Crockett,NYM,1,2019,2019
2019,t3-3,ARI,Logan Forsythe,446022,2B,32,,2,1.750,yes,1.2,Logan Forsythe,ARI CHW TOR WAS,11,2010,2020
2019,t3-3,WAS,Jacoby Ellsbury,51907,CF,36,0.1,1,1.500,no,0.5,Jacoby Ellsbury,CIN MIA MIL WAS,10,2009,2019
2019,t3-3,TB,Steve Pearce,242851,LF,36,,1,1.333,yes,0.5,Steve Pearce,BOS LAD PHI SD TB TOR,9,2009,2020
2019,t3-3,TB,DJ Johnson,134113,RP,30,,1,1.333,yes,0.6,D.J. Johnson,ATL KC,4,2019,2023
2019,t3-3,TB,Austin Adams,149799,RP,28,,1,1.333,yes,0.5,Austin Adams,HOU LAA TB,6,2019,2025
2019,t3-3,WAS,Joe Mauer,136687,1B,36,,1,1.000,no,0.8,Joe Mauer,MIN SD WAS,10,2009,2019
2019,t3-4,STL,Miguel Socolovich,449717,RP,33,,1,2.500,yes,0.4,Miguel Socolovich,MIN STL,4,2017,2020
2019,t3-4,STL,Ian Krol,220908,RP,28,,2,1.550,yes,0.1,Ian Krol,SF STL,10,2012,2021
2019,t3-4,STL,José Pirela,247903,2B,30,,2,1.500,no,0.9,Jose Pirela,LAD STL,5,2016,2020
2019,t3-4,KC,Ji Man Choi,210171,1B,28,,1,1.002,yes,0.7,Ji-Man Choi,CLE KC OAK SD,7,2018,2024
2019,t3-4,PHI,Hernán Pérez,27978,RP,28,,1,1.000,no,-1.4,Hernan Perez,ARI ATL CLE DET PHI,6,2018,2025
2019,t4-1,LAA,Brad Miller,58180,1B,30,,1,1.250,yes,0.8,Brad Miller,CIN LAA TB TOR,10,2013,2022
2019,t4-1,SD,Branden Kline,85975,RP,28,,1,1.000,yes,-0.2,Branden Kline,SD,2,2019,2020
2019,t4-1,MIL,Trevor Hildenberger,170243,RP,29,,1,0.000,MLI,0.4,Trevor Hildenberger,,,,
2019,t4-1,BOS,Bartolo Colón,44798,SP,45,,1,0.000,MLI,,Bartolo Colon,ATL BOS COL PHI SF,6,2010,2019
2019,t4-1,BOS,Matt Albers,415860,RP,36,,1,0.000,MLI,0.0,Matt Albers,ARI ATL BOS SF TOR,10,2009,2019
2019,t4-1,CHW,Héctor Sánchez,259229,C,30,,1,0.000,MLI,0.1,Hector Sanchez,CHW NYM OAK PHI PIT,7,2013,2019
2019,t4-1,CHW,J. T. Chargois,182071,RP,29,,1,0.000,MLI,0.3,J.T. Chargois,CHW DET LAA,5,2019,2023
2019,t4-1,CHW,Jabari Blash,34464,RF,30,,1,0.000,MLI,1.5,Jabari Blash,CHW,4,2017,2020
2019,t4-1,KC,Daniel Descalso,442742,2B,33,,1,0.000,MLI,0.3,Daniel Descalso,KC LAA TEX,7,2012,2019
2019,t4-1,MIL,Tim Mayza,152084,RP,27,,1,0.000,MLI,0.2,Tim Mayza,DET KC,4,2021,2024
2019,t4-1,MIL,Williams Pérez,369999,SP,28,,1,0.000,MLI,0.7,Williams Perez,,,,
2019,t4-1,TB,Shane Carle,444030,RP,28,,1,0.000,MLI,0.2,Shane Carle,TB,1,2021,2021
2019,t4-1,TB,Jason Castro,318003,C,32,,1,0.000,MLI,1.0,Jason Castro,COL LAD MIL MIN STL TB,15,2009,2023
2019,t4-2,STL,Yoshihisa Hirano,310324,RP,35,,2,3.000,yes,0.3,Yoshihisa Hirano,STL,3,2019,2021
2019,t4-2,STL,Kazuhisa Makita,279792,RP,35,,1,2.000,yes,0.3,Kazuhisa Makita,STL,2,2019,2020
2019,t4-2,BOS,Sergio Romo,14701,RP,36,,2,2.000,no,,Sergio Romo,BAL BOS CHC TB TOR,8,2011,2020
2019,t4-2,CLE,Austin Pruitt,264295,SP,30,,1,0.000,MLI,1.9,Austin Pruitt,CLE TB,2,2019,2022
2019,t4-3,KC,Nick Martini,429276,LF,29,,1,0.000,MLI,0.9,Nick Martini,DET KC,3,2019,2021
2019,t4-3,NYY,Alcides Escobar,422977,SS,33,,1,0.000,MLI,,Alcides Escobar,CHW MIA NYY SEA TB,14,2009,2023
2019,t4-3,NYY,Kendrys Morales,491965,DH,36,,1,0.000,MLI,0.9,Kendrys Morales,BAL CHW CLE HOU NYY,10,2009,2020
2019,t4-3,NYY,Sammy Solís,271808,RP,31,,1,0.000,MLI,-0.1,Sammy Solis,ARI NYY,8,2012,2019
2019,t4-3,PHI,Brad Wieck,459472,RP,28,,1,0.000,MLI,0.3,Brad Wieck,DET PHI,4,2019,2022
2019,t4-3,PHI,Kevin Shackelford,322927,RP,30,,1,0.000,MLI,0.5,Kevin Shackelford,PHI,1,2019,2019
2019,t4-3,SD,Jimmy Yacabonis,512093,SP,27,,1,0.000,MLI,0.6,Jimmy Yacabonis,SD,1,2019,2019
2019,t4-3,SD,Joey Rickard,255108,RF,28,,1,0.000,MLI,0.2,Joey Rickard,SD,1,2019,2019
2019,t4-3,TB,José Osuna,166473,3B,27,,1,0.000,MLI,1.2,Jose Osuna,TOR,2,2019,2020
2019,t4-4,MIL,Heath Hembree,213173,RP,30,,1,1.001,yes,0.5,Heath Hembree,BOS MIL NYM,5,2016,2020
2018,t1-1,HOU,Madison Bumgarner,411172,SP,29,,6,31.681,no,2.8,Madison Bumgarner,CIN HOU NYM,14,2009,2023
2018,t1-1,ARI,Josh Donaldson,119022,3B,33,,3,29.600,no,5.6,Josh Donaldson,ARI BAL COL TEX,10,2013,2024
2018,t1-2,NYY,Jon Lester,27139,SP,34,,2,32.000,no,3.5,Jon Lester,BAL MIL NYM NYY PIT STL TB,11,2009,2021
2018,t1-2,SF,Evan Longoria,16738,3B,33,,4,14.000,no,3.1,Evan Longoria,CHC MIN OAK SF TB TOR,14,2009,2024
2018,t1-3,MIA,Daniel Murphy,46763,2B,33,,4,21.300,no,2.7,Daniel Murphy,CLE KC MIA MIN TOR,8,2012,2021
2018,t1-3,MIA,Andrew Miller,476529,RP,33,,4,17.500,yes,2.3,Andrew Miller,ARI ATL CHW MIA PIT,13,2009,2022
2018,t1-4,BAL,Stephen Strasburg,39090,SP,30,,5,44.000,yes,4.0,Stephen Strasburg,BAL TB,15,2009,2024
2018,t1-4,PIT,Buster Posey,231761,C,31,0.05,4,28.975,yes,4.9,Buster Posey,NYM PIT STL,14,2009,2023
2018,t1-5,CHW,Justin Verlander,67654,SP,35,,2,35.000,no,3.7,Justin Verlander,CHC CHW CIN MIL PHI SEA,16,2009,2026
2018,t1-5,LAA,Justin Upton,30255,LF,31,,4,18.500,no,2.6,Justin Upton,CHW COL LAA NYM PHI PIT TOR,12,2009,2021
2018,t2-1,OAK,David Price,9274,SP,33,,3,37.000,no,3.4,David Price,COL OAK PHI SEA,13,2009,2022
2018,t2-1,DET,Brandon Belt,350956,1B,30,,4,25.250,yes,3.3,Brandon Belt,ARI BAL DET LAD MIL OAK,14,2011,2025
2018,t2-1,COL,Gio Gonzalez,246177,SP,33,,3,21.775,no,2.7,Gio Gonzalez,COL LAA MIA MIN PHI PIT TOR,12,2009,2021
2018,t2-1,OAK,Miguel Cabrera,381272,1B,35,,2,21.000,no,2.0,Miguel Cabrera,BAL CIN MIN OAK TOR WAS,11,2009,2022
2018,t2-1,BAL,Logan Morrison,15455,1B,31,,2,19.000,yes,2.0,Logan Morrison,BAL CIN LAA LAD MIA NYM,13,2009,2022
2018,t2-1,WAS,Nelson Cruz,514439,RF,38,0.1,2,18.000,yes,2.2,Nelson Cruz,BOS DET KC MIA SEA STL TB TOR WAS,11,2010,2023
2018,t2-1,OAK,Todd Frazier,357765,3B,32,,3,17.500,no,3.5,Todd Frazier,ARI CIN NYM OAK PIT SF STL,11,2009,2020
2018,t2-1,KC,Charlie Morton,462992,SP,35,,2,16.000,yes,2.0,Charlie Morton,DET KC LAA MIA STL TEX,12,2011,2025
2018,t2-1,KC,Zack Godley,344934,SP,28,,4,16.000,no,2.7,Zack Godley,BOS KC,3,2019,2021
2018,t2-1,LAD,Alex Cobb,296184,SP,31,,4,15.000,no,2.5,Alex Cobb,BOS LAD SD,13,2012,2025
2018,t2-1,BAL,Edwin Encarnación,472829,DH,35,,2,15.000,no,2.9,Edwin Encarnacion,BAL CHC COL LAA SD SEA TB WAS,10,2009,2021
2018,t2-1,WAS,Marwin González,246084,LF,29,,4,15.000,yes,2.0,Marwin Gonzalez,DET MIA PHI WAS,5,2017,2022
2018,t2-1,COL,Michael Brantley,329221,LF,31,,3,12.765,no,1.9,Michael Brantley,ARI CHC CIN CLE COL,16,2009,2025
2018,t2-1,LAA,Ervin Santana,138224,SP,36,,2,12.500,no,2.5,Ervin Santana,CLE HOU LAA MIN SF,8,2009,2019
2018,t2-1,COL,Brett Gardner,491607,LF,35,,3,10.556,no,2.3,Brett Gardner,ARI BAL COL MIL PHI SD TB,12,2009,2021
2018,t2-1,HOU,Brandon Morrow,36515,RP,34,,3,10.000,no,1.1,Brandon Morrow,HOU MIN SD TEX,12,2009,2022
2018,t2-1,SD,David Robertson,485256,RP,33,,3,9.557,no,1.7,David Robertson,COL NYY SD SEA,12,2012,2025
2018,t2-1,TOR,Wilmer Font,267488,SP,28,,2,9.250,no,1.9,Wilmer Font,,,,
2018,t2-1,BAL,Greg Holland,200896,RP,33,,3,8.250,no,1.4,Greg Holland,BAL CLE KC MIN SEA,8,2013,2022
2018,t2-1,CHW,Ian Kinsler,129547,2B,36,,2,7.500,no,3.0,Ian Kinsler,CHW MIA SD TOR,10,2009,2020
2018,t2-1,LAA,Welington Castillo,399810,C,31,,2,7.500,yes,1.3,Welington Castillo,CIN LAA MIL,8,2013,2021
2018,t2-1,SEA,Jonathan Lucroy,17391,C,32,0.1,2,7.200,no,1.7,Jonathan Lucroy,CHC CHW SEA SF,13,2009,2022
2018,t2-1,SF,Adam Duvall,386489,LF,30,,3,7.200,no,2.0,Adam Duvall,ARI SF STL,9,2016,2025
2018,t2-1,SD,Mark Melancon,509867,RP,33,,2,7.007,no,1.1,Mark Melancon,COL NYY SD WAS,10,2012,2023
2018,t2-1,TB,Tommy Kahnle,402745,RP,29,,2,6.250,no,1.3,Tommy Kahnle,BAL CLE TB TOR,8,2019,2026
2018,t2-1,MIA,Scott Alexander,337006,RP,29,,4,6.200,yes,1.1,Scott Alexander,MIA PHI SF,6,2019,2025
2018,t2-1,MIA,Dominic Leone,207398,RP,27,,5,6.000,no,1.2,Dominic Leone,ATL DET MIA NYM,4,2019,2023
2018,t2-1,NYY,Jarrod Dyson,343860,CF,34,,2,6.000,no,2.0,Jarrod Dyson,LAA NYY OAK,5,2016,2021
2018,t2-1,SF,Miles Mikolas,336653,SP,30,,3,5.130,no,2.0,Miles Mikolas,BOS PHI SF,7,2019,2025
2018,t2-1,BAL,Jerry Blevins,345912,RP,35,,2,5.112,no,0.9,Jerry Blevins,BAL LAA PIT SF TEX TOR,9,2010,2021
2018,t2-1,BAL,Will Smith,102379,RP,29,,4,5.112,no,0.6,Will Smith,BAL,9,2016,2025
2018,t2-1,HOU,Shelby Miller,211134,SP,28,,6,5.000,yes,1.8,Shelby Miller,CHC CLE HOU LAA MIN TOR,14,2010,2026
2018,t2-1,MIA,Trevor Williams,356527,SP,26,,5,5.000,yes,1.0,Trevor Williams,BOS CLE LAA MIA MIL,8,2019,2026
2018,t2-1,NYM,Hanley Ramírez,1757,DH,35,0.05,2,4.750,no,1.1,Hanley Ramirez,BOS CHW COL NYM OAK,10,2009,2020
2018,t2-1,LAA,Yusmeiro Petit,440157,RP,34,,2,4.500,no,1.0,Yusmeiro Petit,LAA OAK PIT SF TB,9,2009,2022
2018,t2-1,CHC,Drew Steckenrider,458424,RP,27,,3,4.222,yes,1.3,Drew Steckenrider,CHC KC NYM SEA TB,3,2019,2021
2018,t2-1,PHI,Brad Brach,207113,RP,32,,2,4.000,no,1.5,Brad Brach,NYM NYY PHI SEA,8,2014,2022
2018,t2-1,PHI,Matt Shoemaker,314029,SP,32,,3,4.000,no,1.4,Matt Shoemaker,CHW PHI,4,2016,2020
2018,t2-1,NYM,Ryan Madson,137358,RP,38,,2,4.000,no,1.3,Ryan Madson,ARI COL NYM SD TB,7,2009,2019
2018,t2-1,CHW,Alex Avila,216580,C,31,,3,3.950,no,1.5,Alex Avila,CHW NYY TB,13,2010,2022
2018,t2-1,LAD,Mike Tauchman,337262,CF,28,,2,3.850,yes,1.0,Mike Tauchman,BOS KC LAD MIA NYY,8,2019,2026
2018,t2-1,TB,Howie Kendrick,117849,LF,35,,2,3.500,no,1.0,Howie Kendrick,LAA LAD PHI TB TEX,11,2009,2021
2018,t2-1,ARI,Nate Jones,388542,RP,32,,2,3.150,yes,0.7,Nate Jones,ARI CIN SEA TEX,7,2014,2021
2018,t2-1,CHC,Yadier Molina,281126,C,36,,2,3.000,no,2.6,Yadier Molina,ATL BOS CHC KC NYM PIT WAS,12,2009,2022
2018,t2-1,MIN,Chasen Shreve,139436,RP,28,,3,2.250,yes,0.6,Chasen Shreve,MIN WAS,2,2017,2019
2018,t2-1,ARI,Chris Davis,499009,1B,32,,2,2.050,yes,1.3,Chris Davis,ARI HOU SEA,10,2009,2019
2018,t2-1,MIL,James Pazos,325428,RP,27,,3,1.876,no,0.7,James Pazos,MIA MIL TOR WAS,2,2019,2020
2018,t2-1,ATL,James Sherfy,451464,RP,27,,3,1.800,no,0.3,Jimmie Sherfy,ATL TOR,3,2019,2021
2018,t2-1,TOR,Kirby Yates,289240,RP,31,0.1,3,1.799,no,0.7,Kirby Yates,COL MIA NYM NYY TOR,7,2019,2026
2018,t2-1,ARI,Edgar Olmos,52976,SP,28,,2,1.750,yes,0.5,Edgar Olmos,,,,
2018,t2-1,CHW,José Álvarez,166330,RP,29,,2,1.750,yes,0.8,Jose Alvarez,CHW COL TOR,5,2019,2023
2018,t2-1,NYY,Johnny Giavotella,507367,2B,31,,2,1.501,yes,0.6,Johnny Giavotella,CIN CLE DET NYY,7,2012,2020
2018,t2-2,CHC,Johnny Cueto,14422,SP,32,,3,32.000,no,2.7,Johnny Cueto,ATL BOS CHC CHW MIN NYY PIT SEA TOR,15,2009,2024
2018,t2-2,ARI,Khris Davis,10879,LF,31,,2,18.250,yes,2.5,Khris Davis,ARI BOS CHW PIT SD,7,2015,2022
2018,t2-2,WAS,Eric Hosmer,430932,1B,29,0.1,6,12.600,yes,1.9,Eric Hosmer,ATL KC NYY WAS,15,2009,2024
2018,t2-2,CLE,Clayton Richard,516533,SP,35,,2,12.002,no,0.9,Clayton Richard,ARI CHC CLE,7,2009,2019
2018,t2-2,KC,Neil Walker,232117,2B,33,,3,12.000,no,2.2,Neil Walker,BOS COL KC MIL SD SEA TB,11,2009,2020
2018,t2-2,WAS,Nathan Eovaldi,330937,SP,28,,4,8.000,yes,1.0,Nate Eovaldi,BOS CIN LAA MIA WAS,14,2012,2026
2018,t2-2,SEA,Wade Davis,412927,RP,33,,2,8.000,yes,1.7,Wade Davis,ATL BAL CIN DET SEA TEX,11,2009,2020
2018,t2-2,SEA,Juan Nicasio,39069,RP,32,,2,7.500,no,0.9,Juan Nicasio,BAL KC SEA TEX,9,2012,2021
2018,t2-2,ATL,Carlos Gómez,510219,CF,33,,2,6.000,yes,1.2,Carlos Gomez,ATL CHW COL MIL MIN,11,2009,2020
2018,t2-2,TB,Brett Cecil,413715,RP,32,,2,6.000,yes,1.1,Brett Cecil,LAA MIA OAK TB,10,2009,2019
2018,t2-2,TEX,Matthew Bowman,304810,RP,27,,4,4.500,no,0.9,Matthew Bowman,TEX,3,2019,2021
2018,t2-2,LAD,Pedro Strop,278303,RP,33,,3,4.440,no,1.0,Pedro Strop,ARI LAD OAK,5,2014,2020
2018,t2-2,LAD,Brian Duensing,16628,RP,35,,2,3.000,no,0.7,Brian Duensing,LAD PHI TB,5,2012,2019
2018,t2-2,NYM,Derek Norris,234033,C,29,,2,3.000,yes,1.0,Derek Norris,CIN NYM,10,2010,2019
2018,t2-2,ATL,Matt Harvey,307326,SP,29,,3,3.000,yes,0.7,Matt Harvey,ATL HOU KC MIN SD,10,2011,2020
2018,t2-2,COL,Chase Headley,233906,3B,34,,2,2.760,no,1.9,Chase Headley,ARI COL DET SD TOR,10,2009,2019
2018,t2-2,LAD,Andrew Kittredge,96510,RP,28,,3,2.650,no,0.9,Andrew Kittredge,LAD MIA SEA,8,2019,2026
2018,t2-2,MIL,Nick Rumbelow,68843,RP,27,,3,2.468,yes,0.6,Nick Rumbelow,,,,
2018,t2-2,TB,Mitch Garver,332657,C,27,,2,2.250,yes,1.3,Mitch Garver,LAD PHI SEA TB,8,2019,2026
2018,t2-2,MIA,Willians Astudillo,259836,C,27,,2,2.200,yes,0.6,Willians Astudillo,CIN MIA MIN,6,2019,2024
2018,t2-2,SEA,José Reyes,481663,SS,35,,2,2.000,yes,0.9,Jose Reyes,ATL HOU MIN NYM SEA WAS,10,2009,2020
2018,t2-2,TOR,Nick Goody,145176,RP,27,,3,1.999,no,0.5,Nick Goody,TOR,1,2019,2019
2018,t2-3,SEA,Adrian Beltré,40820,3B,39,0.1,2,19.800,no,2.7,Adrian Beltre,CHC NYY SEA,7,2009,2019
2018,t2-3,CLE,Lucas Duda,381056,1B,32,,2,18.000,no,1.5,Lucas Duda,CLE LAA NYM,7,2013,2019
2018,t2-3,LAA,Hyun Jin Ryu,511284,SP,31,,3,16.500,no,1.3,Hyun-Jin Ryu,CHC LAA NYM STL,8,2015,2023
2018,t2-3,STL,Kole Calhoun,411505,RF,31,,2,16.000,no,2.4,Kole Calhoun,BOS CIN PIT STL TEX,7,2015,2022
2018,t2-3,CHC,Wei-Yin Chen,149987,SP,33,0.05,2,10.213,no,1.5,Wei-Yin Chen,ARI CHC MIA SD,6,2014,2020
2018,t2-3,NYM,Ben Zobrist,111506,2B,37,,2,10.000,no,1.9,Ben Zobrist,CIN CLE NYM NYY SD SF,8,2010,2020
2018,t2-3,SEA,Shin-Soo Choo,134885,RF,36,,2,9.500,no,0.4,Shin-Soo Choo,ARI BAL CHC LAA SEA,10,2009,2021
2018,t2-3,NYY,John Lackey,196047,SP,40,,2,8.500,no,1.6,John Lackey,BOS DET NYY OAK,7,2009,2019
2018,t2-3,KC,Pat Neshek,63454,RP,38,,2,8.000,no,1.0,Pat Neshek,CIN KC LAA LAD SD,7,2009,2019
2018,t2-3,CLE,Blake Parker,403128,RP,33,,3,7.002,no,1.0,Blake Parker,CHW CLE KC,2,2015,2019
2018,t2-3,MIL,Eduardo Escobar,331114,3B,29,,3,5.550,no,1.4,Eduardo Escobar,CHW MIL SD TEX,7,2016,2023
2018,t2-3,LAD,Adam Lind,232925,1B,35,,2,5.500,yes,0.9,Adam Lind,CLE COL LAD MIA PIT SF STL WAS,9,2009,2019
2018,t2-3,SEA,Mark Trumbo,402148,DH,32,,2,5.000,yes,1.0,Mark Trumbo,CLE PHI SEA,8,2012,2020
2018,t2-3,CLE,Blaine Hardy,116364,RP,31,,2,4.800,yes,1.0,Blaine Hardy,CLE KC STL TB,5,2016,2021
2018,t2-3,OAK,Edubray Ramos,57619,RP,26,,3,4.500,yes,1.1,Edubray Ramos,OAK,3,2019,2021
2018,t2-3,CLE,Mike Ford,480766,1B,26,,3,4.002,no,1.1,Mike Ford,CLE MIL TOR,4,2019,2022
2018,t2-3,SEA,Hunter Strickland,51727,RP,30,0.1,2,3.600,no,0.9,Hunter Strickland,SEA,3,2016,2019
2018,t2-3,OAK,Jeremy Jeffress,170779,RP,31,,2,3.250,yes,1.0,Jeremy Jeffress,NYY OAK SEA SF TB,14,2009,2022
2018,t2-3,MIL,Carlos Estévez,125665,RP,26,,2,3.210,yes,1.1,Carlos Estevez,MIL MIN STL TB,8,2019,2026
2018,t2-3,TOR,D. J. Snelten,190302,RP,26,,3,2.330,no,0.8,D.J. Snelten,,,,
2018,t2-3,SD,Zach Duke,243763,RP,35,0.05,2,1.902,no,0.7,Zach Duke,PHI SD TB,6,2010,2019
2018,t2-3,COL,George Kontos,319266,RP,33,,2,1.870,no,0.7,George Kontos,BAL CHW COL,5,2014,2019
2018,t2-3,KC,Stephen Vogt,212824,C,34,,2,1.850,no,1.1,Stephen Vogt,ATL KC LAA LAD PIT TB,7,2013,2021
2018,t2-3,MIN,Martín Maldonado,375073,C,32,,2,1.800,no,0.9,Martin Maldonado,ATL CIN COL MIN SD,9,2014,2024
2018,t2-3,NYM,Dillon Maples,386586,RP,26,,3,1.800,yes,0.6,Dillon Maples,NYM,1,2019,2019
2018,t2-3,PIT,Danny Coulombe,405466,RP,29,,2,1.760,yes,0.7,Daniel Coulombe,CHC KC PHI PIT SD,8,2019,2026
2018,t2-3,CHW,Ryan Pressly,279458,RP,30,,2,1.501,no,1.0,Ryan Pressly,CHC CHW STL,8,2019,2026
2018,t2-3,MIA,Eric Sogard,406271,2B,32,,3,1.500,no,1.1,Eric Sogard,MIA NYM STL,5,2013,2021
2018,t2-3,HOU,Brandon Kintzler,34588,RP,34,,2,1.500,no,0.9,Brandon Kintzler,HOU KC PIT,5,2013,2021
2018,t2-3,PHI,Manny Piña,491390,C,31,,2,1.500,yes,1.2,Manny Pina,HOU PHI SF TB,6,2019,2024
2018,t2-4,STL,Mike Minor,124437,RP,31,,2,9.000,yes,1.2,Mike Minor,ARI NYM SEA STL,12,2010,2022
2018,t2-4,STL,Devin Mesoraco,12835,C,30,,2,7.000,no,0.5,Devin Mesoraco,ARI STL,8,2011,2019
2018,t2-4,PHI,Jake Diekman,421524,RP,31,,2,5.000,no,0.7,Jake Diekman,BAL LAA PHI STL,10,2015,2025
2018,t2-4,NYM,Domingo Germán,87295,SP,26,,4,5.000,yes,1.0,Domingo German,NYM,6,2019,2024
2018,t2-4,DET,Bryan Shaw,90204,RP,31,,3,4.750,no,1.5,Bryan Shaw,DET WAS,5,2015,2020
2018,t2-4,SEA,Anthony Swarzak,501742,RP,33,,2,4.500,yes,1.2,Anthony Swarzak,BOS CLE COL NYM SEA,10,2009,2020
2018,t2-4,MIA,Luke Voit,350352,1B,27,,5,2.750,yes,1.4,Luke Voit,MIA SD TB,5,2019,2023
2018,t2-4,MIA,Tommy Hunter,114372,RP,32,,3,2.525,yes,0.9,Tommy Hunter,BAL MIA PHI SD TOR,12,2011,2023
2018,t2-4,SF,Sean Rodríguez,28106,2B,33,,2,2.270,no,0.4,Sean Rodriguez,DET SF TB WAS,10,2009,2019
2018,t2-4,SF,Donnie Hart,209895,RP,28,,3,2.100,no,0.7,Donnie Hart,SF,2,2019,2020
2018,t2-4,LAA,Carlos Asuaje,450452,2B,27,,2,2.000,yes,1.2,Carlos Asuaje,LAA,3,2019,2021
2018,t2-4,NYM,Eric Haase,501377,C,26,,3,1.800,yes,0.5,Eric Haase,CIN CLE HOU KC NYM,6,2019,2025
2018,t2-4,MIN,David Freese,153627,3B,35,,2,1.800,no,1.3,David Freese,BOS LAA MIA MIN SEA,10,2011,2021
2018,t2-4,MIL,Ryan Sherriff,161464,RP,28,,2,1.642,yes,0.5,Ryan Sherriff,WAS,1,2022,2022
2018,t2-4,MIL,Eric Stamets,378500,SS,27,,2,1.501,no,1.3,Eric Stamets,,,,
2018,t2-4,TOR,Ehire Adrianza,316268,SS,29,,2,1.501,no,0.6,Ehire Adrianza,CHW MIL PHI TOR,5,2019,2024
2018,t2-4,LAA,Jason Krizan,140914,RF,29,,2,1.500,no,-0.1,Jason Krizan,LAA,2,2017,2019
2018,t2-4,MIN,Matt Grace,445081,RP,30,0.1,2,1.350,no,0.5,Matt Grace,CHC MIN,2,2016,2019
2018,t2-5,STL,Brandon Guyer,66622,RF,32,,2,5.500,no,1.0,Brandon Guyer,MIA STL,8,2012,2019
2018,t2-5,STL,David Hernandez,70493,RP,33,,2,4.000,yes,0.8,David Hernandez,LAD NYY STL,11,2009,2020
2018,t2-5,DET,Asdrúbal Cabrera,309149,SS,33,,2,4.000,no,1.2,Asdrubal Cabrera,ATL COL DET NYM PIT,12,2009,2022
2018,t2-5,TB,Luis Valbuena,134670,3B,33,,2,3.500,yes,1.1,Luis Valbuena,BOS OAK TEX,5,2012,2017
2018,t2-5,MIN,Scott Oberg,150551,RP,28,,2,2.501,yes,0.9,Scott Oberg,ARI MIA MIN TOR,5,2019,2023
2018,t2-5,ARI,Matt Belisle,43435,RP,38,,2,1.950,no,0.9,Matt Belisle,ARI ATL COL DET SF,9,2009,2019
2018,t2-5,MIL,Breyvic Valera,241012,2B,26,,3,1.818,yes,0.9,Breyvic Valera,STL,4,2019,2022
2018,t2-5,MIN,Cory Gearrin,457471,RP,32,,2,1.800,yes,0.5,Cory Gearrin,DET MIN,4,2014,2020
2018,t2-5,MIN,Mark Reynolds,410706,1B,35,,2,1.800,no,0.1,Mark Reynolds,BOS MIN SEA TB,9,2009,2019
2018,t2-5,MIL,Mark Canha,408029,RF,29,,2,1.771,yes,0.5,Mark Canha,ARI CLE MIL TB,8,2019,2026
2018,t2-5,ARI,Diego Moreno,288165,RP,31,,2,1.750,yes,0.6,Diego Moreno,ARI,1,2019,2019
2018,t2-5,TB,Luis García,354662,RP,31,,2,1.750,yes,1.0,Luis Garcia,CLE TB,2,2019,2020
2018,t2-5,KC,Emilio Pagán,86173,RP,27,,2,1.510,yes,0.7,Emilio Pagan,KC PHI TEX,5,2019,2026
2018,t2-5,PIT,Tony Cingrani,458938,RP,29,,2,1.510,yes,0.0,Tony Cingrani,KC MIA PIT TEX,7,2013,2020
2018,t2-5,CLE,Marc Rzepczynski,145679,RP,33,,2,1.500,no,0.5,Marc Rzepczynski,CIN CLE PHI PIT TOR,6,2010,2019
2018,t2-5,MIL,Bud Norris,113059,RP,33,,2,1.500,no,0.8,Bud Norris,ATL DET MIL WAS,7,2011,2019
2018,t2-5,PHI,Ryan Merritt,52490,SP,26,,2,1.500,yes,0.5,Ryan Merritt,PHI,2,2019,2020
2018,t2-5,LAA,Richard Bleier,285268,RP,31,,2,1.500,yes,0.5,Richard Bleier,LAA OAK SF,6,2019,2024
2018,t3-1,PHI,Brett Anderson,314672,SP,30,,1,10.000,no,1.1,Brett Anderson,CLE HOU MIL STL TB,12,2009,2021
2018,t3-1,DET,Drew Robinson,490812,RF,26,,1,4.750,no,0.3,Drew Robinson,,,,
2018,t3-1,NYM,Koji Uehara,454335,RP,43,0.1,1,3.609,no,0.5,Koji Uehara,CIN LAA MIN NYM,4,2011,2017
2018,t3-1,TOR,Cory Mazzoni,402583,RP,29,,1,3.200,no,0.4,Cory Mazzoni,TEX,1,2017,2017
2018,t3-1,STL,John Jaso,320932,RF,35,,1,3.000,no,0.3,John Jaso,CIN NYM PHI PIT,9,2009,2017
2018,t3-1,DET,Roberto Pérez,277754,C,30,,1,2.750,yes,0.8,Roberto Perez,ARI DET MIN TB,7,2017,2023
2018,t3-1,MIA,Leury García,468450,CF,27,,1,2.500,yes,0.8,Leury Garcia,DET MIA SD,4,2019,2022
2018,t3-1,ARI,Ryan Tepera,243075,RP,31,,3,2.250,yes,1.0,Ryan Tepera,ARI CHW TEX,4,2019,2023
2018,t3-1,PHI,Andre Ethier,105470,LF,36,,1,2.000,no,0.2,Andre Ethier,ARI ATL BOS HOU LAD,7,2009,2016
2018,t3-1,STL,Héctor Velázquez,225018,SP,30,,2,2.000,yes,0.9,Hector Velazquez,ATL STL,2,2019,2020
2018,t3-1,CHW,Carter Capps,106309,RP,28,,1,2.000,no,0.4,Carter Capps,HOU SD STL,5,2014,2018
2018,t3-1,TEX,Tyler Olson,147358,RP,29,,2,1.760,yes,0.5,Tyler Olson,HOU TEX,3,2019,2021
2018,t3-1,TEX,Juan Centeno,326286,C,29,,2,1.660,yes,-0.3,Juan Centeno,TEX,2,2019,2020
2018,t3-1,KC,Buddy Baumann,399999,RP,31,,1,1.600,yes,0.6,Buddy Baumann,KC SD,2,2017,2019
2018,t3-1,ARI,Fernando Abad,130365,RP,33,,2,1.501,yes,0.5,Fernando Abad,ARI STL TB TEX TOR WAS,6,2012,2021
2018,t3-1,OAK,Pedro Álvarez,62087,1B,31,,1,1.250,yes,0.1,Pedro Alvarez,OAK TEX TOR,10,2009,2019
2018,t3-1,SD,Kurt Suzuki,130738,C,35,,1,1.202,yes,0.9,Kurt Suzuki,KC LAD PHI SD STL WAS,11,2009,2022
2018,t3-1,MIL,Tim Federowicz,230044,C,31,,1,1.002,no,0.9,Tim Federowicz,CIN MIL TOR,5,2014,2020
2018,t3-2,CIN,Dixon Machado,50418,SS,26,,1,11.000,no,0.8,Dixon Machado,CIN MIA,3,2020,2024
2018,t3-2,TB,Boone Logan,331423,RP,34,,1,5.500,no,0.4,Boone Logan,CHW HOU NYM TB,9,2009,2017
2018,t3-2,KC,Kendrys Morales,491965,DH,35,,1,5.000,no,1.3,Kendrys Morales,BAL CHW CLE HOU NYY,10,2009,2020
2018,t3-2,TB,Ben Rowen,82053,RP,30,,1,3.008,no,0.8,Ben Rowen,,,,
2018,t3-2,NYM,Edward Paredes,334336,RP,32,,3,2.125,yes,0.6,Edward Paredes,NYM,1,2019,2019
2018,t3-2,SEA,Justin Masterson,368738,SP,33,,1,2.000,no,0.8,Justin Masterson,ARI CIN LAA STL,9,2009,2017
2018,t3-2,SEA,Matt McBride,267664,C,33,,1,2.000,no,-0.1,Matt McBride,WAS,1,2015,2015
2018,t3-2,KC,Gerardo Parra,436865,LF,31,,1,1.501,no,0.1,Gerardo Parra,CLE MIA NYY SEA SF TB,9,2009,2018
2018,t3-2,STL,Tim Locastro,4796,2B,26,,2,1.500,yes,0.8,Tim Locastro,MIN STL,4,2019,2022
2018,t3-2,MIL,Hanser Alberto,424168,SS,26,,1,1.331,yes,0.8,Hanser Alberto,ARI SD TEX,5,2019,2023
2018,t3-2,TOR,Ramón Flores,472477,RF,26,,1,1.051,no,0.4,Ramon Flores,,,,
2018,t3-2,CHW,Aaron West,107899,RP,28,,1,1.005,no,0.6,Aaron West,,,,
2018,t3-2,MIL,Andrew Albers,178022,SP,33,,1,1.002,no,0.9,Andrew Albers,,,,
2018,t3-2,MIL,Chris Coghlan,320491,LF,33,,1,1.002,no,0.5,Chris Coghlan,CHC,7,2009,2015
2018,t3-2,CIN,Mike Napoli,118545,1B,37,,1,1.000,no,-0.1,Mike Napoli,DET MIA NYM WAS,7,2009,2016
2018,t3-3,CHC,Franklin Gutiérrez,268184,LF,35,,1,4.250,no,0.5,Franklin Gutierrez,CHW MIL,7,2009,2018
2018,t3-3,PHI,Alexi Amarista,57171,SS,29,,1,2.500,no,-0.7,Alexi Amarista,,,,
2018,t3-3,PHI,Abraham Almonte,321209,RF,29,,1,2.000,no,0.1,Abraham Almonte,CHW COL,2,2016,2023
2018,t3-3,MIL,Rangel Ravelo,29919,1B,26,,2,1.505,yes,0.4,Rangel Ravelo,MIL,2,2019,2020
2018,t3-3,BAL,Greg Infante,182699,RP,31,,1,1.500,no,0.9,Gregory Infante,,,,
2018,t3-3,SF,Noel Cuevas,183101,RF,27,,1,1.100,yes,-0.1,Noel Cuevas,DET,1,2019,2019
2018,t3-3,KC,Kevan Smith,370191,C,30,,1,1.100,yes,0.6,Kevan Smith,CHW CLE KC,3,2019,2021
2018,t3-3,SF,Omar Narváez,389844,C,26,,1,1.010,yes,0.5,Omar Narvaez,ATL MIL SF,7,2019,2025
2018,t3-3,MIL,Matt Albers,415860,RP,35,,1,1.002,no,0.7,Matt Albers,ARI ATL BOS SF TOR,10,2009,2019
2018,t3-3,MIL,Brett Nicholas,323011,C,30,,1,1.002,yes,0.5,Brett Nicholas,MIL,1,2019,2019
2018,t3-3,NYY,Phil Hughes,116123,SP,32,,1,1.000,yes,0.2,Phil Hughes,CLE LAA NYY SEA TOR,10,2009,2019
2018,t3-3,NYY,Miguel Montero,185527,C,35,,1,1.000,yes,0.4,Miguel Montero,COL DET NYY SD,9,2009,2019
2018,t3-3,STL,Trevor Cahill,201550,SP,30,,1,1.000,yes,0.5,Trevor Cahill,MIA OAK STL WAS,9,2009,2019
2018,t3-3,NYM,Destin Hood,323009,LF,28,,1,1.000,no,0.6,Destin Hood,,,,
2018,t3-3,STL,Austin House,433608,RP,27,,1,1.000,yes,1.0,Austin House,STL,1,2019,2019
2018,t3-3,CHC,Daniel Castro,171877,SS,26,,1,1.000,yes,0.4,Daniel Castro,CHC,1,2019,2019
2018,t3-3,DET,Jacob Stallings,14968,C,29,,1,1.000,yes,0.8,Jacob Stallings,ATL DET WAS,7,2019,2025
2018,t3-3,KC,Michael Mariot,418339,RP,30,,1,1.000,yes,0.6,Michael Mariot,HOU KC,3,2017,2019
2018,t3-4,HOU,Albert Pujols,454889,DH,38,,2,1.500,no,0.1,Albert Pujols,HOU LAA SEA TB,9,2010,2023
2018,t3-4,STL,Danny Santana,239683,LF,28,,1,1.025,no,0.1,Danny Santana,MIA NYM STL,10,2015,2024
2018,t3-4,BOS,Brandon Phillips,70397,2B,37,,1,1.001,no,0.3,Brandon Phillips,CIN HOU SEA,8,2009,2017
2018,t3-4,BOS,Francisco Liriano,443781,SP,35,,1,1.001,no,0.5,Francisco Liriano,ARI CLE MIA NYY PIT SEA WAS,10,2009,2021
2018,t3-4,STL,Mike Marjama,180150,C,29,,1,1.000,no,0.4,Mike Marjama,,,,
2018,t3-5,TOR,Luke Bard,71254,RP,28,,1,1.451,no,0.6,Luke Bard,,,,
2018,t3-5,BOS,Jordan Zimmermann,4864,SP,32,,1,1.400,no,1.2,Jordan Zimmermann,CLE HOU SEA,10,2009,2020
2018,t3-5,BOS,R. A. Dickey,503446,SP,44,,1,1.001,no,1.3,R.A. Dickey,NYY SF WAS,4,2012,2016
2018,t4-1,STL,Trevor Gott,177550,RP,26,,2,1.500,yes,0.6,Trevor Gott,OAK PHI STL,4,2019,2023
2018,t4-1,NYY,Jake Smolinski,357457,CF,29,,1,1.001,yes,0.5,Jake Smolinski,CLE NYY,3,2016,2019
2018,t4-1,NYY,Rafael Ortega,457119,CF,27,,1,1.001,yes,0.9,Rafael Ortega,CLE NYY PIT TEX,4,2019,2023
2018,t4-1,CHC,Rob Zastryzny,1502,SP,26,,1,1.000,no,0.9,Rob Zastryzny,,,,
2018,t4-1,CHC,Tim Lincecum,247274,RP,34,,1,1.000,yes,0.0,Tim Lincecum,CHC,8,2009,2016
2018,t4-1,STL,David Hurlbut,479197,SP,29,,1,1.000,no,1.3,David Hurlbut,,,,
2018,t4-1,STL,Adonis García,325348,3B,33,,1,1.000,no,0.4,Adonis Garcia,,,,
2018,t4-1,OAK,Mike Zagurski,112510,RP,35,,1,1.000,yes,0.3,Mike Zagurski,ARI OAK,2,2011,2019
2018,t4-1,SD,Jack Mayfield,341287,2B,28,,1,0.000,MLI,0.6,Jack Mayfield,,,,
2018,t4-1,SD,Tyler Duffey,211002,RP,28,,1,0.000,MLI,0.8,Tyler Duffey,KC,3,2020,2022
2018,t4-1,MIL,Anthony Bass,235725,SP,30,,1,0.000,MLI,0.6,Anthony Bass,KC OAK SD,5,2014,2023
2018,t4-1,KC,Paul Sewald,231146,RP,28,,1,0.000,MLI,0.4,Paul Sewald,ARI TOR,5,2022,2026
2018,t4-1,CLE,Mark Leiter,302388,SP,27,,1,0.000,MLI,0.6,Mark Leiter,MIN,1,2026,2026
2018,t4-1,CLE,Ben Gamel,98838,LF,26,,1,0.000,MLI,0.6,Ben Gamel,ATL MIN NYM,6,2019,2024
2018,t4-1,CLE,Austin Pruitt,264295,SP,29,,1,0.000,MLI,0.7,Austin Pruitt,CLE TB,2,2019,2022
2018,t4-1,CHW,Mike Dunn,450005,RP,33,,1,0.000,MLI,0.5,Mike Dunn,CHW NYM,6,2012,2018
2018,t4-1,TB,Cameron Rupp,386953,C,30,,1,0.000,MLI,0.8,Cameron Rupp,,,,
2018,t4-1,TB,Danny Espinosa,231652,2B,31,,1,0.000,MLI,0.3,Danny Espinosa,CHC SD SF,6,2011,2017
2018,t4-1,TB,B. J. Upton,205938,CF,34,,1,0.000,MLI,0.7,Melvin Upton Jr.,MIA STL,8,2009,2017
2018,t4-1,TOR,Blake Gailen,344308,CF,33,,1,0.000,MLI,0.5,Blake Gailen,,,,
2018,t4-1,TOR,Brock Stassi,61426,1B,29,,1,0.000,MLI,0.3,Brock Stassi,MIN,1,2019,2019
2018,t4-1,BOS,Josh Collmenter,311644,RP,32,,1,0.000,MLI,0.3,Josh Collmenter,CLE,6,2012,2017
2018,t4-1,BOS,Joaquín Benoit,215076,RP,41,,1,0.000,MLI,0.3,Joaquin Benoit,MIA,4,2012,2017
2018,t4-1,ARI,Ryan Flaherty,486476,2B,32,,1,0.000,MLI,0.3,Ryan Flaherty,ARI,3,2015,2017
2018,t4-1,ARI,Caleb Joseph,330581,C,32,,1,0.000,MLI,0.8,Caleb Joseph,LAA SD WAS,3,2016,2020
2018,t4-2,TEX,Kyle Farmer,382539,C,27,,1,1.050,yes,0.6,Kyle Farmer,OAK PHI TEX,5,2019,2025
2018,t4-2,BAL,Tyler Saladino,489887,2B,29,,1,1.000,no,0.6,Tyler Saladino,NYM,3,2017,2019
2018,t4-2,SEA,Derek Holland,373828,SP,32,,1,1.000,yes,-0.1,Derek Holland,CHW PIT SEA,9,2010,2019
2018,t4-2,SD,Jonathan Aro,101685,RP,28,,1,0.000,MLI,0.5,Jonathan Aro,,,,
2018,t4-2,MIL,Mike Bolsinger,39584,SP,30,,1,0.000,MLI,0.9,Mike Bolsinger,TEX,3,2016,2018
2018,t4-2,SEA,Doug Fister,423577,SP,34,,1,0.000,MLI,1.3,Doug Fister,NYM PHI STL TB,6,2012,2018
2018,t4-2,SEA,Fernando Rodney,212593,RP,41,,1,0.000,MLI,0.6,Fernando Rodney,ATL DET OAK PIT,4,2009,2014
2018,t4-2,MIL,Aaron Wilkerson,37179,SP,29,,1,0.000,MLI,1.2,Anthony Wilkerson,,,,
2018,t4-3,MIL,Ben Heller,71429,RP,27,,1,1.111,yes,0.7,Ben Heller,MIL SF,4,2019,2022
2018,t4-3,MIA,Chris Tillman,59615,SP,30,,1,1.000,yes,0.3,Chris Tillman,MIA NYM SF WAS,10,2009,2018
2018,t4-3,PHI,Jeremy Hazelbaker,124542,LF,31,,1,0.000,MLI,0.3,Jeremy Hazelbaker,,,,
2017,t1-1,PIT,Clayton Kershaw,25630,SP,29,,6,38.500,no,5.9,Clayton Kershaw,ARI PIT TOR,17,2009,2026
2017,t1-1,TOR,Dexter Fowler,40590,CF,31,,3,15.000,no,3.0,Dexter Fowler,ARI CLE HOU LAA SD SEA STL TOR,12,2009,2021
2017,t1-2,TOR,Max Scherzer,204108,SP,33,,3,28.000,no,5.5,Max Scherzer,ARI ATL BAL BOS CIN COL NYM OAK PIT SEA TB TEX TOR,17,2009,2026
2017,t1-2,SEA,Carlos González,151387,RF,32,,4,18.250,no,2.3,Carlos Gonzalez,CHC HOU PIT SEA,11,2009,2020
2017,t1-3,TOR,Kenta Maeda,494583,SP,29,,4,20.000,no,3.2,Kenta Maeda,STL TEX TOR,7,2018,2024
2017,t1-3,MIN,Matt Wieters,154974,C,31,,3,8.000,no,1.2,Matt Wieters,CLE KC MIN SD,12,2009,2021
2017,t1-4,DET,Marco Estrada,499765,SP,34,,3,17.500,yes,3.1,Marco Estrada,DET NYM STL,6,2013,2020
2017,t1-4,WAS,Jay Bruce,280653,RF,30,,4,9.000,yes,1.2,Jay Bruce,CLE TEX WAS,12,2009,2021
2017,t1-5,TEX,Tanner Roark,317333,SP,31,,4,16.950,yes,2.7,Tanner Roark,HOU MIN TEX,6,2015,2021
2017,t1-5,DET,Alex Gordon,187854,LF,33,,3,9.100,yes,2.1,Alex Gordon,ARI CHC CHW DET KC MIA NYM TB,10,2009,2020
2017,t2-1,MIL,Michael Pineda,330520,SP,28,,5,16.789,yes,2.5,Michael Pineda,MIL SD SEA,12,2011,2023
2017,t2-1,MIL,Kevin Pillar,79032,CF,28,,4,13.431,yes,3.2,Kevin Pillar,CIN DET MIL TOR,8,2016,2024
2017,t2-1,SD,Steve Pearce,242851,1B,34,,2,11.750,yes,1.7,Steven Pearce,BOS LAD PHI SD TB TOR,9,2009,2020
2017,t2-1,COL,Seunghwan Oh,300911,RP,35,,2,10.576,no,1.3,Seung Hwan Oh,COL STL,3,2018,2020
2017,t2-1,STL,Steven Wright,280525,SP,33,,2,10.000,no,2.0,Steven Wright,STL,1,2018,2018
2017,t2-1,BOS,Brian McCann,77115,C,33,,3,9.000,no,2.7,Brian McCann,BAL BOS CHW KC PHI TOR,10,2009,2020
2017,t2-1,STL,Scott Kazmir,477884,SP,33,0.1,2,8.100,no,1.6,Scott Kazmir,NYM STL WAS,7,2009,2018
2017,t2-1,CHW,Martín Prado,409834,3B,34,,2,8.000,no,2.5,Martin Prado,ATL CHW CLE TOR,7,2010,2018
2017,t2-1,ARI,Josh Harrison,496592,2B,30,,2,7.900,yes,2.2,Josh Harrison,ARI BOS CHC KC NYM TOR,7,2015,2024
2017,t2-1,DET,Hyun Soo Kim,317671,LF,29,,4,7.500,yes,1.3,Hyun Soo Kim,DET,3,2018,2020
2017,t2-1,DET,Hisashi Iwakuma,198811,SP,36,,2,7.250,yes,1.6,Hisashi Iwakuma,BAL DET LAD TEX,5,2014,2019
2017,t2-1,SF,Clay Buchholz,35305,SP,33,,3,7.110,yes,1.1,Clay Buchholz,ARI CHW SF TOR,10,2009,2019
2017,t2-1,OAK,Chris Devenski,481544,RP,27,,3,5.250,yes,1.0,Chris Devenski,OAK SEA,4,2018,2021
2017,t2-1,CHC,Grant Dayton,293054,RP,30,,3,5.100,yes,1.0,Grant Dayton,CHC KC,5,2018,2022
2017,t2-1,CHC,Jake McGee,481659,RP,31,,3,5.100,yes,0.8,Jake McGee,CHC CIN NYM PIT WAS,12,2009,2022
2017,t2-1,CHC,Sergio Romo,14701,RP,34,,2,5.100,yes,0.6,Sergio Romo,BAL BOS CHC TB TOR,8,2011,2020
2017,t2-1,MIN,Tom Koehler,275640,SP,31,,3,5.000,yes,1.3,Tom Koehler,MIN OAK,2,2016,2018
2017,t2-1,MIN,Ricky Nolasco,420186,SP,35,,2,5.000,yes,0.9,Ricky Nolasco,BOS MIL MIN OAK TB,9,2009,2019
2017,t2-1,COL,Tommy Pham,222407,CF,29,,3,4.751,yes,1.3,Tommy Pham,ATL COL SD TOR,10,2016,2026
2017,t2-1,CHW,Cam Bedrosian,12366,RP,26,,4,4.750,yes,0.6,Cam Bedrosian,CHW HOU TEX,4,2018,2021
2017,t2-1,KC,Mitch Haniger,37537,CF,27,,3,4.550,yes,1.9,Mitch Haniger,CHC COL KC MIL TEX,9,2014,2024
2017,t2-1,SF,Edinson Vólquez,515276,SP,34,,2,4.510,yes,1.7,Edinson Volquez,CLE MIL NYY SF,10,2009,2020
2017,t2-1,HOU,Tucker Barnhart,512714,C,26,,3,4.500,yes,1.3,Tucker Barnhart,CLE COL HOU MIL,7,2018,2024
2017,t2-1,TEX,Andrew Triggs,122861,RP,28,,3,3.980,yes,0.6,Andrew Triggs,MIN TEX,4,2018,2021
2017,t2-1,SD,Matt Joyce,147810,RF,33,,2,3.777,yes,0.8,Matt Joyce,BAL KC OAK PHI PIT SD SEA TB WAS,12,2009,2021
2017,t2-1,COL,Dan Otero,5529,RP,32,,2,3.750,yes,0.5,Dan Otero,COL MIN OAK STL,7,2013,2021
2017,t2-1,CIN,Josh Tomlin,355667,SP,33,,3,3.700,yes,1.4,Josh Tomlin,CIN SD,5,2013,2020
2017,t2-1,SF,Joakim Soria,290943,RP,33,0.1,2,3.663,yes,0.4,Joakim Soria,BOS KC MIA NYY SD SF,12,2009,2022
2017,t2-1,SD,Adam Liberatore,141729,RP,30,0.1,3,3.602,yes,0.4,Adam Liberatore,SD,4,2016,2020
2017,t2-1,TB,Byung Ho Park,429752,1B,31,,2,3.500,yes,1.5,Byung-Ho Park,MIL,1,2018,2018
2017,t2-1,ARI,Corey Knebel,357448,RP,26,,3,3.150,yes,0.5,Corey Knebel,ARI,7,2018,2024
2017,t2-1,LAD,Sandy León,296092,C,28,,3,3.000,no,1.3,Sandy Leon,LAD,3,2016,2019
2017,t2-1,CLE,Steve Cishek,180063,RP,31,0.1,3,2.816,yes,0.4,Steve Cishek,CLE PHI WAS,9,2013,2022
2017,t2-1,PIT,Steven Okert,304213,RP,26,,3,2.750,yes,0.4,Steven Okert,CLE KC MIA NYY PIT TOR,8,2018,2026
2017,t2-1,PIT,Derek Law,308298,RP,27,,4,2.550,yes,0.3,Derek Law,ATL PIT TB,4,2018,2021
2017,t2-1,CHW,Dan Jennings,121384,RP,30,,2,1.950,yes,0.7,Dan Jennings,CHW NYM,4,2016,2019
2017,t2-1,KC,O'Koyea Dickson,128870,1B,27,,2,1.850,yes,0.5,O'Koyea Dickson,KC TEX,2,2018,2019
2017,t2-1,TOR,Cameron Rupp,386953,C,29,,2,1.578,yes,1.1,Cameron Rupp,,,,
2017,t2-1,SEA,Stephen Drew,475845,2B,34,,2,1.550,no,1.0,Stephen Drew,OAK SEA WAS,8,2009,2018
2017,t2-1,NYM,Junior Guerra,194323,SP,32,,2,1.500,yes,1.5,Junior Guerra,NYM,2,2018,2019
2017,t2-2,COL,Yuli Gurriel,345723,1B,33,,2,8.751,yes,1.6,Yulieski Gurriel,CIN COL NYM,6,2018,2023
2017,t2-2,TOR,Jhonny Peralta,364264,3B,35,,2,8.500,no,1.8,Jhonny Peralta,BAL LAA NYM SD,7,2009,2016
2017,t2-2,CHC,Darren O'Day,136858,RP,35,,2,7.800,no,0.9,Darren O'Day,ATL CHC DET MIL MIN PHI,10,2011,2022
2017,t2-2,PHI,Brandon McCarthy,305629,SP,34,,2,6.500,no,0.8,Brandon McCarthy,BAL HOU PHI,9,2009,2018
2017,t2-2,NYY,Tommy Joseph,121201,1B,26,,4,6.300,yes,0.6,Tommy Joseph,NYY,3,2018,2020
2017,t2-2,ARI,Mike Leake,306094,SP,30,,2,5.850,yes,2.0,Mike Leake,ARI CHC COL TOR,11,2010,2021
2017,t2-2,BOS,Eric Thames,341538,1B,31,,2,5.000,no,1.8,Eric Thames,BAL BOS,7,2012,2021
2017,t2-2,CIN,Matt Bush,312990,RP,31,,3,4.200,yes,0.8,Matt Bush,CIN LAD MIN SEA SF TB WAS,12,2009,2024
2017,t2-2,CHC,Evan Scribner,156254,RP,32,,2,4.111,yes,0.5,Evan Scribner,CHC,1,2018,2018
2017,t2-2,BOS,Austin Jackson,219961,CF,30,,2,4.000,no,0.9,Austin Jackson,BOS OAK SF WAS,9,2009,2018
2017,t2-2,DET,Rob Segedin,332780,1B,29,,2,4.000,yes,1.7,Rob Segedin,DET,2,2018,2019
2017,t2-2,HOU,Alec Mills,434116,SP,26,,4,3.800,yes,1.2,Alec Mills,HOU,4,2018,2021
2017,t2-2,OAK,Brett Lawrie,445322,2B,27,,3,3.500,yes,1.2,Brett Lawrie,CHW MIL NYY OAK,11,2010,2020
2017,t2-2,SD,Chris Young,496498,LF,34,,2,3.252,no,0.8,Chris Young,CHC MIA SD,10,2009,2018
2017,t2-2,CIN,Erik González,425591,SS,26,,7,3.200,no,0.6,Erik Gonzalez,CIN,6,2018,2023
2017,t2-2,TOR,Héctor Neris,3751,RP,28,0.05,4,3.166,no,0.7,Hector Neris,MIA SD SF STL TOR,9,2017,2025
2017,t2-2,MIA,Jack Leathersich,365883,RP,27,,2,3.100,yes,0.2,Jack Leathersich,MIA,2,2018,2019
2017,t2-2,ARI,Ryan Dull,232213,RP,27,,4,3.050,yes,0.7,Ryan Dull,ARI,2,2018,2019
2017,t2-2,PHI,Jason Vargas,363504,SP,34,,2,3.000,no,0.8,Jason Vargas,CLE MIA MIL PHI TOR,10,2009,2020
2017,t2-2,COL,Andre Ethier,105470,LF,35,,2,2.795,no,0.4,Andre Ethier,ARI ATL BOS HOU LAD,7,2009,2016
2017,t2-2,SF,Daniel Hudson,468813,RP,30,,3,2.270,yes,-0.1,Daniel Hudson,CHW CLE KC SEA SF TOR,13,2010,2025
2017,t2-2,HOU,Danny Barnes,52719,RP,28,,3,2.150,yes,0.7,Danny Barnes,HOU,3,2018,2020
2017,t2-2,PHI,Ángel Pagán,426539,LF,36,,2,2.000,no,0.4,Angel Pagan,LAD MIN NYM OAK PHI,5,2009,2018
2017,t2-2,MIL,Dustin Ackley,406053,LF,29,,2,1.987,no,0.4,Dustin Ackley,KC SD,8,2010,2017
2017,t2-2,MIL,Giovanny Gallegos,31188,RP,26,,3,1.876,yes,0.3,Giovanny Gallegos,LAD MIL NYM,8,2018,2025
2017,t2-2,MIL,Josh Smoker,464262,RP,29,,3,1.876,no,0.4,Josh Smoker,LAD MIL,2,2018,2019
2017,t2-2,OAK,Paco Rodríguez,409837,RP,26,,3,1.800,yes,0.1,Paco Rodriguez,ARI MIL MIN,4,2014,2017
2017,t2-2,DET,John Hicks,118424,C,28,,2,1.750,yes,1.5,John Hicks,DET,2,2018,2019
2017,t2-2,CLE,CC Sabathia,145079,SP,37,,2,1.654,no,1.0,C.C. Sabathia,BAL CLE HOU WAS,10,2009,2020
2017,t2-2,TEX,Lisalverto Bonilla,255971,RP,27,,2,1.550,yes,0.7,Lisalverto Bonilla,TEX,2,2018,2019
2017,t2-2,PIT,Joey Wendle,210295,2B,27,,2,1.510,yes,1.3,Joey Wendle,DET PIT TOR,6,2018,2023
2017,t2-3,TOR,Mike Napoli,118545,1B,36,,2,7.500,no,1.2,Mike Napoli,DET MIA NYM WAS,7,2009,2016
2017,t2-3,PHI,T. J. Rivera,270919,3B,29,,2,4.000,yes,1.4,T.J. Rivera,PHI,2,2018,2019
2017,t2-3,TOR,Jefry Marte,384335,1B,26,,2,3.750,yes,0.5,Jefry Marte,,,,
2017,t2-3,MIA,Miguel Montero,185527,C,34,,2,3.750,no,1.2,Miguel Montero,COL DET NYY SD,9,2009,2019
2017,t2-3,SD,Kyle Higashioka,59600,C,27,,2,3.667,yes,1.3,Kyle Higashioka,BAL SD SEA SF TEX,9,2018,2026
2017,t2-3,SEA,Pablo Sandoval,32694,3B,31,,3,3.500,yes,0.5,Pablo Sandoval,HOU PIT SEA STL,11,2009,2020
2017,t2-3,CIN,Tony Barnette,175345,RP,34,,2,3.300,yes,0.7,Tony Barnette,CIN LAA TB,2,2018,2019
2017,t2-3,NYY,Jacob Barnes,117917,RP,27,,4,3.042,yes,0.6,Jacob Barnes,NYY TB,5,2018,2022
2017,t2-3,SF,Félix Peña,440562,RP,27,,2,3.010,yes,0.4,Felix Pena,KC SF,3,2018,2022
2017,t2-3,PHI,Ryan Buchter,449275,RP,30,,2,3.000,no,0.5,Ryan Buchter,BAL PHI,2,2018,2019
2017,t2-3,LAD,Chad Huffman,123276,1B,32,,2,2.250,yes,0.7,Chad Huffman,LAD SF WAS,7,2009,2019
2017,t2-3,CIN,Bruce Maxwell,53653,C,27,,4,2.200,yes,1.0,Bruce Maxwell,BAL CIN,5,2018,2022
2017,t2-3,CIN,Colby Lewis,426136,SP,38,,2,2.100,no,1.4,Colby Lewis,BAL CIN STL WAS,7,2009,2018
2017,t2-3,WAS,Mitch Moreland,421553,1B,32,,3,2.000,no,0.5,Mitch Moreland,ARI TEX WAS,10,2012,2023
2017,t2-3,PHI,Carlos Torres,146943,RP,35,,2,2.000,no,0.4,Carlos Torres,PHI TEX,2,2016,2018
2017,t2-3,DET,Hernán Pérez,27978,3B,26,,3,2.000,no,1.3,Hernan Perez,ARI ATL CLE DET PHI,6,2018,2025
2017,t2-3,CLE,Nick Vincent,58298,RP,31,0.1,2,1.992,yes,0.5,Nick Vincent,CLE TEX,7,2014,2021
2017,t2-3,TOR,Cristhian Adames,492072,SS,26,,3,1.888,yes,0.5,Christhian Adames,TOR,1,2018,2018
2017,t2-3,MIL,Brooks Pounders,153409,SP,27,,3,1.876,yes,0.4,Brooks Pounders,MIL,1,2018,2018
2017,t2-3,LAD,Chris Iannetta,384822,C,34,,2,1.800,yes,1.0,Chris Iannetta,COL LAD MIA SEA,9,2009,2019
2017,t2-3,CHW,Guillermo Heredia,305086,CF,26,,2,1.750,yes,0.9,Guillermo Heredia,CHW CLE KC,3,2018,2021
2017,t2-3,SEA,Nick Hundley,501027,C,34,,2,1.550,no,0.4,Nick Hundley,CHW CIN STL,5,2011,2016
2017,t2-3,COL,Joe Smith,219217,RP,33,,2,1.526,no,0.5,Joe Smith,BOS CIN COL NYM PIT SD TB,13,2009,2022
2017,t2-3,COL,Justin Wilson,437635,RP,30,,2,1.526,no,0.2,Justin Wilson,COL OAK PHI SEA SF TEX,8,2015,2026
2017,t2-3,SF,David Ross,332075,C,40,,2,1.500,no,0.8,David Ross,MIN SF TB,6,2010,2018
2017,t2-3,MIL,Aaron Loup,464518,RP,30,0.1,2,1.389,no,0.2,Aaron Loup,MIL STL,8,2015,2023
2017,t2-3,MIL,Jumbo Díaz,70070,RP,33,0.1,2,1.389,no,0.3,Jumbo Diaz,BAL MIL,2,2016,2019
2017,t2-4,TB,Chase Utley,511143,2B,39,,2,3.000,no,1.1,Chase Utley,CLE MIA OAK TB,7,2009,2018
2017,t2-4,TB,Jesse Chavez,4026,SP,34,,2,2.750,yes,1.2,Jesse Chavez,ATL COL MIA MIN SD TB,7,2016,2023
2017,t2-4,HOU,Ben Revere,82463,CF,29,,2,2.615,no,0.9,Ben Revere,BOS COL HOU KC PIT,11,2009,2019
2017,t2-4,SEA,Alcides Escobar,422977,SS,31,,3,2.200,no,1.3,Alcides Escobar,CHW MIA NYY SEA TB,14,2009,2023
2017,t2-4,SEA,Tyler Clippard,387068,RP,32,,2,2.000,no,0.5,Tyler Clippard,NYY SEA,12,2009,2022
2017,t2-4,CIN,Joe Thatcher,471531,RP,36,,2,1.900,yes,0.2,Joe Thatcher,CIN LAD,5,2011,2019
2017,t2-4,CIN,Rajai Davis,284374,CF,37,,2,1.900,yes,1.1,Rajai Davis,ATL CIN COL DET KC,8,2009,2019
2017,t2-4,MIL,Aríel Miranda,336697,SP,28,,3,1.876,yes,1.2,Ariel Miranda,MIL,1,2018,2018
2017,t2-4,CLE,Jayson Werth,286773,LF,38,,2,1.595,no,0.0,Jayson Werth,BOS CHC CLE SEA,7,2009,2018
2017,t2-4,TB,Dario Álvarez,336333,RP,28,,2,1.550,yes,0.3,Dario Alvarez,CLE TB,2,2018,2019
2017,t2-4,MIL,Kelby Tomlinson,404147,2B,27,,2,1.543,yes,0.9,Kelby Tomlinson,LAD MIL,2,2018,2019
2017,t2-4,MIL,Rob Brantly,388551,C,28,,2,1.543,no,0.6,Rob Brantly,CHW HOU MIL NYY TOR,5,2013,2020
2017,t2-4,SD,Wade LeBlanc,152622,SP,33,,2,1.502,yes,1.2,Wade LeBlanc,CHW CIN MIA SD,9,2009,2020
2017,t2-5,HOU,Alex Dickerson,476568,LF,27,,4,2.755,yes,1.0,Alex Dickerson,HOU KC,4,2018,2021
2017,t2-5,ARI,Robinson Chirinos,482309,C,33,,2,2.050,yes,0.8,Robinson Chirinos,ARI COL KC TEX,9,2012,2022
2017,t2-5,NYM,Taylor Rogers,191050,RP,27,,3,1.950,yes,0.5,Taylor Rogers,CIN MIA NYM TEX,9,2018,2026
2017,t2-5,ARI,Cameron Maybin,398167,CF,30,,3,1.900,yes,1.1,Cameron Maybin,ARI CLE COL NYY PIT,12,2009,2020
2017,t2-5,TB,Chaz Roe,425056,RP,31,,2,1.550,yes,0.4,Chaz Roe,CHC CLE KC LAA NYM SD TB,7,2015,2023
2017,t2-5,MIL,Scott Feldman,125434,SP,34,,2,1.543,no,1.0,Scott Feldman,DET MIL PHI,5,2011,2015
2017,t2-5,SD,Joe Mauer,136687,1B,34,,2,1.502,no,0.9,Joe Mauer,MIN SD WAS,10,2009,2019
2017,t2-5,CHW,A. J. Ellis,235137,C,36,,2,1.501,no,0.5,A.J. Ellis,CHC CHW OAK TEX,7,2010,2019
2017,t2-5,NYM,Mike Hauschild,380673,SP,27,,2,1.500,yes,1.3,Mike Hauschild,,,,
2017,t3-1,OAK,David Ortiz,108241,DH,42,,1,12.000,no,3.3,David Ortiz,BOS CHW CLE DET,6,2010,2017
2017,t3-1,TB,Jonathan Papelbon,453708,RP,37,,1,2.500,no,0.8,Jonathan Papelbon,CLE COL PHI TEX,7,2009,2016
2017,t3-1,COL,Clayton Richard,516533,SP,34,,1,1.510,no,0.3,Clayton Richard,ARI CHC CLE,7,2009,2019
2017,t3-1,TB,César Valdez,208316,SP,32,,1,1.250,no,1.1,Cesar Valdez,MIN,2,2022,2023
2017,t3-1,NYM,Chris Rusin,344249,SP,31,,1,1.160,yes,1.5,Chris Rusin,NYM,1,2018,2018
2017,t3-1,COL,Kelly Johnson,83576,2B,35,0.1,1,1.126,no,0.5,Kelly Johnson,MIA NYM STL TEX,7,2009,2016
2017,t3-1,COL,Michael McKenry,366787,C,32,,1,1.110,yes,0.0,Michael McKenry,BOS COL PIT SF,5,2012,2018
2017,t3-1,KC,Seth Lugo,52730,SP,28,,1,1.100,yes,0.3,Seth Lugo,BOS CHW SEA STL,8,2019,2026
2017,t3-1,PHI,Steve Clevenger,483576,C,31,,1,1.000,no,0.3,Steve Clevenger,COL LAD,3,2013,2016
2017,t3-2,DET,Mark Teixeira,429270,1B,37,,1,3.000,no,0.9,Mark Teixeira,SD TEX WAS,7,2009,2016
2017,t3-2,CHC,Dae-ho Lee,63759,1B,35,,1,2.222,no,0.9,Dae-Ho Lee,,,,
2017,t3-2,BAL,Trevor Cahill,201550,RP,29,,2,1.500,yes,0.0,Trevor Cahill,MIA OAK STL WAS,9,2009,2019
2017,t3-2,SEA,Brian Matusz,337552,RP,30,,1,1.200,no,0.3,Brian Matusz,KC SD,9,2009,2017
2017,t3-2,KC,Luis Avilán,403608,RP,28,,1,1.010,yes,0.1,Luis Avilan,LAD TB,4,2019,2022
2017,t3-2,KC,Mike Morin,267976,RP,26,,1,1.010,yes,0.1,Mike Morin,,,,
2017,t3-2,SD,Andrew Bailey,507247,RP,33,,1,1.002,no,0.1,Andrew Bailey,SEA,6,2010,2015
2017,t3-2,SD,Jim Johnson,230981,RP,34,,1,1.002,yes,0.2,Jim Johnson,ARI SD SEA,6,2010,2018
2017,t3-2,BAL,Carlos Ruiz,264165,C,38,,1,1.000,no,0.7,Carlos Ruiz,BOS CIN TB,6,2009,2016
2017,t3-2,BAL,James Shields,463505,SP,36,,1,1.000,yes,1.0,James Shields,BAL BOS SEA SF STL,8,2009,2018
2017,t3-2,CHC,Adam Rosales,35952,3B,34,,1,1.000,yes,1.0,Adam Rosales,CHC STL,2,2011,2018
2017,t3-3,ATL,Ildemaro Vargas,132142,SS,26,,2,2.000,no,0.9,Ildemaro Vargas,ATL LAD MIN,6,2018,2024
2017,t3-3,KC,Brad Boxberger,94822,RP,29,,1,1.010,yes,0.3,Brad Boxberger,CHW TEX TOR,8,2011,2018
2017,t3-3,BAL,Kaleb Fleck,195546,RP,28,,1,1.000,yes,0.3,Kaleb Fleck,BAL,1,2018,2018
2017,t3-3,BAL,Joba Chamberlain,259801,RP,32,,1,1.000,yes,0.1,Joba Chamberlain,CIN SD TB,7,2009,2015
2017,t3-4,MIL,Brent Suter,97642,SP,28,,1,1.991,yes,1.0,Brent Suter,ARI MIA MIL PIT TB,6,2018,2023
2017,t3-4,BAL,Charlie Furbush,515017,RP,31,,1,1.450,yes,-0.1,Charlie Furbush,BAL BOS NYM,7,2012,2018
2017,t3-4,LAD,Jason Grilli,231360,RP,41,,1,1.125,yes,0.3,Jason Grilli,BOS CHC LAD TEX,4,2010,2018
2017,t3-4,SD,Ji Man Choi,210171,1B,26,,1,1.002,yes,0.0,Ji-Man Choi,CLE KC OAK SD,7,2018,2024
2017,t3-4,MIL,Chris Coghlan,320491,LF,32,,1,1.001,yes,1.0,Chris Coghlan,CHC,7,2009,2015
2017,t3-4,MIL,Chris Parmelee,168270,1B,29,,1,1.001,no,0.6,Chris Parmelee,ARI,2,2016,2017
2017,t3-4,BAL,John Danks,75568,SP,32,,1,1.000,yes,0.6,John Danks,BAL NYY,8,2009,2018
2017,t3-4,BAL,Kyle Ryan,198888,RP,26,,1,1.000,yes,0.3,Kyle Ryan,BAL,1,2018,2018
2017,t4-1,TEX,Bryan Mitchell,506762,SP,26,,2,1.510,yes,-0.6,Bryan Mitchell,TEX,2,2018,2019
2017,t4-1,BOS,R. A. Dickey,503446,SP,43,,1,1.250,no,1.1,R.A. Dickey,NYY SF WAS,4,2012,2016
2017,t4-1,BAL,Jeremy Hazelbaker,124542,LF,30,,1,1.157,no,0.5,Jeremy Hazelbaker,,,,
2017,t4-1,TB,Ehire Adrianza,316268,SS,28,,1,0.000,MLI,0.9,Ehire Adrianza,CHW MIL PHI TOR,5,2019,2024
2017,t4-1,TB,Curt Casali,148657,C,29,,1,0.000,MLI,0.7,Curt Casali,CHC CLE LAA LAD,5,2019,2024
2017,t4-1,TB,Hank Conger,470578,C,29,,1,0.000,MLI,0.5,Hank Conger,CIN TB,8,2009,2016
2017,t4-1,TEX,Chris Heisey,407520,LF,33,,1,0.000,MLI,0.4,Chris Heisey,MIN TOR,7,2010,2016
2017,t4-1,SEA,Matt McBride,267664,C,32,,1,0.000,MLI,0.4,Matt McBride,WAS,1,2015,2015
2017,t4-1,BOS,Ichiro Suzuki,478569,RF,44,,1,0.000,MLI,0.1,Ichiro Suzuki,BOS COL WAS,4,2009,2015
2017,t4-1,TEX,Danny Ortiz,187095,CF,27,,1,0.000,MLI,0.6,Danny Ortiz,TEX,1,2017,2017
2017,t4-1,CHW,Manny Piña,491390,C,30,,1,0.000,MLI,1.0,Manny Pina,HOU PHI SF TB,6,2019,2024
2017,t4-1,CHW,Onelki García,253648,RP,28,,1,0.000,MLI,0.3,Onelki Garcia,,,,
2017,t4-1,MIL,Maxx Tissenbaum,46817,C,26,,1,0.000,MLI,-0.2,Maxx Tissenbaum,,,,
2017,t4-1,NYM,Rafael Ortega,457119,CF,26,,1,0.000,MLI,0.0,Rafael Ortega,CLE NYY PIT TEX,4,2019,2023
2017,t4-1,NYM,Spencer Kieboom,101654,C,26,,1,0.000,MLI,1.1,Spencer Kieboom,,,,
2017,t4-1,PHI,Drew Stubbs,315546,CF,33,,1,0.000,MLI,0.3,Drew Stubbs,OAK,8,2009,2016
2017,t4-1,PHI,Rafael Ynoa,6067,2B,30,,1,0.000,MLI,-0.6,Rafael Ynoa,,,,
2017,t4-1,SD,Gorkys Hernández,62334,CF,30,,1,0.000,MLI,1.2,Gorkys Hernandez,CHC NYM TOR,6,2009,2014
2017,t4-1,SD,Kyle Blanks,398603,1B,31,,1,0.000,MLI,0.6,Kyle Blanks,ATL COL HOU TB,9,2009,2017
2017,t4-1,SEA,Cedric Hunter,179095,RF,29,,1,0.000,MLI,0.6,Cedric Hunter,NYY,1,2016,2016
2017,t4-2,CHW,Nick Wittgren,334947,RP,26,,1,1.050,yes,0.5,Nick Wittgren,CHW MIN,4,2018,2023
2017,t4-2,KC,Iván De Jesús,20800,SS,30,,1,0.000,MLI,0.5,Ivan DeJesus,COL MIL SF TOR,9,2009,2017
2017,t4-2,MIL,Deunte Heath,309544,RP,32,,1,0.000,MLI,0.0,Deunte Heath,,,,
2017,t4-2,MIL,Micah Owings,340245,RP,35,,1,0.000,MLI,0.0,Micah Owings,PIT SD,5,2009,2014
2017,t4-2,SD,Adonis García,325348,3B,32,,1,0.000,MLI,0.9,Adonis Garcia,,,,
2017,t4-2,TOR,Kirby Yates,289240,RP,30,,1,0.000,MLI,0.4,Kirby Yates,COL MIA NYM NYY TOR,7,2019,2026
2017,t4-3,TEX,Darwin Barney,300014,2B,32,,1,1.100,yes,0.8,Darwin Barney,LAD MIL TEX,5,2012,2018
2017,t4-3,TOR,Nick Martini,429276,RF,27,,1,0.000,MLI,0.3,Nick Martini,DET KC,3,2019,2021
2017,t4-4,BOS,Erik Goeddel,346891,RP,29,,1,0.000,MLI,-0.2,Erik Goeddel,,,,
2017,t4-4,BOS,Ryan Cook,279880,RP,30,,1,0.000,MLI,-0.2,Ryan Cook,BOS TOR,4,2013,2016
2017,t4-4,PHI,Fernando Salas,348274,RP,32,,1,0.000,MLI,0.2,Fernando Salas,BOS TOR,4,2012,2016
2017,t4-4,TOR,Cory Gearrin,457471,RP,31,,1,0.000,MLI,0.2,Cory Gearrin,DET MIN,4,2014,2020
2016,t1-1,OAK,Evan Longoria,16738,3B,,,2,25.000,no,,Evan Longoria,CHC MIN OAK SF TB TOR,14,2009,2024
2016,t1-1,CHC,Edwin Encarnación,472829,1B,,,2,22.000,no,,Edwin Encarnacion,BAL CHC COL LAA SD SEA TB WAS,10,2009,2021
2016,t1-2,COL,José Bautista,407571,RF,,,3,25.755,no,,Jose Bautista,COL NYM,8,2010,2019
2016,t1-2,SD,Jung Ho Kang,508318,SS,,,5,14.502,no,,Jung-Ho Kang,MIN SD,4,2017,2020
2016,t1-3,NYM,Adam Wainwright,205093,SP,,0.15,4,27.000,no,,Adam Wainwright,CLE NYM NYY STL,14,2009,2023
2016,t1-3,KC,Yasmany Tomás,496127,3B,,,4,9.250,yes,,Yasmany Tomas,BOS KC,4,2017,2020
2016,t1-4,LAA,Adam Jones,216398,CF,,,4,25.500,no,,Adam Jones,BOS CLE COL LAA PHI SEA,11,2009,2020
2016,t1-4,TB,Albert Pujols,454889,1B,,0.15,2,16.965,no,,Albert Pujols,HOU LAA SEA TB,9,2010,2023
2016,t1-5,NYY,John Lackey,196047,SP,,,2,23.999,no,,John Lackey,BOS DET NYY OAK,7,2009,2019
2016,t1-5,WAS,Jacoby Ellsbury,51907,CF,,,3,11.000,no,,Jacoby Ellsbury,CIN MIA MIL WAS,10,2009,2019
2016,t2-1,SEA,Adrian Beltré,40820,3B,,0.15,2,21.600,no,,Adrian Beltre,CHC NYY SEA,7,2009,2019
2016,t2-1,SD,Ben Zobrist,111506,2B,,,3,21.125,no,,Ben Zobrist,CIN CLE NYM NYY SD SF,8,2010,2020
2016,t2-1,PHI,Carlos Santana,207121,1B,,,3,19.000,no,,Carlos Santana,CHW LAA NYY PHI SEA,16,2010,2026
2016,t2-1,OAK,Jaime García,392787,SP,,,3,17.500,yes,,Jaime Garcia,MIN OAK,10,2009,2019
2016,t2-1,CHC,Shin-Soo Choo,134885,RF,,0.15,2,15.938,no,,Shin-Soo Choo,ARI BAL CHC LAA SEA,10,2009,2021
2016,t2-1,PHI,Matt Kemp,254997,LF,,,3,14.000,yes,,Matt Kemp,BAL BOS COL DET MIN PHI SEA WAS,12,2009,2021
2016,t2-1,MIA,Andrew Cashner,111776,SP,,,4,13.750,no,,Andrew Cashner,ATL CLE COL KC MIA,9,2010,2019
2016,t2-1,CHW,Matt Holliday,511317,LF,,,2,13.555,no,,Matt Holliday,BOS CHW COL MIA NYM WAS,8,2009,2019
2016,t2-1,PHI,Yovani Gallardo,387896,SP,,,4,13.000,no,,Yovani Gallardo,MIN PHI SD STL TOR,9,2009,2018
2016,t2-1,SF,Colby Rasmus,308480,CF,,,4,12.800,no,,Colby Rasmus,SF TEX,10,2009,2019
2016,t2-1,BAL,Rick Porcello,76534,SP,,,3,12.555,yes,,Rick Porcello,ARI BAL CIN COL HOU TEX WAS,13,2009,2022
2016,t2-1,TEX,Chris Bassitt,462776,SP,,,3,12.550,yes,,Chris Bassitt,KC NYM PHI TEX,10,2017,2026
2016,t2-1,LAA,Travis Wood,231368,SP,,,2,10.000,no,,Travis Wood,BAL BOS LAA MIA NYM WAS,9,2009,2017
2016,t2-1,BAL,Kendrys Morales,491965,DH,,,2,9.999,yes,,Kendrys Motrales,BAL CHW CLE HOU NYY,10,2009,2020
2016,t2-1,SF,Curtis Granderson,466039,CF,,,3,9.500,no,,Curtis Granderson,BAL CHW CLE NYY PIT SF,9,2009,2019
2016,t2-1,TB,Scott Van Slyke,179432,LF,,,2,9.250,no,,Scott Van Slyke,SD TB TOR,3,2013,2017
2016,t2-1,BOS,Jason Hammel,381286,SP,,,3,9.000,no,,Jason Hammel,BOS NYM SF STL,9,2009,2018
2016,t2-1,PIT,Denard Span,262363,CF,,,4,8.760,no,,Denard Span,ATL OAK PIT SD SEA WAS,9,2010,2019
2016,t2-1,SEA,Gerardo Parra,436865,LF,,,2,8.500,yes,,Gerardo Parra,CLE MIA NYY SEA SF TB,9,2009,2018
2016,t2-1,WAS,Yadier Molina,281126,C,,,2,8.500,no,,Yadier Molina,ATL BOS CHC KC NYM PIT WAS,12,2009,2022
2016,t2-1,COL,Francisco Cervelli,490331,C,,,3,8.100,no,,Francisco Cervelli,ARI ATL CLE COL MIN TB,8,2013,2021
2016,t2-1,TEX,Yangervis Solarte,436385,3B,,,3,7.500,no,,Yangervis Solarte,BOS CHC DET TEX,6,2015,2021
2016,t2-1,MIN,Drew Storen,91169,RP,,,3,7.250,yes,,Drew Storen,HOU MIN PHI,9,2010,2018
2016,t2-1,NYM,Seth Smith,385821,RF,,,3,7.000,no,,Seth Smith,CHW NYM TB TOR,6,2010,2018
2016,t2-1,CHW,Jabari Blash,34464,RF,,,2,6.750,yes,,Jabari Blash,CHW,4,2017,2020
2016,t2-1,NYY,Erick Aybar,305919,SS,,0.15,3,6.375,no,,Erick Aybar,MIN NYY SD STL TOR,9,2009,2018
2016,t2-1,TB,Juan Uribe,511304,3B,,0.15,2,6.375,no,,Juan Uribe,CHW COL TB,4,2011,2017
2016,t2-1,OAK,Pedro Strop,278303,RP,,,2,6.000,no,,Pedro Strop,ARI LAD OAK,5,2014,2020
2016,t2-1,LAA,Nori Aoki,179289,RF,,,2,6.000,no,,Norichika Aoki,DET LAA,3,2014,2017
2016,t2-1,ARI,Brandon Moss,134153,LF,,,2,5.500,yes,,Brandon Moss,ARI CLE MIL STL,6,2010,2018
2016,t2-1,MIA,Joaquín Benoit,215076,RP,,0.15,2,5.400,no,,Joaquin Benoit,MIA,4,2012,2017
2016,t2-1,LAD,Elvis Andrus,403805,SS,,0.15,5,5.400,no,,Elvis Andrus,BAL LAA LAD SD TOR,15,2009,2024
2016,t2-1,MIL,Chris Colabello,101598,1B,,,2,5.123,no,,Chris Colabello,MIL TOR,2,2015,2017
2016,t2-1,COL,Tony Watson,471259,RP,,0.15,3,5.100,no,,Tony Watson,COL OAK,9,2014,2023
2016,t2-1,SF,Adam Lind,232925,1B,,,2,5.100,no,,Adam Lind,CLE COL LAD MIA PIT SF STL WAS,9,2009,2019
2016,t2-1,BOS,Héctor Olivera,323614,3B,,,4,5.000,no,,Hector Olivera,BOS,3,2017,2019
2016,t2-1,CHW,Franklin Gutiérrez,268184,CF,,,2,4.750,yes,,Franklin Gutierrez,CHW MIL,7,2009,2018
2016,t2-1,NYM,Koji Uehara,454335,RP,,,2,4.000,no,,Koji Uehara,CIN LAA MIN NYM,4,2011,2017
2016,t2-1,HOU,Jeff Niemann,91399,SP,,,2,4.000,no,,Jeff Niemann,MIN,7,2009,2015
2016,t2-1,MIN,Miguel Socolovich,449717,RP,,,3,4.000,no,,Miguel Socolovich,MIN STL,4,2017,2020
2016,t2-1,COL,Ryan Madson,137358,RP,,0.15,2,3.400,no,,Ryan Madson,ARI COL NYM SD TB,7,2009,2019
2016,t2-1,LAD,Tony Sipp,2018,RP,,0.15,3,3.400,no,,Tony Sipp,DET LAD,10,2009,2020
2016,t2-1,WAS,Josh Hamilton,398382,RF,,0.15,2,3.400,no,,Josh Hamilton,TEX TOR WAS,8,2009,2017
2016,t2-1,WAS,Caleb Joseph,330581,C,,,2,3.250,no,,Caleb Joseph,LAA SD WAS,3,2016,2020
2016,t2-1,MIA,Marwin González,246084,2B,,,2,3.000,no,,Marwin Gonzalez,DET MIA PHI WAS,5,2017,2022
2016,t2-1,TEX,Jason Rogers,109478,LF,,,3,2.950,yes,,Jason Rogers,TEX,2,2017,2018
2016,t2-1,MIL,Keith Hessler,395788,RP,,,3,2.882,yes,,Keith Hessler,MIL,1,2017,2017
2016,t2-1,TEX,Cory Mazzoni,402583,RP,,,3,1.950,yes,,Cory Mazzoni,TEX,1,2017,2017
2016,t2-1,WAS,Daniel Hudson,468813,RP,,,2,1.900,yes,,Daniel Hudson,CHW CLE KC SEA SF TOR,13,2010,2025
2016,t2-1,NYM,Kris Medlen,495343,SP,,0.15,3,1.700,yes,,Kris Medlen,NYM SF,8,2010,2018
2016,t2-1,NYM,Brad Brach,207113,RP,,,2,1.550,no,,Brad Brach,NYM NYY PHI SEA,8,2014,2022
2016,t2-1,SEA,Aaron Hill,104460,2B,,,2,1.500,no,,Aaron Hill,SEA WAS,8,2009,2017
2016,t2-2,MIN,Jake Peavy,476254,SP,,,3,11.000,no,,Jake Peavy,ATL HOU MIN TEX,8,2009,2018
2016,t2-2,CIN,Chris Young,399135,SP,,,2,9.000,no,,Chris Young,CIN KC,4,2010,2017
2016,t2-2,MIL,Justin Bour,349964,1B,,,4,6.666,no,,Justin Bour,KC MIA MIL PHI,4,2017,2020
2016,t2-2,PHI,Francisco Rodríguez,416580,RP,,,3,6.500,no,,Francisco Rodriguez,BOS MIA MIN PHI SEA,7,2009,2018
2016,t2-2,HOU,Yunel Escobar,120460,SS,,,2,6.100,no,,Yunel Escobar,BAL HOU NYY TB,8,2009,2017
2016,t2-2,DET,Alejandro De Aza,364677,LF,,,2,6.000,no,,Alejandro De Aza,CLE DET MIL,5,2012,2017
2016,t2-2,MIA,Luke Gregerson,399291,RP,,,3,6.000,no,,Luke Gregerson,ATL BOS KC MIA TEX,9,2011,2020
2016,t2-2,COL,Asdrúbal Cabrera,309149,SS,,0.15,2,5.950,no,,Asdrubal Cabrera,ATL COL DET NYM PIT,12,2009,2022
2016,t2-2,MIL,Hansel Robles,302321,RP,,,5,5.500,no,,Hansel Robles,CIN DET MIL TB WAS,6,2017,2022
2016,t2-2,WAS,Carlos Beltrán,505143,LF,,,2,5.500,no,,Carlos Beltran,ARI BOS COL SF WAS,7,2009,2017
2016,t2-2,CHC,Chris Coghlan,320491,LF,,0.15,2,4.250,yes,,Chris Coghlan,CHC,7,2009,2015
2016,t2-2,ARI,Antonio Bastardo,354390,RP,,0.15,2,4.038,yes,,Antonio Bastardo,ARI DET,8,2010,2018
2016,t2-2,SD,Brandon Morrow,36515,SP,,,2,4.002,no,,Brandon Morrow,HOU MIN SD TEX,12,2009,2022
2016,t2-2,SD,Pat Neshek,63454,RP,,,2,3.752,no,,Pat Neshek,CIN KC LAA LAD SD,7,2009,2019
2016,t2-2,TB,Rich Hill,291654,SP,,,2,3.500,yes,,Rich Hill,ATL MIN TB TEX TOR WAS,9,2009,2021
2016,t2-2,SF,Bartolo Colón,44798,SP,,,2,3.000,no,,Bartolo Colon,ATL BOS COL PHI SF,6,2010,2019
2016,t2-2,PHI,Geovany Soto,66958,C,,,2,3.000,no,,Geovany Soto,BAL KC PHI SD,9,2009,2018
2016,t2-2,TEX,Arquimedes Caminero,65561,RP,,,3,2.950,yes,,Arquimedes Caminero,MIN TEX,2,2017,2018
2016,t2-2,MIL,Jeff Francis,287818,RP,,0.15,2,2.525,yes,,Jeff Francis,BAL CHW MIL SD,6,2009,2017
2016,t2-2,KC,Ryan Hanigan,137651,C,,,2,2.100,no,,Ryan Hanigan,ATL KC MIL,6,2010,2017
2016,t2-2,OAK,Jarrett Parker,38770,RF,,,3,2.055,yes,,Jarrett Parker,OAK,1,2017,2017
2016,t2-2,TEX,James Hoyt,269837,RP,,,3,2.050,yes,,James Hoyt,TEX,5,2017,2021
2016,t2-2,CHW,Erik Kratz,508111,C,,,2,2.025,no,,Eric Kratz,CHW HOU KC LAD,4,2011,2019
2016,t2-2,TOR,Zack Thornton,502626,RP,,,3,1.991,yes,,Zack Thornton,,,,
2016,t2-2,ATL,Martín Maldonado,375073,LF,,,2,1.860,no,,Martin Maldonado,ATL CIN COL MIN SD,9,2014,2024
2016,t2-2,COL,Joe Blanton,21536,SP,,,2,1.576,yes,,Joe Blanton,BAL COL LAD TB,6,2009,2018
2016,t2-2,CHC,David Freitas,60672,C,,,2,1.500,yes,,David Freitas,CHC TEX,6,2017,2023
2016,t2-2,NYM,Tyler Saladino,489887,3B,,0.15,2,1.360,yes,,Tyler Saladino,NYM,3,2017,2019
2016,t2-2,NYM,Justin Ruggiano,340584,LF,,0.15,2,1.360,yes,,Justin Ruggiano,LAA NYM SF,5,2010,2018
2016,t2-3,KC,Matt Garza,103648,SP,,,2,8.100,yes,,Matt Garza,CHC CLE KC LAA SD,8,2009,2018
2016,t2-3,SF,Danny Espinosa,231652,2B,,,3,5.200,no,,Danny Espinosa,CHC SD SF,6,2011,2017
2016,t2-3,LAD,Taylor Motter,20195,SS,,,4,5.115,no,,Taylor Motter,LAD,3,2017,2019
2016,t2-3,NYM,Kevin Quackenbush,61631,RP,,,3,5.000,no,,Kevin Quackenbush,NYM WAS,2,2017,2018
2016,t2-3,MIA,Marlon Byrd,327242,LF,,,2,5.000,no,,Marlon Byrd,MIA NYM OAK SD SEA,5,2009,2017
2016,t2-3,TB,Santiago Casilla,135183,RP,,,2,4.700,no,,Santiago Casilla,PIT TB WAS,7,2009,2017
2016,t2-3,TOR,Jerry Blevins,345912,RP,,0.15,2,4.250,no,,Jerry Blevins,BAL LAA PIT SF TEX TOR,9,2010,2021
2016,t2-3,BAL,Jason Frasor,356412,RP,,,2,3.800,no,,Jason Frasor,BOS CLE STL,5,2009,2015
2016,t2-3,OAK,Tony Zych,376846,RP,,,3,3.500,yes,,Tony Zych,OAK,3,2017,2019
2016,t2-3,STL,Dayán Viciedo,127343,LF,,,2,3.450,no,,Dayan Viciedo,STL WAS,7,2011,2017
2016,t2-3,CIN,Jerad Eickhoff,398447,SP,,,4,3.200,no,,Jerad Eickhoff,CIN,3,2017,2019
2016,t2-3,BAL,Brad Ziegler,46687,RP,,,2,3.200,yes,,Brad Ziegler,BAL CHC LAD MIL TOR,8,2010,2019
2016,t2-3,MIN,Andy Wilkins,293617,1B,,,2,3.100,yes,,Andy Wilkins,BAL,1,2016,2016
2016,t2-3,MIN,Rafael Martín,487075,RP,,,2,3.000,yes,,Rafael Martin,MIN,2,2017,2018
2016,t2-3,PHI,Cesár Ramos,44821,RP,,,3,3.000,no,,Cesar Ramos,HOU PHI,4,2014,2018
2016,t2-3,PHI,Jared Hughes,440582,SP,,,3,3.000,no,,Jared Hughes,PHI TEX WAS,7,2014,2021
2016,t2-3,TB,Shawn Armstrong,97185,RP,,,2,3.000,yes,,Shawn Armstrong,ATL CHW PHI PIT TB,9,2017,2026
2016,t2-3,ARI,Nick Ahmed,402892,SS,,,3,2.950,yes,,Nick Ahmed,ARI LAA MIL STL,9,2017,2025
2016,t2-3,ATL,Elías Díaz,370995,C,,,4,2.800,no,,Elias Diaz,ATL,5,2017,2023
2016,t2-3,MIA,Edwin Jackson,264509,SP,,,2,2.500,no,,Edwin Jackson,ARI CHW MIA TB,7,2009,2017
2016,t2-3,MIN,José Martínez,41299,LF,,,2,2.500,yes,,Jose Martinez,MIN OAK,4,2017,2020
2016,t2-3,PHI,Neal Cotts,395837,RP,,,2,2.500,no,,Neal Cotts,CHC CHW COL LAA PHI,5,2009,2017
2016,t2-3,CHW,Grégor Blanco,348282,LF,,,2,2.355,no,,Gregor Blanco,CHC CHW,3,2010,2017
2016,t2-3,TB,Matt Duffy,63328,3B,,,2,2.250,yes,,Matt E. Duffy,,,,
2016,t2-3,OAK,Justin Miller,294237,RP,,,2,2.200,yes,,Justin Miller,BOS,2,2009,2010
2016,t2-3,STL,Greg Nappo,159089,RP,,,2,2.000,no,,Greg Nappo,STL,1,2017,2017
2016,t2-3,DET,Sean Rodríguez,28106,2B,,,2,2.000,no,,Sean Rodriguez,DET SF TB WAS,10,2009,2019
2016,t2-3,KC,Brandon Gomes,169388,RP,,,2,2.000,yes,,Brandon Gomes,CHW,1,2013,2013
2016,t2-3,LAD,Jake Goebbert,348952,LF,,,2,2.000,yes,,Jake Goebbert,LAD,2,2017,2018
2016,t2-3,OAK,Philip Gosselin,287563,2B,,,3,1.950,yes,,Phil Gosselin,OAK,3,2017,2019
2016,t2-3,LAD,Coco Crisp,14541,CF,,0.15,2,1.913,no,,Coco Crisp,LAD NYY TB,5,2009,2017
2016,t2-3,WAS,Mike Broadway,328120,RP,,,2,1.800,no,,Mike Broadway,,,,
2016,t2-3,CIN,Greg Garcia,11449,2B,,,3,1.800,yes,,Greg Garcia,BAL CIN,5,2017,2021
2016,t2-3,TOR,Curt Casali,148657,C,,,2,1.771,yes,,Curt Casilli,CHC CLE LAA LAD,5,2019,2024
2016,t2-3,SD,Carlos Quentin,139426,LF,,,2,1.555,no,,Carlos Quentin,KC MIN SD,7,2009,2015
2016,t2-3,ARI,Phil Klein,247509,RP,,,2,1.500,yes,,Phil Klein,ARI,2,2017,2018
2016,t2-3,LAA,Francisco Peña,22089,C,,,2,1.500,yes,,Francisco Pena,LAA TB,3,2017,2020
2016,t2-3,NYM,Matt den Dekker,337427,LF,,,2,1.500,yes,,Matt den Dekker,DET NYM,2,2016,2017
2016,t2-4,DET,Dallas Beeler,29005,SP,,,2,4.625,no,,Dallas Beeler,DET,1,2017,2017
2016,t2-4,WAS,Pedro Báez,294411,RP,,,3,4.250,no,,Pedro Baez,LAD WAS,5,2017,2021
2016,t2-4,WAS,Chasen Shreve,139436,RP,,,2,4.002,no,,Chasen Shreve,MIN WAS,2,2017,2019
2016,t2-4,LAA,Joey Butler,457527,CF,,,2,3.800,no,,Joey Butler,LAA,1,2017,2017
2016,t2-4,DET,Bud Norris,113059,SP,,,2,3.750,no,,Bud Norris,ATL DET MIL WAS,7,2011,2019
2016,t2-4,DET,Keon Broxton,340693,CF,,,2,2.950,yes,,Keon Broxton,CLE DET,5,2017,2021
2016,t2-4,KC,Al Alburquerque,121629,RP,,,2,2.100,yes,,Al Albuquerque,BAL KC STL,5,2013,2018
2016,t2-4,STL,Eduardo Núñez,419732,SS,,,2,2.100,yes,,Eduardo Nunez,NYM STL TOR WAS,4,2014,2019
2016,t2-4,BAL,Chad Qualls,222341,RP,,,2,2.000,yes,,Chad Qualls,BAL COL HOU PHI,7,2009,2017
2016,t2-4,STL,Jimmy Rollins,271450,SS,,,2,1.850,yes,,Jimmy Rollins,CHC CLE MIL SD SEA STL,7,2009,2018
2016,t2-4,MIL,Brian Bogusevic,176461,LF,,,2,1.801,no,,Brian Bogusevic,MIL PHI,4,2014,2017
2016,t2-4,MIL,Dustin Garneau,249144,C,,,2,1.801,no,,Dustin Garneau,MIL NYY,4,2017,2022
2016,t2-4,STL,Alex Wilson,224814,RP,,,2,1.775,no,,Alex Wilson,STL,2,2017,2018
2016,t2-4,TOR,Chase Whitley,108958,RP,,,2,1.771,yes,,Chase Whitley,TOR,2,2017,2018
2016,t2-4,KC,Dalier Hinojosa,400231,RP,,,2,1.750,yes,,Dalier Hinojosa,KC LAA,2,2017,2018
2016,t2-4,PHI,Carlos Villanueva,395435,RP,,0.15,2,1.700,no,,Carlos Villanueva,PHI TEX WAS,8,2009,2017
2016,t2-4,BAL,Whit Merrifield,396049,2B,,,2,1.500,yes,,Whit Merrifield,BAL CLE LAD SEA,8,2017,2024
2016,t2-4,BAL,Travis Taijeron,132730,LF,,,2,1.500,yes,,Travis Taijeron,,,,
2016,t2-5,BOS,Travis Shaw,430124,1B,,,2,4.950,yes,,Travis Shaw,BOS LAD,6,2017,2022
2016,t2-5,OAK,Leonel Campos,255768,RP,,,2,3.500,no,,Leonel Campos,,,,
2016,t2-5,HOU,Michael Mariot,418339,RP,,,2,3.000,yes,,Michael Mariot,HOU KC,3,2017,2019
2016,t2-5,MIN,Brett Wallace,358998,1B,,,2,3.000,yes,,Brett Wallace,BOS CHW CIN MIN NYM TOR,9,2009,2018
2016,t2-5,MIN,Ryan Raburn,374798,LF,,,2,2.250,no,,Ryan Raburn,BAL COL MIN SF,4,2009,2017
2016,t2-5,TB,Roberto Pérez,277754,C,,,2,2.250,yes,,Roberto Perez,ARI DET MIN TB,7,2017,2023
2016,t2-5,LAD,Michael Tonkin,505784,RP,,,2,2.000,no,,Michael Tonkin,LAD WAS,2,2017,2018
2016,t2-5,LAD,Jean Machi,452546,RP,,,2,1.850,no,,Jean Machi,LAD,3,2015,2018
2016,t2-5,OAK,Manny Parra,271118,RP,,,2,1.700,yes,,Manny Parra,ARI CIN OAK,9,2009,2018
2016,t2-5,TEX,Tyler Cravy,237832,RP,,,2,1.700,yes,,Tyler Cravy,TEX,1,2017,2017
2016,t3-1,MIN,Mark Buehrle,96973,SP,,,1,8.000,yes,,Mark Buehrle,BOS MIN TEX,6,2009,2017
2016,t3-1,TB,Yusmeiro Petit,440157,RP,,,1,4.750,yes,,Yusmeiro Petit,LAA OAK PIT SF TB,9,2009,2022
2016,t3-1,OAK,A. J. Pierzynski,82387,C,,,1,2.750,yes,,A.J. Pierzynski,CHC HOU OAK,5,2010,2017
2016,t3-1,OAK,Mark Canha,408029,1B,,,1,2.750,no,,Mark Canha,ARI CLE MIL TB,8,2019,2026
2016,t3-1,DET,Michael Cuddyer,133873,LF,,,1,2.001,no,,Michael Cuddyer,ARI LAD NYY TOR,5,2009,2015
2016,t3-1,LAA,Logan Morrison,15455,1B,,,1,2.000,yes,,Logan Morrison,BAL CIN LAA LAD MIA NYM,13,2009,2022
2016,t3-1,MIN,Dana Eveland,472634,RP,,,1,2.000,yes,,Dana Eveland,MIN OAK TOR,4,2009,2017
2016,t3-1,TB,Mark Lowe,465340,RP,,,1,1.850,yes,,Mark Lowe,OAK SF,2,2010,2013
2016,t3-1,OAK,Rey Navarro,441870,2B,,,1,1.850,yes,,Rey Navarro,OAK,1,2017,2017
2016,t3-1,OAK,Ryan Schimpf,42219,2B,,,1,1.850,yes,,Ryan Schimpf,OAK,1,2017,2017
2016,t3-1,HOU,Félix Doubront,273388,RP,,,2,1.800,yes,,Felix Doubront,HOU LAA,7,2012,2018
2016,t3-1,TOR,Paulo Orlando,233956,CF,,,2,1.771,yes,,Paulo Orlando,TOR,2,2017,2018
2016,t3-1,SD,Buddy Baumann,399999,RP,,,1,1.556,yes,,Buddy Bauman,KC SD,2,2017,2019
2016,t3-1,BAL,Jett Bandy,467514,C,,,2,1.500,yes,,Jeff Bandy,BAL,2,2017,2018
2016,t3-1,LAA,Jason Krizan,140914,LF,,,1,1.260,yes,,Jason Krizan,LAA,2,2017,2019
2016,t3-1,TB,Marc Rzepczynski,145679,RP,,,1,1.250,yes,,Mark Rzepczynski,CIN CLE PHI PIT TOR,6,2010,2019
2016,t3-1,LAD,Nick Evans,228218,2B,,,1,1.150,no,,Nick Evans,HOU MIA,3,2013,2016
2016,t3-1,BAL,Alex Castellanos,348585,LF,,,1,1.111,yes,,Alex Castellanos,BAL TEX,2,2014,2017
2016,t3-1,DET,Johnny Giavotella,507367,2B,,,1,1.101,yes,,Johnny Giavotella,CIN CLE DET NYY,7,2012,2020
2016,t3-1,MIN,Jamie Romak,510259,LF,,,1,1.005,yes,,Jamie Romak,MIN,1,2017,2017
2016,t3-1,CHC,David Carpenter,93280,RP,,,1,1.000,yes,,David Carpenter,CHC,1,2017,2017
2016,t3-2,HOU,César Hernández,172312,2B,,,2,1.750,yes,,Cesar Hernandez,BOS HOU PHI TEX,8,2017,2024
2016,t3-2,STL,Shane Victorino,458776,LF,,,1,1.750,yes,,Shane Victorino,LAA MIA STL,7,2009,2017
2016,t3-2,LAD,Jermaine Curtis,130805,2B,,,1,1.250,no,,Jermaine Curtis,,,,
2016,t3-2,LAD,John Andreoli,500847,LF,,,1,1.250,no,,John Andreoli,,,,
2016,t3-2,MIA,Josh Edgin,15164,RP,,,1,1.200,yes,,Josh Edgin,MIA,1,2017,2017
2016,t3-2,WAS,Aramis Ramírez,59484,3B,,,1,1.200,no,,Aramis Ramirez,BAL MIA,5,2009,2015
2016,t3-2,TOR,Angelys Nina,423859,2B,,,1,1.191,yes,,Angelys Nina,TOR,2,2015,2017
2016,t3-2,TOR,Jerry Sullivan,352648,RP,,,1,1.101,yes,,Jerry Sullivan,TOR,1,2017,2017
2016,t3-2,MIA,Erik Cordier,480586,RP,,,1,1.100,yes,,Erik Cordier,WAS,1,2017,2017
2016,t3-2,WAS,Cory Luebke,170597,SP,,,1,1.100,yes,,Cory Luebke,WAS,6,2012,2017
2016,t3-2,SD,Ramón Cabrera,148471,C,,,1,1.005,yes,,Ramon Cabrera,SD,1,2017,2017
2016,t3-2,DET,Delmon Young,119639,LF,,,1,1.001,yes,,Delmon Young,CIN DET MIN PIT TOR,8,2009,2017
2016,t3-2,MIN,Charlie Culberson,226265,2B,,,1,1.000,yes,,Charlie Culberson,MIN,1,2017,2017
2016,t3-2,TB,Danny Ortiz,187095,RF,,,1,1.000,yes,,Danny Ortiz,TEX,1,2017,2017
2016,t3-2,TB,Evan Scribner,156254,RP,,,1,1.000,yes,,Evan Scribner,CHC,1,2018,2018
2016,t3-3,HOU,Michael Blazek,498511,RP,,,2,2.600,yes,,Michael Blazek,HOU,2,2017,2018
2016,t3-3,COL,Clint Barmes,202410,SS,,,1,1.005,no,,Clint Barmes,ATL CLE OAK TOR,5,2010,2016
2016,t3-3,SD,Michael Bourn,385618,CF,,,1,1.005,yes,,Michael Bourn,HOU KC SD TB,8,2009,2017
2016,t3-3,BAL,Rudy Owens,130968,RP,,,1,1.000,yes,,Rudy Owens,BAL,1,2017,2017
2016,t3-3,KC,Ryan Roberts,35395,2B,,,1,1.000,no,,Ryan Roberts,PHI TEX TOR,4,2010,2015
2016,t3-4,CHW,Andrés Blanco,146452,SS,,,1,1.250,yes,,Andres Blanco,CHW,1,2017,2017
2016,t3-4,ARI,Ross Ohlendorf,320717,RP,,,1,1.005,yes,,Ross Ohlendorf,ARI STL,3,2011,2017
2016,t3-5,SEA,Louis Coleman,464869,RP,,,1,1.100,no,,Louis Coleman,SD,2,2014,2015
2016,t3-5,SEA,Javier López,351411,RP,,,1,1.050,no,,Javier Lopez,BAL,7,2009,2015
2016,t3-6,KC,Kurt Suzuki,130738,C,,,1,1.000,yes,,Kurt Suzuki,KC LAD PHI SD STL WAS,11,2009,2022
2016,t3-7,TOR,Casey Janssen,267700,RP,,,1,2.001,yes,,Casey Janssen,DET TEX TOR,6,2009,2017
2016,t3-7,TOR,Jeff Manship,426481,RP,,,1,1.002,yes,,Jeff Manship,CLE PIT TOR,6,2009,2017
2016,t4-1,KC,Colin Walsh,154458,2B,,,2,1.500,yes,,Colin Walsh,KC,1,2017,2017
2016,t4-1,SD,Nick Swisher,29891,RF,,,1,0.000,MLI,,Nick Swisher,CLE OAK SD,6,2009,2015
2016,t4-1,TOR,Matt Clark,41962,1B,,,1,0.000,MLI,,Matt Clark,,,,
2016,t4-1,TOR,José Álvarez,166330,RP,,,1,0.000,MLI,,Jose Alvarez,CHW COL TOR,5,2019,2023
2016,t4-1,TB,George Kottaras,135485,C,,,1,0.000,MLI,,George Kottaras,PIT SF,7,2009,2015
2016,t4-1,TB,Ehire Adrianza,316268,SS,,,1,0.000,MLI,,Ehrie Adrianza,CHW MIL PHI TOR,5,2019,2024
2016,t4-1,CHW,Eric Sogard,406271,2B,,,1,0.000,MLI,,Eric Sogard,MIA NYM STL,5,2013,2021
2016,t4-1,CHW,T. J. McFarland,195595,RP,,,1,0.000,MLI,,T.J. McFarland,,,,
2016,t4-1,COL,Ángel Pagán,426539,CF,,,1,0.000,MLI,,Angel Pagan,LAD MIN NYM OAK PHI,5,2009,2018
2016,t4-1,KC,David DeJesus,63510,LF,,,1,0.000,MLI,,David DeJesus,COL HOU NYM,5,2009,2015
2016,t4-1,SD,Josh Johnson,211144,SP,,,1,0.000,MLI,,Josh Johnson,COL PHI SEA TB,7,2009,2015
2016,t4-1,TB,Darwin Barney,300014,2B,,,1,0.000,MLI,,Darwin Barney,LAD MIL TEX,5,2012,2018
2016,t4-1,SD,Alexi Amarista,57171,SS,,,1,0.000,MLI,,Alexi Amarista,,,,
2016,t4-1,NYM,T. J. Rivera,270919,SS,,,1,0.000,MLI,,T.J. Rivera,PHI,2,2018,2019
2016,t4-1,NYM,Deibinson Romero,326433,3B,,,1,0.000,MLI,,Deibinson Romero,,,,
2016,t4-1,MIN,Johnny Monell,464849,C,,,1,0.000,MLI,,Johnny Monell,,,,
2016,t4-1,MIN,Eric Thames,341538,RF,,,1,0.000,MLI,,Eric Thames,BAL BOS,7,2012,2021
2016,t4-10,TEX,Casey Fien,309935,RP,,,1,0.000,MLI,,Casey Fien,TB,1,2015,2015
2016,t4-2,TEX,Cole Figueroa,456698,2B,,,1,0.000,MLI,,Cole Figueroa,LAA,1,2015,2015
2016,t4-2,MIN,Alex Dickerson,476568,LF,,,1,0.000,MLI,,Alex Dickerson,HOU KC,4,2018,2021
2016,t4-2,KC,Shane Peterson,57798,LF,,,1,0.000,MLI,,Shane Peterson,,,,
2016,t4-2,KC,Jake Elmore,479962,2B,,,1,0.000,MLI,,Jake Elmore,BAL,2,2014,2015
2016,t4-2,COL,Steve Clevenger,483576,C,,,1,0.000,MLI,,Steve Clevenger,COL LAD,3,2013,2016
2016,t4-2,KC,Chris Capuano,43259,RP,,,1,0.000,MLI,,Chris Capuano,LAA MIL,4,2009,2015
2016,t4-3,COL,Trevor Cahill,201550,RP,,,1,0.000,MLI,,Trevor Cahill,MIA OAK STL WAS,9,2009,2019
2016,t4-3,SEA,Mike Aviles,159609,SS,,,1,0.000,MLI,,Mike Aviles,LAA MIA NYM SEA SF,5,2009,2015
2016,t4-3,SEA,Rob Rasmussen,376325,RP,,,1,0.000,MLI,,Rob Rasmussen,,,,
2016,t4-3,SEA,Scott Elbert,62531,RP,,,1,0.000,MLI,,Scott Elbert,NYM OAK WAS,6,2009,2014
2016,t4-4,BOS,Dario Álvarez,336333,RP,,,1,0.000,MLI,,Dario Alvarez,CLE TB,2,2018,2019
2016,t4-4,BOS,JB Shuck,186371,LF,,,1,0.000,MLI,,J.B. Shuck,LAD,1,2015,2015
2016,t4-4,BOS,Jordany Valdespin,436769,2B,,,1,0.000,MLI,,Jordany Valdespin,SF,2,2015,2016
2016,t4-4,WAS,Cory Rasmus,31420,RP,,,1,0.000,MLI,,Cory Rasmus,,,,
2016,t4-4,WAS,Pedro Ciriaco,68083,3B,,,1,0.000,MLI,,Pedro Ciriaco,CLE MIL,2,2014,2015
2016,t4-4,WAS,Scott Rice,360627,RP,,,1,0.000,MLI,,Scott Rice,,,,
2016,t4-6,PIT,Pat Venditte,82176,RP,,,2,1.500,yes,,Pat Venditte,TEX,1,2020,2020
2016,t4-6,TOR,Erik Goeddel,346891,RP,,,1,0.000,MLI,,Erik Goeddel,,,,
2015,t1-1,COL,Cole Hamels,69071,SP,32,0.15,4,25.125,no,3.7,Cole Hamels,BAL BOS COL MIL PHI SD TEX,13,2009,2022
2015,t1-1,NYY,José Abreu,297967,1B,28,,4,23.001,no,3.5,Jose Abreu,ARI CHC MIA NYY PHI PIT SEA,11,2016,2026
2015,t1-2,CHC,Masahiro Tanaka,21387,SP,27,,6,29.000,no,3.4,Masahiro Tanaka,CHC LAA MIN,6,2016,2021
2015,t1-2,LAD,Adrián González,421218,1B,33,,3,18.750,no,3.1,Adrian Gonzalez,HOU LAD PIT,8,2009,2017
2015,t1-3,CIN,Ryan Braun,280760,RF,32,0.15,4,23.270,no,3.5,Ryan Braun,ATL CIN COL PIT,12,2009,2021
2015,t1-3,MIL,Justin Verlander,67654,SP,32,,3,19.321,no,3.8,Justin Verlander,CHC CHW CIN MIL PHI SEA,16,2009,2026
2015,t1-4,BAL,Rusney Castillo,339233,CF,28,,5,15.000,no,2.4,Rusney Castillo,BAL BOS MIL,6,2016,2021
2015,t1-4,SF,Jered Weaver,41506,SP,33,,4,13.400,no,2.3,Jered Weaver,COL SF,9,2009,2018
2015,t1-5,TOR,Troy Tulowitzki,125412,SS,31,,4,31.748,no,5.2,Troy Tulowitzki,ARI MIA TEX TOR,11,2009,2020
2015,t1-5,KC,Nelson Cruz,514439,RF,35,,3,15.100,no,2.3,Nelson Cruz,BOS DET KC MIA SEA STL TB TOR WAS,11,2010,2023
2015,t2-1,LAD,Collin McHugh,362701,SP,28,,4,16.660,yes,2.7,Colin McHugh,LAD PHI PIT WAS,9,2016,2024
2015,t2-1,CHW,Matt Shoemaker,314029,SP,29,,3,16.500,no,2.9,Matt Shoemaker,CHW PHI,4,2016,2020
2015,t2-1,DET,Mike Napoli,118545,1B,34,,2,14.750,no,2.0,Mike Napoli,DET MIA NYM WAS,7,2009,2016
2015,t2-1,CLE,David Ortiz,108241,DH,40,,2,14.656,yes,2.9,David Ortiz,BOS CHW CLE DET,6,2010,2017
2015,t2-1,LAD,Dallas Keuchel,66776,SP,27,0.15,4,14.450,yes,3.0,Dallas Keuchel,COL LAD,7,2016,2022
2015,t2-1,MIA,Ian Kinsler,129547,2B,33,,3,14.000,no,3.5,Ian Kinsler,CHW MIA SD TOR,10,2009,2020
2015,t2-1,ATL,Dustin Pedroia,226595,2B,32,,4,13.434,yes,3.8,Dustin Pedroia,ATL BAL CLE COL PHI,11,2009,2020
2015,t2-1,OAK,Russell Martin,251570,C,32,0.15,3,12.750,yes,3.6,Russell Martin,BOS CHW MIA NYM OAK SD SEA TB,10,2009,2020
2015,t2-1,MIA,Ian Kennedy,402988,SP,30,0.15,3,12.000,yes,1.6,Ian Kennedy,COL MIA NYM SD TOR,12,2009,2022
2015,t2-1,LAA,Jed Lowrie,8575,SS,31,0.15,3,9.000,no,1.5,Jed Lowrie,CIN COL KC LAA NYM TB TOR,12,2009,2022
2015,t2-1,TEX,Luis Valbuena,134670,3B,30,,3,8.950,no,2.0,Luis Valbuena,BOS OAK TEX,5,2012,2017
2015,t2-1,NYM,Jon Jay,55756,CF,30,0.15,4,8.000,no,2.3,Jon Jay,NYM PIT SF,9,2009,2018
2015,t2-1,MIL,Odrisamer Despaigne,6219,SP,28,,6,7.567,yes,1.2,Odrisamer Despaigne,MIL,2,2016,2017
2015,t2-1,ARI,Trevor Plouffe,265317,3B,29,0.15,3,7.150,yes,2.1,Trevor Plouffe,ARI BAL,5,2013,2018
2015,t2-1,BOS,Michael McKenry,366787,C,30,,3,6.800,no,1.3,Mike McKenry,BOS COL PIT SF,5,2012,2018
2015,t2-1,MIL,Justin Turner,508611,3B,31,,5,6.666,no,1.7,Justin Turner,ATL CIN KC MIL PIT SD,12,2013,2025
2015,t2-1,CLE,Tim Hudson,383690,SP,40,,2,5.700,no,1.4,Tim Hudson,ATL BAL CLE OAK,5,2009,2016
2015,t2-1,MIN,Ervin Santana,138224,SP,33,,3,5.600,no,2.2,Ervin Santana,CLE HOU LAA MIN SF,8,2009,2019
2015,t2-1,CLE,Jonathan Broxton,91197,RP,31,,4,5.555,yes,0.4,Jonathan Broxton,CLE NYM STL,9,2009,2018
2015,t2-1,STL,Justin Masterson,368738,SP,30,,3,5.550,no,1.8,Justin Masterson,ARI CIN LAA STL,9,2009,2017
2015,t2-1,SF,Alex Guerrero,321057,2B,29,,4,5.200,no,1.8,Alex Guerrero,SF,3,2016,2018
2015,t2-1,SF,Joakim Soria,290943,RP,31,,2,5.100,no,0.4,Joakim Soria,BOS KC MIA NYY SD SF,12,2009,2022
2015,t2-1,COL,Hiroki Kuroda,298643,SP,40,,2,5.000,no,2.2,Hiroki Kuroda,ARI CIN TB,3,2010,2014
2015,t2-1,TEX,Tyler Lyons,184352,SP,27,,3,4.950,yes,1.4,Tyler Lyons,TEX,3,2016,2018
2015,t2-1,MIA,Jesse Chavez,4026,SP,32,,2,4.750,yes,1.0,Jesse Chavez,ATL COL MIA MIN SD TB,7,2016,2023
2015,t2-1,BOS,David Peralta,416111,LF,28,,3,4.500,yes,1.1,David Peralta,BOS LAD MIL PHI SD SEA,10,2016,2025
2015,t2-1,SEA,A. J. Burnett,486648,SP,38,,2,4.500,no,1.6,A.J. Burnett,BOS CLE DET SEA,5,2009,2016
2015,t2-1,ATL,Aaron Barrett,205809,RP,27,,5,4.500,no,0.7,Aaron Barrett,ATL,4,2016,2019
2015,t2-1,OAK,Fernando Rodney,212593,RP,38,0.15,2,4.100,no,0.4,Fernando Rodney,ATL DET OAK PIT,4,2009,2014
2015,t2-1,CHW,Shane Greene,369262,SP,27,,3,4.000,yes,1.4,Shane Greene,CHW DET PHI SEA TOR,5,2016,2021
2015,t2-1,BAL,Will Smith,102379,RP,26,,3,4.000,no,0.5,Will Smith,BAL,9,2016,2025
2015,t2-1,CIN,Adam Warren,232696,RP,28,,4,3.700,yes,0.7,Adam Warren,CIN TEX,4,2016,2019
2015,t2-1,TB,Yusmeiro Petit,440157,SP,31,,3,3.500,no,1.0,Yusmeiro Petit,LAA OAK PIT SF TB,9,2009,2022
2015,t2-1,STL,Blaine Hardy,116364,RP,28,,3,3.400,no,0.9,Blaine Hardy,CLE KC STL TB,5,2016,2021
2015,t2-1,ATL,Jason Motte,489031,RP,33,,3,3.322,no,0.2,Jason Motte,ARI ATL BOS MIL,7,2009,2017
2015,t2-1,SEA,Hunter Strickland,51727,RP,27,,3,3.300,no,0.3,Hunter Strickland,SEA,3,2016,2019
2015,t2-1,COL,Craig Stammen,497790,RP,31,0.15,2,3.125,yes,0.7,Craig Stammen,ARI CHC COL,8,2012,2022
2015,t2-1,WAS,Yoervis Medina,24600,RP,27,,3,2.950,no,0.2,Yoervis Medina,WAS,1,2016,2016
2015,t2-1,TB,David Hernandez,70493,RP,30,,2,2.900,yes,0.6,David Hernandez,LAD NYY STL,11,2009,2020
2015,t2-1,MIN,Edward Mujica,418589,RP,31,0.15,3,2.895,no,0.2,Edward Mujica,MIN SD,7,2009,2016
2015,t2-1,ATL,Bobby Parnell,361744,RP,31,,4,2.766,no,0.2,Bobby Parnell,ATL OAK,6,2012,2018
2015,t2-1,MIL,Tim Federowicz,230044,C,28,,5,2.531,yes,2.1,Tim Federowicz,CIN MIL TOR,5,2014,2020
2015,t2-1,NYM,John Jaso,320932,C,32,,3,2.500,no,1.6,John Jaso,CIN NYM PHI PIT,9,2009,2017
2015,t2-1,TB,Seth Maness,456829,RP,27,,4,2.300,no,0.4,Seth Maness,KC TB,3,2016,2018
2015,t2-1,LAA,Jarrod Dyson,343860,CF,31,,2,2.250,yes,1.6,Jarrod Dyson,LAA NYY OAK,5,2016,2021
2015,t2-1,MIN,LaTroy Hawkins,516597,RP,43,0.15,2,1.899,no,0.5,LaTroy Hawkins,CIN HOU MIN,4,2010,2016
2015,t2-1,NYY,Cedric Hunter,179095,LF,27,,2,1.511,no,0.7,Cedric Hunter,NYY,1,2016,2016
2015,t2-2,MIA,Víctor Martínez,155444,DH,37,,3,13.500,no,2.0,Victor Martinez,ATL BAL BOS MIA PHI,7,2009,2017
2015,t2-2,WAS,Alexei Ramírez,325553,SS,34,,2,8.950,no,2.0,Alexei Ramirez,BOS CHW NYM WAS,5,2010,2016
2015,t2-2,SF,Jorge De La Rosa,275311,SP,34,0.15,3,8.230,no,1.9,Jorge De la Rosa,COL SF STL,8,2009,2017
2015,t2-2,KC,Justin Morneau,255163,1B,34,,4,8.000,no,1.1,Justin Morneau,CHW CIN KC,7,2009,2017
2015,t2-2,DET,Kyle Lohse,217602,SP,37,,2,7.600,no,2.4,Kyle Lohse,DET OAK PHI WAS,5,2009,2016
2015,t2-2,DET,Jhoulys Chacín,303401,SP,27,,3,6.250,yes,1.6,Jhoulys Chacin,CLE COL DET KC,12,2009,2021
2015,t2-2,ARI,Ubaldo Jiménez,205391,SP,31,,3,5.850,yes,1.7,Ubaldo Jimenez,ARI OAK PIT WAS,9,2009,2018
2015,t2-2,CHW,Chase Anderson,89123,SP,28,,3,5.750,yes,1.6,Chase Anderson,CHW MIL,3,2016,2018
2015,t2-2,LAD,Tsuyoshi Wada,295464,SP,34,,2,5.750,yes,1.0,Tsuyoshi Wada,LAD,2,2016,2017
2015,t2-2,WAS,Alex Ríos,332732,RF,34,,2,5.250,no,1.2,Alex Rios,COL NYY WAS,6,2009,2016
2015,t2-2,CIN,Zach Walters,135731,2B,26,,3,5.200,no,1.9,Zach Walters,CIN,2,2016,2017
2015,t2-2,PHI,Aaron Harang,158162,SP,37,,2,5.000,yes,1.4,Aaron Harang,DET LAA MIL PHI,6,2009,2017
2015,t2-2,CHC,Burke Badenhop,370083,RP,32,,2,4.150,no,0.5,Burke Badenhop,ATL BOS CHC TB,4,2011,2016
2015,t2-2,LAD,Chris Iannetta,384822,C,32,,2,4.115,no,1.5,Chris Iannetta,COL LAD MIA SEA,9,2009,2019
2015,t2-2,ARI,Shawn Kelley,17434,RP,31,,3,3.550,yes,0.4,Shawn Kelley,ARI MIL WAS,6,2012,2018
2015,t2-2,CHC,Matt Reynolds,38368,RP,31,,2,3.550,yes,0.3,Matt Reynolds,CHC PIT,4,2013,2017
2015,t2-2,OAK,Eric Chavez,276147,3B,38,,2,3.500,no,0.5,Eric Chavez,COL LAD PHI,3,2009,2014
2015,t2-2,ARI,Chris Hatcher,70008,RP,30,,3,3.450,yes,0.5,Chris Hatcher,ARI,3,2016,2018
2015,t2-2,BAL,Xavier Cedeño,221334,RP,29,,2,3.150,yes,0.5,Xavier Cedeno,BAL WAS,4,2016,2020
2015,t2-2,TEX,Ty Kelly,99710,2B,27,,4,2.950,yes,1.7,Ty Kelly,TEX,3,2016,2018
2015,t2-2,DET,J. P. Howell,338587,RP,32,,2,2.850,yes,0.3,J.P. Howell,DET MIA SD TB,8,2009,2017
2015,t2-2,DET,René Rivera,356315,C,32,0.15,2,2.750,yes,1.5,Rene Rivera,DET,2,2016,2017
2015,t2-2,CHC,Jason Grilli,231360,RP,39,,2,2.650,no,0.4,Jason Grilli,BOS CHC LAD TEX,4,2010,2018
2015,t2-2,STL,Eric Campbell,293719,1B,28,,3,2.500,no,0.5,Eric Campbell,STL,2,2016,2017
2015,t2-2,ARI,Chris Parmelee,168270,1B,27,,2,2.250,yes,0.3,Chris Parmelee,ARI,2,2016,2017
2015,t2-2,NYM,Casey McGehee,205957,3B,33,,2,2.000,no,1.7,Casey McGehee,CLE MIA NYM PHI,5,2011,2016
2015,t2-2,MIN,Mark Reynolds,410706,1B,32,,2,1.995,yes,0.6,Mark Reynolds,BOS MIN SEA TB,9,2009,2019
2015,t2-2,CIN,Will Harris,364606,RP,31,,3,1.900,yes,0.4,Will Harris,CIN MIL NYM TB,8,2016,2023
2015,t2-2,TEX,Mike Bolsinger,39584,SP,27,,3,1.850,yes,0.6,Mike Bolsinger,TEX,3,2016,2018
2015,t2-2,SD,Alex Rodriguez,390625,3B,40,,2,1.777,no,1.2,Alex Rodriguez,NYY OAK SD TEX,6,2009,2016
2015,t2-2,LAA,Stephen Vogt,212824,C,31,,2,1.750,yes,1.6,Stephen Vogt,ATL KC LAA LAD PIT TB,7,2013,2021
2015,t2-2,SD,Adam Liberatore,141729,RP,28,,2,1.725,no,0.4,Adam Liberatore,SD,4,2016,2020
2015,t2-2,MIL,Jake Goebbert,348952,LF,27,,2,1.525,no,1.2,Jake Goebbert,LAD,2,2017,2018
2015,t2-3,OAK,Chase Utley,511143,2B,37,0.15,2,8.500,no,2.5,Chase Utley,CLE MIA OAK TB,7,2009,2018
2015,t2-3,ATL,Brock Holt,192407,3B,27,0.15,4,5.655,yes,1.1,Brock Holt,ATL WAS,7,2016,2022
2015,t2-3,PHI,Omar Infante,433389,2B,34,,2,5.250,no,1.0,Omar Infante,COL PHI TB,7,2009,2017
2015,t2-3,SF,Rafael Soriano,47526,RP,36,,2,4.100,no,0.6,Rafael Soriano,CHC MIL PIT SF,5,2010,2016
2015,t2-3,OAK,Tommy Medica,56060,1B,27,,2,4.000,no,0.9,Tommy Medica,,,,
2015,t2-3,KC,Garrett Jones,36134,1B,34,,3,4.000,no,0.0,Garrett Jones,CHW KC TOR,5,2010,2016
2015,t2-3,CHW,Mike Dunn,450005,RP,30,,3,4.000,yes,0.6,Mike Dunn,CHW NYM,6,2012,2018
2015,t2-3,NYY,Chris Johnson,126118,3B,31,,2,3.898,no,0.7,Chris Johnson,ATL NYY SF,4,2012,2016
2015,t2-3,COL,Jeremy Affeldt,468823,RP,36,0.15,2,3.500,no,0.3,Jeremy Affeldt,CLE COL MIL,5,2010,2016
2015,t2-3,PHI,Kevin Jepsen,62539,RP,31,,3,3.000,yes,0.4,Kevin Jepsen,CHC PHI TOR,6,2011,2018
2015,t2-3,LAD,Óliver Pérez,91492,RP,34,,2,2.450,yes,0.3,Oliver Perez,CHW CLE COL LAD NYM NYY,9,2009,2022
2015,t2-3,ATL,Sam LeCure,19852,RP,31,,2,2.200,yes,0.3,Sam LeCure,ATL CLE,4,2013,2017
2015,t2-3,DET,Matt Belisle,43435,RP,35,,2,2.100,yes,0.5,Matt Belisle,ARI ATL COL DET SF,9,2009,2019
2015,t2-3,STL,Marco Estrada,499765,SP,32,,2,2.000,no,1.2,Marco Estrada,DET NYM STL,6,2013,2020
2015,t2-3,COL,Juan Francisco,391102,3B,28,,2,1.950,no,0.3,Juan Francisco,BOS CIN COL SD,6,2011,2016
2015,t2-3,CIN,Oliver Drake,111290,RP,28,,3,1.900,yes,0.3,Oliver Drake,ARI CIN TB,7,2016,2022
2015,t2-3,TOR,Zach Putnam,41872,RP,28,,3,1.888,yes,0.5,Zach Putnam,CHC TOR,4,2014,2018
2015,t2-3,MIN,Ryan Howard,314064,1B,36,,2,1.755,no,-0.1,Ryan Howard,MIA MIN NYY SEA SF,7,2009,2016
2015,t2-3,CLE,Matt Thornton,92880,RP,39,,2,1.600,yes,0.3,Matt Thornton,ATL BAL CLE,5,2009,2016
2015,t2-3,CLE,Jake Smolinski,357457,LF,26,,2,1.566,yes,0.1,Jake Smolinski,CLE NYY,3,2016,2019
2015,t2-3,PIT,John Holdzkom,338064,RP,28,,2,1.560,yes,0.2,John Holdzkom,PHI PIT,2,2016,2017
2015,t2-3,SD,Ryan Sweeney,221227,CF,30,,2,1.525,no,0.7,Ryan Sweeney,LAA SD,8,2009,2016
2015,t2-3,KC,Érik Bédard,308924,SP,36,,2,1.500,no,0.5,Erik Bedard,KC MIN,6,2009,2016
2015,t2-3,LAD,Ed Easley,469673,C,30,,2,1.500,yes,1.1,Ed Easley,LAD,2,2016,2017
2015,t2-3,MIN,Jesse Crain,192608,RP,34,,2,1.500,yes,0.4,Jesse Crain,CHW MIN,6,2009,2017
2015,t2-3,NYM,Boone Whiting,367995,SP,26,,2,1.500,yes,0.9,Boone Whiting,,,,
2015,t2-4,SEA,Glen Perkins,290912,RP,32,,3,4.700,no,0.6,Glen Perkins,PIT SEA TB WAS,7,2009,2017
2015,t2-4,SEA,Jeremy Hellickson,404541,SP,28,,3,4.250,yes,0.8,Jeremy Hellickson,LAD MIN PHI SEA,10,2009,2018
2015,t2-4,PHI,Bronson Arroyo,360036,SP,38,,2,3.750,yes,1.0,Bronson Arroyo,CHW HOU KC PHI,6,2009,2017
2015,t2-4,BOS,Shawn Tolleson,79970,RP,27,,3,2.550,yes,0.3,Shawn Tolleson,BOS,3,2016,2018
2015,t2-4,TB,Zach Duke,243763,RP,32,,2,2.500,yes,0.4,Zach Duke,PHI SD TB,6,2010,2019
2015,t2-4,CHW,Chris Denorfia,420989,RF,35,,2,2.255,yes,0.7,Chris Denorfia,CHW NYM,9,2009,2017
2015,t2-4,COL,Alfredo Simón,257014,SP,34,0.15,2,2.250,no,1.3,Alfredo Simon,COL STL,2,2014,2016
2015,t2-4,TB,Kevin Munson,513992,RP,26,,2,2.250,yes,0.5,Kevin Munson,CLE,2,2016,2017
2015,t2-4,CHW,George Kontos,319266,RP,30,,2,2.000,yes,0.5,George Kontos,BAL CHW COL,5,2014,2019
2015,t2-4,SF,Adam Duvall,386489,3B,27,,2,2.000,yes,1.1,Adam Duvall,ARI SF STL,9,2016,2025
2015,t2-4,CHW,Miguel Rojas,101343,SS,26,,3,1.999,yes,0.4,Miguel Rojas,ATL CHW NYY TB,11,2016,2026
2015,t2-4,CLE,Erisbel Arruebarrena,474740,SS,25,,3,1.811,yes,-1.1,Erisbel Arruebarrena,CLE,2,2016,2017
2015,t2-4,CIN,T. J. House,77708,SP,26,,3,1.800,yes,-0.1,T.J. House,CIN,3,2016,2018
2015,t2-4,SEA,Jarrod Saltalamacchia,148398,C,30,,2,1.800,no,1.5,Jarrod Saltalamacchia,CLE HOU SEA,7,2009,2016
2015,t2-4,SF,Cody Stanley,247699,C,27,,2,1.600,yes,1.4,Cody Stanley,SF,2,2016,2017
2015,t2-4,SD,Eduardo Escobar,331114,SS,26,,2,1.525,yes,1.1,Eduardo Escobar,CHW MIL SD TEX,7,2016,2023
2015,t2-4,LAD,Sam Fuld,244839,CF,34,,2,1.500,no,0.7,Sam Fuld,BAL LAD SF,4,2011,2016
2015,t2-4,NYM,Dan Jennings,121384,RP,28,,2,1.500,yes,0.4,Dan Jennings,CHW NYM,4,2016,2019
2015,t2-5,OAK,Josh Willingham,387230,LF,36,0.15,2,3.750,no,0.8,Josh Willingham,MIN OAK,5,2009,2014
2015,t2-5,PHI,Cody Ross,70521,LF,35,,2,2.250,yes,0.2,Cody Ross,COL MIL NYM PHI PIT TEX,9,2009,2017
2015,t2-5,LAD,José Pirela,247903,2B,26,,3,2.150,yes,1.1,Jose Pirela,LAD STL,5,2016,2020
2015,t2-5,NYM,Heath Hembree,213173,RP,26,,3,1.875,yes,0.3,Heath Hembree,BOS MIL NYM,5,2016,2020
2015,t2-5,STL,Ben Paulsen,85289,1B,28,,2,1.750,no,-0.4,Ben Paulson,STL,1,2016,2016
2015,t2-5,CHW,Sam Dyson,217071,RP,27,,2,1.680,yes,0.5,Sam Dyson,CHW,2,2016,2017
2015,t2-5,NYM,Boone Logan,331423,RP,31,,2,1.650,yes,0.3,Boone Logan,CHW HOU NYM TB,9,2009,2017
2015,t2-5,TOR,Tommy Layne,240799,RP,31,,2,1.600,yes,0.4,Tom Layne,TB TOR,4,2016,2020
2015,t2-5,PIT,Jeff Beliveau,296791,RP,28,,2,1.560,yes,0.4,Jeff Beliveau,KC PIT,2,2016,2017
2015,t2-5,NYM,Brad Brach,207113,RP,29,,2,1.550,yes,0.5,Brad Brach,NYM NYY PHI SEA,8,2014,2022
2015,t2-5,SD,Grant Balfour,348371,RP,38,,2,1.502,no,0.4,Grant Balfour,HOU SD SEA SF WAS,6,2009,2016
2015,t2-5,SD,Joe Thatcher,471531,RP,34,,2,1.502,no,0.2,Joe Thatcher,CIN LAD,5,2011,2019
2015,t2-5,KC,Scott Moore,155057,3B,32,,2,1.500,no,0.7,Scott Moore,KC LAA,2,2014,2016
2015,t2-5,LAD,Sandy León,296092,C,26,,2,1.500,no,1.2,Sandy Leon,LAD,3,2016,2019
2015,t2-5,KC,Jonny Venters,426258,RP,30,,2,1.500,no,0.0,Jonny Venters,ATL BOS HOU KC,7,2012,2021
2015,t3-1,TOR,Dana Eveland,472634,SP,32,,1,2.750,yes,0.9,Dana Eveland,MIN OAK TOR,4,2009,2017
2015,t3-1,CLE,Adam Dunn,45481,DH,36,,1,2.400,no,0.5,Adam Dunn,ATL KC MIN,5,2009,2014
2015,t3-1,PHI,Kevin Frandsen,206899,2B,33,,2,2.000,yes,-0.1,Kevin Frandsen,DET LAD PHI,6,2009,2017
2015,t3-1,COL,Justin De Fratus,358290,RP,28,,1,1.976,yes,0.2,Justin De Fratus,COL SD,2,2014,2016
2015,t3-1,CHW,Ezequiel Carrera,255909,CF,28,,1,1.888,yes,1.1,Ezequiel Carrera,CHW SD,2,2014,2016
2015,t3-1,TOR,Tommy Pham,222407,CF,27,,1,1.877,yes,0.8,Thomas Pham,ATL COL SD TOR,10,2016,2026
2015,t3-1,COL,Mike O'Neill,359866,LF,27,,1,1.876,yes,0.7,Mike O'Neill,COL,1,2016,2016
2015,t3-1,COL,Abraham Almonte,321209,CF,26,,1,1.776,yes,1.5,Abraham Almonte,CHW COL,2,2016,2023
2015,t3-1,OAK,Clint Barmes,202410,SS,36,,1,1.775,yes,0.8,Clint Barmes,ATL CLE OAK TOR,5,2010,2016
2015,t3-1,MIL,Jumbo Díaz,70070,RP,31,,1,1.765,yes,0.3,Jumbo Diaz,BAL MIL,2,2016,2019
2015,t3-1,OAK,Sam Freeman,308195,RP,28,,1,1.550,yes,0.4,Sam Freeman,OAK,1,2016,2016
2015,t3-1,OAK,Jorge Rondon,295805,RP,27,,1,1.550,yes,0.4,Jorge Rondon,OAK,1,2016,2016
2015,t3-1,BAL,Travis Wood,231368,SP,28,,1,1.275,yes,1.1,Travis Wood,BAL BOS LAA MIA NYM WAS,9,2009,2017
2015,t3-1,CHW,Shawn Zarraga,89178,C,26,,1,1.169,yes,1.0,Shawn Zarraga,CHW,1,2016,2016
2015,t3-1,CHW,Shane Robinson,195939,CF,30,0.15,1,1.155,yes,0.5,Shane Robinson,,,,
2015,t3-1,TOR,Erik Kratz,508111,C,35,,1,1.101,no,0.6,Erik Kratz,CHW HOU KC LAD,4,2011,2019
2015,t3-1,NYM,Will Venable,246697,CF,33,,1,1.100,yes,1.0,Will Venable,BOS NYM PHI,5,2011,2016
2015,t3-1,DET,Mike Hessman,393615,1B,37,,1,1.001,yes,0.1,Mike Hessman,SF,1,2010,2010
2015,t3-1,DET,Kevin Pillar,79032,LF,26,,1,1.001,yes,0.4,Kevin Pillar,CIN DET MIL TOR,8,2016,2024
2015,t3-1,MIA,J. J. Putz,113289,RP,38,,1,1.000,yes,0.1,J.J. Putz,BOS DET MIA SF,7,2009,2016
2015,t3-1,TB,Aaron Poreda,380576,RP,29,,1,1.000,yes,0.2,Aaron Poreda,ARI SD TB,6,2009,2016
2015,t3-1,LAA,Ernesto Mejia,502099,1B,30,,1,1.000,yes,0.4,Ernesto Mejia,LAA,1,2016,2016
2015,t3-1,MIA,Nick Evans,228218,1B,29,,1,1.000,yes,0.1,Nick Evans,HOU MIA,3,2013,2016
2015,t3-2,CHW,Matt Clark,41962,1B,29,,1,3.611,no,0.5,Matt Clark,,,,
2015,t3-2,OAK,Tom Koehler,275640,SP,29,,1,1.550,yes,1.3,Tom Koehler,MIN OAK,2,2016,2018
2015,t3-2,LAD,Colt Hynes,341797,RP,30,,1,1.330,yes,0.2,Colt Hynes,LAD,1,2016,2016
2015,t3-2,OAK,Evan Scribner,156254,RP,30,,1,1.250,yes,0.4,Evan Scribner,CHC,1,2018,2018
2015,t3-2,COL,Robinson Chirinos,482309,C,31,0.15,1,1.176,yes,1.1,Robinson Chirinos,ARI COL KC TEX,9,2012,2022
2015,t3-2,MIN,Eric Young,71234,LF,30,,1,1.000,yes,0.4,Eric Young Jr.,BOS MIA MIN,7,2010,2016
2015,t3-2,PHI,J. P. Arencibia,61745,C,29,,1,1.000,yes,0.9,J.P. Arencibia,SF,6,2009,2014
2015,t3-2,PHI,Jared Burton,412331,RP,34,,1,1.000,yes,0.1,Jared Burton,MIA PHI TB,4,2009,2016
2015,t3-2,PHI,Scott Elbert,62531,RP,30,,1,1.000,yes,-0.1,Scott Elbert,NYM OAK WAS,6,2009,2014
2015,t3-3,NYM,Todd Redmond,326119,RP,30,,2,1.500,yes,0.3,Todd Redmond,NYM,1,2016,2016
2015,t3-3,DET,Mitch Moreland,421553,1B,30,,1,1.001,yes,0.0,Mitch Moreland,ARI TEX WAS,10,2012,2023
2015,t3-3,DET,Matt den Dekker,337427,CF,27,,1,1.000,yes,1.1,Matt den Dekker,DET NYM,2,2016,2017
2015,t3-3,LAD,Danny Espinosa,231652,2B,28,,1,1.000,no,0.7,Danny Espinosa,CHC SD SF,6,2011,2017
2015,t3-4,CHC,Brennan Boesch,290436,RF,30,,1,1.000,yes,-0.2,Brennan Boesch,CHC CIN TOR,6,2011,2016
2015,t3-4,LAD,Nate McLouth,151515,LF,34,,1,1.000,no,0.6,Nate McLouth,ARI COL NYY PIT,6,2009,2015
2015,t3-4,LAD,Zach Lutz,302997,3B,29,,1,1.000,no,1.1,Zach Lutz,CHW,1,2015,2015
2015,t3-5,CHC,Randy Choate,514453,RP,40,,1,1.520,no,0.2,Randy Choate,CHC OAK,2,2012,2014
2015,t3-6,TEX,Carlos Torres,146943,RP,33,,1,1.010,yes,0.3,Carlos Torres,PHI TEX,2,2016,2018
2015,t3-7,NYM,Jonny Gomes,339575,LF,35,,1,1.000,yes,-0.1,Jonny Gomes,MIA PHI PIT TEX,6,2009,2016
2015,t3-8,MIA,Ernesto Frieri,469036,RP,30,,1,1.000,yes,0.1,Ernesto Frieri,CLE MIA,4,2012,2016
2015,t4-1,MIL,Steve Clevenger,483576,C,29,,1,1.500,yes,0.5,Steve Clevenger,COL LAD,3,2013,2016
2015,t4-1,BAL,Andy Wilkins,293617,1B,26,,1,1.000,yes,0.0,Andy Wilkins,BAL,1,2016,2016
2015,t4-1,BAL,Austin Wates,17097,CF,26,,1,1.000,yes,0.8,Austin Wates,BAL,1,2016,2016
2015,t4-1,CHC,Matt Grace,445081,RP,27,,1,1.000,yes,0.3,Matt Grace,CHC MIN,2,2016,2019
2015,t4-1,CHW,Miguel Olivo,188168,C,36,,1,0.000,MLI,0.6,Miguel Olivo,HOU SF,4,2010,2014
2015,t4-1,COL,Brandon Cumpton,314865,SP,26,,1,0.000,MLI,0.5,Brandon Cumpton,,,,
2015,t4-1,COL,Brandon Lyon,399668,RP,36,,1,0.000,MLI,0.1,Brandon Lyon,COL LAA,3,2011,2014
2015,t4-1,COL,Nyjer Morgan,195797,CF,35,,1,0.000,MLI,0.3,Nyjer Morgan,ATL CHC,2,2011,2013
2015,t4-1,DET,Todd Cunningham,214309,CF,26,,1,0.000,MLI,1.0,Todd Cunningham,,,,
2015,t4-1,MIL,Joe Blanton,21536,SP,34,,1,0.000,MLI,0.2,Joe Blanton,BAL COL LAD TB,6,2009,2018
2015,t4-1,MIL,Randy Wolf,80948,SP,38,,1,0.000,MLI,0.2,Randy Wolf,COL NYM TEX,4,2009,2013
2015,t4-1,CHW,Chris Stewart,490410,C,33,,1,0.000,MLI,0.5,Chris Stewart,DET,1,2011,2011
2015,t4-1,NYM,Andy Pettitte,469931,SP,43,,1,0.000,MLI,0.0,Andy Pettitte,ATL SD STL,3,2011,2014
2015,t4-1,NYM,Ben Guez,41372,RF,28,,1,0.000,MLI,1.1,Ben Guez,,,,
2015,t4-1,SD,Marwin González,246084,SS,26,,1,0.000,MLI,0.7,Marwin Gonzalez,DET MIA PHI WAS,5,2017,2022
2015,t4-1,SD,Zack Thornton,502626,RP,27,,1,0.000,MLI,0.3,Zach Thornton,,,,
2015,t4-1,SF,Dustin Garneau,249144,C,27,,1,0.000,MLI,0.7,Dustin Garneau,MIL NYY,4,2017,2022
2015,t4-1,SF,Pete Kozma,228046,SS,27,,1,0.000,MLI,0.9,Pete Kozma,,,,
2015,t4-1,TB,Brendan Ryan,292055,SS,33,,1,0.000,MLI,0.5,Brendan Ryan,ARI TB TEX,5,2009,2014
2015,t4-1,TB,Grégor Blanco,348282,CF,32,,1,0.000,MLI,1.1,Gregor Blanco,CHC CHW,3,2010,2017
2015,t4-1,TB,Kristopher Negrón,135507,SS,29,,1,0.000,MLI,0.6,Kris Negron,,,,
2015,t4-1,TEX,Daric Barton,338199,1B,29,,1,0.000,MLI,0.2,Daric Barton,TEX,6,2009,2014
2015,t4-2,SF,David Cooper,63322,1B,28,,1,1.500,yes,0.0,David Cooper,NYY,6,2009,2014
2015,t4-2,BOS,Alexi Amarista,57171,SS,26,,1,0.000,MLI,1.1,Alexi Amarista,,,,
2015,t4-2,BOS,Josh Edgin,15164,RP,28,,1,0.000,MLI,0.1,Josh Edgin,MIA,1,2017,2017
2015,t4-2,BOS,Omar Quintanilla,418965,SS,33,,1,0.000,MLI,0.2,Omar Quintanilla,BAL,2,2009,2010
2015,t4-2,LAD,Alberto Callaspo,298015,2B,32,,1,0.000,MLI,0.7,Alberto Callaspo,DET LAD,5,2009,2014
2015,t4-2,LAD,Nate Schierholtz,166066,RF,31,,1,0.000,MLI,0.0,Nate Schierholtz,DET LAD PHI,6,2009,2014
2015,t4-2,MIA,Rich Hill,291654,RP,35,,1,0.000,MLI,0.1,Rich Hill,ATL MIN TB TEX TOR WAS,9,2009,2021
2015,t4-2,SF,Erik Cordier,480586,RP,29,,1,0.000,MLI,0.1,Erik Cordier,WAS,1,2017,2017
2015,t4-3,SD,Mark Canha,408029,LF,26,,1,0.000,MLI,0.4,Mark Canha,ARI CLE MIL TB,8,2019,2026
2015,t4-4,WAS,Radhames Liz,172573,SP,32,,1,1.000,yes,0.7,Radhames Liz,ARI CHW WAS,5,2009,2016
2015,t4-4,WAS,Trevor Cahill,201550,SP,27,,1,1.000,yes,1.0,Trevor Cahill,MIA OAK STL WAS,9,2009,2019
2015,t4-4,WAS,Ryan Doumit,479647,LF,34,,1,0.000,MLI,-0.4,Ryan Doumit,LAA OAK PIT,5,2009,2014
2015,t4-5,NYM,Russell Branyan,343371,1B,40,,1,0.000,MLI,-0.1,Russell Branyan,ARI SEA,2,2010,2012
2014,t1-1,KC,Matt Cain,354013,SP,,,5,13.312,no,,Matt Cain,KC PIT,8,2009,2017
2014,t1-1,CHW,Brian McCann,77115,C,,0.15,3,11.900,no,,Brian McCann,BAL BOS CHW KC PHI TOR,10,2009,2020
2014,t1-2,PIT,Félix Hernández,167014,SP,,,6,22.600,no,,Felix Hernandez,BOS CHC CHW NYY PIT,12,2009,2021
2014,t1-2,BOS,Joey Votto,320873,1B,,,7,18.000,no,,Joey Votto,BOS KC LAD SEA STL TB WAS,15,2009,2024
2014,t1-3,NYM,Robinson Canó,351774,2B,,0.15,6,20.400,no,,Robinson Cano,CHC CHW CIN NYM NYY SD SEA,13,2009,2022
2014,t1-3,CIN,Zack Greinke,468867,SP,,0.15,5,15.895,no,,Zach Grienke,CIN PIT SEA SF TOR,15,2009,2024
2014,t1-4,ATL,Cliff Lee,467180,SP,,,3,25.000,no,,Cliff Lee,ATL CHC MIA TOR,6,2009,2016
2014,t1-4,BOS,Ryan Zimmerman,378745,3B,,,5,18.850,no,,Ryan Zimmerman,ATL BAL BOS CLE SD,12,2009,2021
2014,t1-5,OAK,Hanley Ramírez,1757,SS,,,4,21.500,no,,Hanley Ramirez,BOS CHW COL NYM OAK,10,2009,2020
2014,t1-5,CHC,Hyun Jin Ryu,511284,SP,,,4,13.500,no,,Hyun-Jin Ryu,CHC LAA NYM STL,8,2015,2023
2014,t2-1,STL,Doug Fister,423577,SP,,,4,14.750,yes,,Doug Fister,NYM PHI STL TB,6,2012,2018
2014,t2-1,NYY,Francisco Liriano,443781,SP,,,4,13.259,no,,Francisco Liriano,ARI CLE MIA NYY PIT SEA WAS,10,2009,2021
2014,t2-1,BAL,Aramis Ramírez,59484,3B,,,2,10.000,no,,Aramis Ramirez,BAL MIA,5,2009,2015
2014,t2-1,NYY,David Robertson,485256,RP,,,4,9.987,no,,David Robertson,COL NYY SD SEA,12,2012,2025
2014,t2-1,MIL,Josh Beckett,215539,SP,,,2,9.789,yes,,Josh Beckett,BAL CIN DET MIL OAK PIT,6,2009,2016
2014,t2-1,MIL,J. J. Hardy,135202,SS,,,5,8.531,no,,J.J. Hardy,MIA MIL NYM PIT SF WAS,9,2009,2018
2014,t2-1,BOS,Jayson Werth,286773,OF,,0.15,3,8.500,no,,Jayson Werth,BOS CHC CLE SEA,7,2009,2018
2014,t2-1,LAD,Michael Cuddyer,133873,OF,,0.15,2,8.075,no,,Michael Cuddyer,ARI LAD NYY TOR,5,2009,2015
2014,t2-1,WAS,Aaron Hill,104460,2B,,0.15,2,7.650,yes,,Aaron Hill,SEA WAS,8,2009,2017
2014,t2-1,CLE,Torii Hunter,245956,OF,,,2,6.989,no,,Torii Hunter,BOS CLE LAD,4,2009,2015
2014,t2-1,BAL,Sergio Romo,14701,RP,,0.15,3,6.375,yes,,Sergio Romo,BAL BOS CHC TB TOR,8,2011,2020
2014,t2-1,LAD,Coco Crisp,14541,OF,,0.15,2,5.525,no,,Coco Crisp,LAD NYY TB,5,2009,2017
2014,t2-1,BOS,Alfonso Soriano,386427,OF,,0.15,2,5.100,no,,Alfonso Soriano,BOS SEA,6,2009,2016
2014,t2-1,SD,Marlon Byrd,327242,OF,,,2,5.011,no,,Marlon Byrd,MIA NYM OAK SD SEA,5,2009,2017
2014,t2-1,HOU,James Loney,136558,1B,,,4,4.555,yes,,James Loney,HOU MIL OAK,9,2009,2018
2014,t2-1,WAS,Joe Nathan,248934,RP,,,2,4.500,no,,Joe Nathan,ATL KC WAS,5,2009,2015
2014,t2-1,MIL,Darren O'Day,136858,RP,,,3,4.321,no,,Darren O'Day,ATL CHC DET MIL MIN PHI,10,2011,2022
2014,t2-1,MIA,Joaquín Benoit,215076,RP,,0.15,2,4.250,no,,Joaquin Benoit,MIA,4,2012,2017
2014,t2-1,NYY,Tyler Clippard,387068,RP,,,3,4.250,no,,Tyler Clippard,NYY SEA,12,2009,2022
2014,t2-1,KC,Daniel Nava,6618,OF,,,4,4.000,no,,Daniel Nava,KC,2,2015,2016
2014,t2-1,BOS,Kole Calhoun,411505,OF,,,4,4.000,no,,Kole Calhoun,BOS CIN PIT STL TEX,7,2015,2022
2014,t2-1,TOR,Eric O'Flaherty,456455,RP,,,3,3.505,no,,Eric O'Flaherty,COL LAA MIL NYY TOR,7,2009,2016
2014,t2-1,SF,Henry Urrutia,154656,OF,,,4,3.060,no,,Henry Urrutia,SF,3,2015,2017
2014,t2-1,TEX,A. J. Ellis,235137,C,,0.15,3,3.060,no,,A.J. Ellis,CHC CHW OAK TEX,7,2010,2019
2014,t2-1,STL,Kelly Johnson,83576,2B,,,3,3.000,no,,Kelly Johnson,MIA NYM STL TEX,7,2009,2016
2014,t2-1,PIT,AJ Ramos,81659,RP,,,4,2.690,yes,,A.J. Ramos,PIT WAS,4,2015,2018
2014,t2-1,SEA,Justin Wilson,437635,RP,,,2,2.100,yes,,Justin Wilson,COL OAK PHI SEA SF TEX,8,2015,2026
2014,t2-1,ARI,John Axford,474244,RP,,,3,2.100,yes,,John Axford,ARI,5,2012,2017
2014,t2-1,KC,Scott Downs,8086,RP,,,2,2.000,no,,Scott Downs,KC SEA SF TB,5,2009,2015
2014,t2-1,STL,Nick Hundley,501027,C,,,3,2.000,no,,Nick Hundley,CHW CIN STL,5,2011,2016
2014,t2-1,ARI,Ryan Flaherty,486476,2B,,,3,1.850,yes,,Ryan Flaherty,ARI,3,2015,2017
2014,t2-1,ARI,David Lough,514013,OF,,,3,1.850,yes,,David Lough,ARI,3,2015,2017
2014,t2-1,TEX,José Lobatón,369088,C,,,3,1.850,yes,,Jose Lobaton,TEX,3,2015,2017
2014,t2-1,WAS,Matt McBride,267664,C,,,2,1.600,no,,Matt McBride,WAS,1,2015,2015
2014,t2-1,TEX,Jeff Baker,274613,2B,,0.15,2,1.505,yes,,Jeff Baker,DET HOU STL TEX TOR,7,2009,2016
2014,t2-1,NYM,Josh Harrison,496592,2B,,,2,1.500,yes,,Josh Harrison,ARI BOS CHC KC NYM TOR,7,2015,2024
2014,t2-1,CHW,Jim Henderson,87038,RP,,0.15,2,1.500,yes,,Jim Henderson,CHW,1,2015,2015
2014,t2-1,LAA,Luke Putkonen,74814,RP,,,2,1.500,yes,,Luke Putkonen,LAA,1,2015,2015
2014,t2-2,CLE,Billy Butler,505766,DH,,,7,15.777,no,,Billy Butler,CLE SD TOR,8,2009,2017
2014,t2-2,LAA,C. J. Wilson,181299,SP,,,4,15.750,no,,C.J. Wilson,BOS LAA NYM TB,8,2009,2017
2014,t2-2,TOR,Hunter Pence,202980,OF,,0.15,4,11.900,yes,,Hunter Pence,CIN SD SEA TOR WAS,10,2009,2020
2014,t2-2,OAK,John Lackey,196047,SP,,,2,8.000,no,,John Lackey,BOS DET NYY OAK,7,2009,2019
2014,t2-2,WAS,Scott Kazmir,477884,SP,,,2,7.500,yes,,Scott Kazmir,NYM STL WAS,7,2009,2018
2014,t2-2,CHW,Kendrys Morales,491965,1B,,,2,7.200,no,,Kendrys Morales,BAL CHW CLE HOU NYY,10,2009,2020
2014,t2-2,TB,Juan Uribe,511304,3B,,0.15,2,6.843,no,,Juan Uribe,CHW COL TB,4,2011,2017
2014,t2-2,PHI,Jonathan Papelbon,453708,RP,,,2,6.750,yes,,Jonathan Papelbon,CLE COL PHI TEX,7,2009,2016
2014,t2-2,HOU,Brandon Phillips,70397,2B,,0.15,3,5.525,yes,,Brandon Phillips,CIN HOU SEA,8,2009,2017
2014,t2-2,CIN,Carlos Ruiz,264165,C,,0.15,3,4.250,no,,Carlos Ruiz,BOS CIN TB,6,2009,2016
2014,t2-2,ATL,Melky Cabrera,225315,OF,,,4,4.210,yes,,Melky Cabrera,ATL CHW NYY TOR,9,2009,2018
2014,t2-2,WAS,Brian Wilson,73508,RP,,,2,4.200,no,,Brian Wilson,BOS PIT TB TOR WAS,5,2009,2015
2014,t2-2,TB,Kyuji Fujikawa,161706,RP,,,2,4.050,no,,Kyuji Fujikawa,,,,
2014,t2-2,MIL,Aaron Loup,464518,RP,,,3,3.250,no,,Aaron Loup,MIL STL,8,2015,2023
2014,t2-2,SF,Jordany Valdespin,436769,2B,,,2,3.170,yes,,Jordany Valdespin,SF,2,2015,2016
2014,t2-2,NYY,Dan Johnson,487618,1B,,,2,2.101,yes,,Dan Johnson,BOS NYY,3,2012,2015
2014,t2-2,BAL,Mariano Rivera,389464,RP,,,2,2.000,no,,Mariano Rivera,ATL CHC MIN,3,2009,2013
2014,t2-2,WAS,Kurt Suzuki,130738,C,,,2,1.500,no,,Kurt Suzuki,KC LAD PHI SD STL WAS,11,2009,2022
2014,t2-3,COL,Josh Donaldson,119022,3B,,,3,13.755,yes,,Josh Donaldson,ARI BAL COL TEX,10,2013,2024
2014,t2-3,LAD,Howie Kendrick,117849,2B,,,4,10.000,no,,Howie Kendrick,LAA LAD PHI TB TEX,11,2009,2021
2014,t2-3,CIN,Koji Uehara,454335,RP,,0.15,2,9.350,no,,Koji Uehara,CIN LAA MIN NYM,4,2011,2017
2014,t2-3,PIT,Khris Davis,10879,OF,,,4,9.250,no,,Khris Davis,ARI BOS CHW PIT SD,7,2015,2022
2014,t2-3,NYM,Ángel Pagán,426539,OF,,0.15,2,6.800,no,,Angel Pagan,LAD MIN NYM OAK PHI,5,2009,2018
2014,t2-3,MIA,Chad Billingsley,12385,SP,,,3,6.250,no,,Chad Billingsley,LAA MIA,7,2009,2016
2014,t2-3,SF,David Murphy,374351,OF,,,2,6.200,no,,David Murphy,PHI SD SF,5,2009,2015
2014,t2-3,LAD,Danny Farquhar,411844,RP,,,4,6.000,no,,Danny Farquhar,LAD,3,2015,2017
2014,t2-3,CLE,Daniel Murphy,46763,2B,,,4,6.000,no,,Daniel Murphy,CLE KC MIA MIN TOR,8,2012,2021
2014,t2-3,NYY,Mark Melancon,509867,RP,,,4,5.555,no,,Mark Melancon,COL NYY SD WAS,10,2012,2023
2014,t2-3,CHW,Shaun Marcum,108744,SP,,,2,5.500,no,,Shaun Marcum,ARI ATL CHW KC,6,2009,2015
2014,t2-3,LAD,Adam LaRoche,492933,1B,,,2,5.250,no,,Adam LaRoche,KC LAD NYY,5,2009,2015
2014,t2-3,LAA,Neal Cotts,395837,RP,,,2,5.010,yes,,Neal Cotts,CHC CHW COL LAA PHI,5,2009,2017
2014,t2-3,DET,David Carpenter,265375,RP,,,3,4.250,yes,,David Carpenter,DET KC,3,2015,2017
2014,t2-3,HOU,Tom Gorzelanny,310934,RP,,,2,4.000,yes,,Tom Gorzelanny,ARI HOU MIA NYY TB TOR,8,2009,2016
2014,t2-3,SD,Scott Van Slyke,179432,OF,,,2,3.333,no,,Scott Van Slyke,SD TB TOR,3,2013,2017
2014,t2-3,CIN,Johnny Giavotella,507367,2B,,,2,2.700,no,,Johnny Giavotella,CIN CLE DET NYY,7,2012,2020
2014,t2-3,SD,Kyle Kendrick,360298,SP,,,2,2.522,no,,Kyle Kendrick,CLE KC PHI SD,6,2009,2015
2014,t2-3,SF,George Kottaras,135485,C,,,2,2.130,no,,George Kottaras,PIT SF,7,2009,2015
2014,t2-3,SF,Mike Aviles,159609,SS,,,2,2.110,no,,Mike Aviles,LAA MIA NYM SEA SF,5,2009,2015
2014,t2-3,SF,C. C. Lee,66148,RP,,,3,2.010,no,,Chen-Chang (CC) Lee,SF,2,2015,2016
2014,t2-3,SEA,Ryan Vogelsong,2424,SP,,,2,2.000,yes,,Ryan Vogelsong,CHC MIL SEA STL,5,2009,2016
2014,t2-3,ATL,Rajai Davis,284374,OF,,,3,2.000,no,,Rajai Davis,ATL CIN COL DET KC,8,2009,2019
2014,t2-3,CHW,Andrés Torres,69084,OF,,,2,1.850,no,,Andres Torres,CHW TB,4,2011,2015
2014,t2-3,OAK,Dane De La Rosa,472525,RP,,,3,1.800,yes,,Dane de la Rosa,OAK,1,2015,2015
2014,t2-3,PHI,Steve Pearce,242851,1B,,,2,1.600,yes,,Steven Pearce,BOS LAD PHI SD TB TOR,9,2009,2020
2014,t2-3,MIL,Dan Butler,151782,C,,,2,1.531,yes,,Daniel Butler,BAL MIL,2,2015,2016
2014,t2-3,CIN,Ryan Goins,323599,SS,,,2,1.500,yes,,Ryan Goins,CIN,2,2015,2016
2014,t2-3,LAA,Rafael Pérez,254335,RP,,0.15,2,1.276,yes,,Rafael Perez,LAA LAD MIL,7,2009,2016
2014,t2-4,ATL,Bartolo Colón,44798,SP,,,2,8.500,no,,Bartolo Colon,ATL BOS COL PHI SF,6,2010,2019
2014,t2-4,MIA,Carl Crawford,149051,OF,,,3,7.000,no,,Carl Crawford,HOU MIA TOR,6,2009,2016
2014,t2-4,PHI,Jeremy Guthrie,447619,SP,,,3,6.750,yes,,Jeremy Guthrie,ATL COL PHI,7,2009,2016
2014,t2-4,ATL,Nick Markakis,443170,OF,,,4,6.448,yes,,Nick Markakis,ATL BAL MIL NYM SD WAS,11,2009,2020
2014,t2-4,HOU,A. J. Pierzynski,82387,C,,,2,6.400,no,,A.J. Pierzynski,CHC HOU OAK,5,2010,2017
2014,t2-4,SD,Gavin Floyd,249473,SP,,,3,5.850,no,,Gavin Floyd,HOU NYM SD SEA TB WAS,8,2009,2016
2014,t2-4,HOU,Rickie Weeks,228427,2B,,,2,5.500,yes,,Rickie Weeks,ARI HOU,6,2010,2016
2014,t2-4,TOR,Darin Ruf,474354,OF,,,4,5.250,no,,Darin Ruf,MIL STL TB TOR,5,2015,2023
2014,t2-4,LAA,José Veras,294357,RP,,,2,5.000,no,,Jose Veras,BOS LAA TEX,3,2010,2015
2014,t2-4,MIN,Josh Satin,3905,1B,,,4,4.125,no,,Josh Satin,MIN,2,2015,2016
2014,t2-4,CHW,Eric Stults,76713,SP,,,2,3.550,no,,Eric Stults,CHW SD,3,2011,2015
2014,t2-4,DET,Bryan Shaw,90204,RP,,,3,3.500,yes,,Bryan Shaw,DET WAS,5,2015,2020
2014,t2-4,DET,Wade Davis,412927,SP,,,3,3.500,yes,,Wade Davis,ATL BAL CIN DET SEA TEX,11,2009,2020
2014,t2-4,LAD,Dean Anna,473123,2B,,,3,2.650,yes,,Dean Anna,LAD,3,2015,2017
2014,t2-4,TEX,Craig Breslow,190852,RP,,0.15,2,2.423,no,,Craig Breslow,CHC LAD TEX TOR,4,2009,2015
2014,t2-4,COL,Ryan Madson,137358,RP,,0.15,2,2.002,no,,Ryan Madson,ARI COL NYM SD TB,7,2009,2019
2014,t2-4,PHI,Chad Qualls,222341,RP,,,2,2.000,yes,,Chad Qualls,BAL COL HOU PHI,7,2009,2017
2014,t2-4,PHI,Nick Punto,400318,SS,,,2,2.000,yes,,Nick Punto,ATL CHC CHW PHI TB,6,2010,2016
2014,t2-4,NYY,Phil Coke,377346,RP,,,2,1.898,yes,,Phil Coke,LAD NYY,5,2010,2016
2014,t2-4,NYM,Chaz Roe,425056,RP,,,2,1.800,yes,,Chaz Roe,CHC CLE KC LAA NYM SD TB,7,2015,2023
2014,t2-4,HOU,Paul Konerko,305647,1B,,,2,1.666,no,,Paul Konerko,BOS HOU NYM SEA,5,2009,2015
2014,t2-4,TEX,Dan Black,243653,1B,,,2,1.600,yes,,Dan Black,TEX,1,2015,2015
2014,t2-4,LAD,Tony Sipp,2018,RP,,,2,1.600,no,,Tony Sipp,DET LAD,10,2009,2020
2014,t2-4,TOR,Scott Sizemore,398313,2B,,,2,1.505,yes,,Scott Sizemore,DET LAA MIL TOR,6,2010,2015
2014,t2-4,COL,Cliff Pennington,404189,SS,,,2,1.500,no,,Cliff Pennington,CHC COL TB,5,2011,2015
2014,t2-5,ATL,DJ LeMahieu,15209,2B,,,4,5.600,yes,,D.J. LaMahieu,ATL DET PHI SF TEX TOR WAS,11,2015,2025
2014,t2-5,TOR,Raúl Ibañez,449591,DH,,,2,5.250,no,,Raul Ibanez,ATL STL,4,2009,2013
2014,t2-5,SEA,Vic Black,391655,RP,,,3,5.000,no,,Vic Black,SEA,2,2015,2016
2014,t2-5,SEA,Jimmy Rollins,271450,SS,,,2,4.700,no,,Jimmy Rollins,CHC CLE MIL SD SEA STL,7,2009,2018
2014,t2-5,STL,Ryan Dempster,168719,SP,,,2,4.350,no,,Ryan Dempster,BAL LAD STL TB,5,2009,2015
2014,t2-5,MIA,Francisco Rodríguez,416580,RP,,,2,3.500,no,,Francisco Rodriguez,BOS MIA MIN PHI SEA,7,2009,2018
2014,t2-5,MIL,Chris Capuano,43259,SP,,0.15,2,3.400,no,,Chris Capuano,LAA MIL,4,2009,2015
2014,t2-5,ATL,Jonathan Herrera,486344,2B,,,3,3.275,yes,,Jonathan Herrera,ATL MIL,3,2011,2015
2014,t2-5,HOU,Vidal Nuño,322083,RP,,,4,3.222,yes,,Vidal Nuno,HOU,4,2015,2018
2014,t2-5,OAK,Dan Uggla,200539,2B,,,2,3.000,no,,Dan Uggla,ATL OAK PIT TOR,5,2009,2015
2014,t2-5,NYY,Caleb Gindl,217231,OF,,,4,2.898,yes,,Caleb Gindl,NYY,2,2015,2016
2014,t2-5,PHI,Sean Burnett,273064,RP,,,2,2.250,yes,,Sean Burnett,CHW LAA PHI SD,7,2009,2016
2014,t2-5,TB,Darren Oliver,89382,RP,,,2,2.250,no,,Darren Oliver,BOS OAK TEX,3,2009,2013
2014,t2-5,HOU,David Hale,493713,RP,,,4,2.222,yes,,David Hale,HOU,2,2015,2016
2014,t2-5,ATL,Dale Thayer,221105,RP,,,2,1.918,yes,,Dale Thayer,ATL LAD,2,2015,2016
2014,t2-5,TOR,Willie Harris,241264,2B,,,2,1.875,yes,,Willie Harris,OAK TB,3,2011,2013
2014,t2-5,NYM,Cory Burns,379610,RP,,,2,1.600,yes,,Cory Burns,NYM,1,2015,2015
2014,t2-5,NYM,Mike Adams,106418,RP,,,2,1.600,yes,,Mike Adams,COL NYM NYY TOR,6,2010,2016
2014,t2-5,LAD,Jean Machi,452546,RP,,,2,1.600,no,,Jean Machi,LAD,3,2015,2018
2014,t2-5,WAS,Ichiro Suzuki,478569,OF,,,2,1.500,no,,Ichiro Suzuki,BOS COL WAS,4,2009,2015
2014,t2-5,TOR,Fernando Salas,348274,RP,,0.15,2,1.276,yes,,Fernando Salas,BOS TOR,4,2012,2016
2014,t3-1,STL,Jason Frasor,356412,RP,,,2,2.800,no,,Jason Frasor,BOS CLE STL,5,2009,2015
2014,t3-1,DET,Cristhian Martínez,513020,RP,,,2,2.700,yes,,Cristhian Martinez,CLE DET,2,2013,2015
2014,t3-1,COL,Freddy García,409882,SP,,0.15,1,1.964,no,,Freddy Garcia,CLE HOU,3,2010,2012
2014,t3-1,ARI,Roy Halladay,380559,SP,,,1,1.850,yes,,Roy Halladay,BAL HOU TEX,5,2009,2015
2014,t3-1,LAA,Jake Diekman,421524,RP,,,3,1.801,yes,,Jake Diekman,BAL LAA PHI STL,10,2015,2025
2014,t3-1,COL,Eric Campbell,293719,3B,,,1,1.550,no,,Eric Campbell,STL,2,2016,2017
2014,t3-1,CHC,Don Kelly,85746,OF,,,2,1.500,yes,,Don Kelly,ATL CHC,3,2011,2016
2014,t3-1,NYM,Zac Rosscup,267303,RP,,,2,1.500,yes,,Zac Rosscup,LAA MIL NYM,3,2015,2019
2014,t3-1,DET,Joaquín Arias,73181,3B,,,2,1.500,yes,,Joaquin Arias,DET,2,2015,2016
2014,t3-1,DET,Donovan Solano,417877,2B,,,2,1.500,yes,,Donovan Solano,DET KC TB,6,2015,2024
2014,t3-1,COL,Robinson Chirinos,482309,C,,,1,1.255,no,,Robinson Chirinos,ARI COL KC TEX,9,2012,2022
2014,t3-1,CHW,Blake Parker,403128,RP,,,1,1.155,yes,,Blake Parker,CHW CLE KC,2,2015,2019
2014,t3-1,OAK,Jesus Castillo,66737,RP,,,1,1.150,yes,,Jesus Castillo,OAK,1,2015,2015
2014,t3-1,CHW,Grégor Blanco,348282,OF,,,1,1.100,yes,,Gregor Blanco,CHC CHW,3,2010,2017
2014,t3-1,NYM,Anthony Recker,478577,C,,,1,1.100,yes,,Anthony Recker,NYM,1,2015,2015
2014,t3-1,SD,Kevin Slowey,106378,SP,,,1,1.027,yes,,Kevin Slowey,ARI PIT SD,7,2009,2015
2014,t3-1,TB,Mark Ellis,13319,2B,,,1,1.002,yes,,Mark Ellis,KC OAK TB,5,2009,2015
2014,t3-1,CHW,Plácido Polanco,370468,3B,,,1,1.002,no,,Placido Polanco,ATL HOU,3,2010,2013
2014,t3-1,OAK,Mark DeRosa,183520,2B,,,1,1.001,no,,Mark DeRosa,LAD SD,2,2010,2012
2014,t3-1,LAA,Cole Figueroa,456698,RP,,,1,1.000,yes,,Cole Figueroa,LAA,1,2015,2015
2014,t3-1,ARI,Chris Herrmann,312781,C,,,1,1.000,yes,,Chris Herrmann,ARI,1,2015,2015
2014,t3-1,COL,Chris Coghlan,320491,OF,,,1,1.000,yes,,Chris Coghlan,CHC,7,2009,2015
2014,t3-1,NYM,Vince Belnome,138308,3B,,,1,1.000,yes,,Vince Belnome,NYM,1,2015,2015
2014,t3-2,BAL,Al Alburquerque,121629,RP,,,2,3.500,no,,Al Alburquerque,BAL KC STL,5,2013,2018
2014,t3-2,TB,Ryan Raburn,374798,OF,,,2,2.602,no,,Ryan Raburn,BAL COL MIN SF,4,2009,2017
2014,t3-2,STL,Alex Hassan,6812,OF,,,2,1.800,yes,,Alex Hassan,DET STL,2,2015,2016
2014,t3-2,TOR,Caleb Thielbar,85456,RP,,,2,1.500,yes,,Caled Thielbar,LAD OAK TOR,4,2015,2026
2014,t3-2,COL,Kevin Gregg,15379,RP,,,1,1.255,yes,,Kevin Gregg,COL LAA,3,2009,2015
2014,t3-2,TB,Brian Duensing,16628,RP,,,1,1.250,yes,,Brian Duensing,LAD PHI TB,5,2012,2019
2014,t3-2,COL,Chris Parmelee,168270,1B,,,1,1.100,no,,Chris Parmelee,ARI,2,2016,2017
2014,t3-2,TB,Shawn Tolleson,79970,RP,,,1,1.100,yes,,Shawn Tolleson,BOS,3,2016,2018
2014,t3-2,SD,Bryan LaHair,275008,1B,,,1,1.027,yes,,Bryan LaHair,SD TOR,2,2013,2015
2014,t3-2,MIN,David Ross,332075,C,,,1,1.005,yes,,David Ross,MIN SF TB,6,2010,2018
2014,t3-2,DET,José Molina,176802,C,,,1,1.001,yes,,Jose Molina,DET SD SF,3,2009,2015
2014,t3-2,DET,Bruce Chen,326917,SP,,,1,1.001,yes,,Bruce Chen,DET,2,2013,2015
2014,t3-2,BOS,Jason Kubel,219790,DH,,,1,1.000,yes,,Jason Kubel,CLE OAK,5,2009,2013
2014,t3-2,BOS,Josh Kinney,236936,RP,,,1,1.000,no,,Josh Kinney,CHW WAS,2,2009,2014
2014,t3-2,COL,Joel Hanrahan,29896,RP,,,1,1.000,no,,Joel Hanrahan,ATL COL MIL,6,2009,2014
2014,t3-2,TB,Evan Scribner,156254,RP,,,1,1.000,yes,,Evan Scribner,CHC,1,2018,2018
2014,t3-3,MIN,Tanner Roark,317333,SP,,,3,4.000,no,,Tanner Roark,HOU MIN TEX,6,2015,2021
2014,t3-3,CHC,Yangervis Solarte,436385,2B,,,2,2.164,no,,Yangervis Solarte,BOS CHC DET TEX,6,2015,2021
2014,t3-3,TEX,Óliver Pérez,91492,RP,,,1,1.750,no,,Oliver Perez,CHW CLE COL LAD NYM NYY,9,2009,2022
2014,t3-3,LAD,Jamey Wright,93186,RP,,0.15,1,1.700,yes,,Jamey Wright,LAD,1,2015,2015
2014,t3-3,ARI,Nolan Reimold,231128,OF,,,1,1.500,yes,,Nolan Reimold,LAD,6,2009,2014
2014,t3-3,BAL,Brandon Barnes,8220,OF,,,2,1.500,yes,,Brandon Barnes,BAL,2,2015,2016
2014,t3-3,CHC,Yuniesky Betancourt,161616,SS,,,1,1.350,no,,Yuniesky Betancourt,STL WAS,3,2009,2013
2014,t3-3,SF,Tyler Bortnick,270869,2B,,,1,1.160,yes,,Tyler Bortnick,,,,
2014,t3-3,CHW,Zach Lutz,302997,3B,,,1,1.001,yes,,Zach Lutz,CHW,1,2015,2015
2014,t3-3,KC,Jeff Keppinger,186844,SS,,,1,1.000,no,,Jeff Keppinger,KC NYY TEX,5,2009,2014
2014,t3-4,CHW,David Bromberg,242004,SP,,,1,1.955,yes,,David Bromberg,CHW,1,2015,2015
2014,t3-4,SEA,John Buck,281551,C,,,1,1.750,no,,John Buck,CLE NYY TB,5,2009,2014
2014,t3-4,TEX,Matt Daley,511087,RP,,,1,1.050,yes,,Matt Daley,DET,1,2011,2011
2014,t3-4,DET,Lance Berkman,372551,DH,,,1,1.000,yes,,Lance Berkman,DET OAK STL,5,2009,2015
2014,t3-4,LAD,JB Shuck,186371,OF,,,1,1.000,yes,,J.B. Schuck,LAD,1,2015,2015
2014,t3-4,LAD,Yorvit Torrealba,170886,C,,,1,1.000,no,,Yorvit Torrealba,COL,2,2010,2011
2014,t3-4,SD,Maicer Izturis,146339,3B,,,1,1.000,yes,,Maicer Izturis,MIN NYM SD TB,5,2009,2015
2014,t3-5,TB,Casey Fien,309935,RP,,,1,1.500,yes,,Casey Fien,TB,1,2015,2015
2014,t3-5,NYM,Fernando Abad,130365,RP,,,1,1.005,yes,,Fernando Abad,ARI STL TB TEX TOR WAS,6,2012,2021
2014,t3-5,TOR,Angelys Nina,423859,2B,,,1,1.000,yes,,Angelys Nina,TOR,2,2015,2017
2014,t3-5,TOR,Chris Colabello,101598,1B,,,1,1.000,yes,,Chris Colabello,MIL TOR,2,2015,2017
2014,t4-1,NYY,John Danks,75568,SP,,,1,1.744,yes,,John Danks,BAL NYY,8,2009,2018
2014,t4-1,CHW,Carlos Torres,146943,SP,,,1,0.000,MLI,,Carlos Torres,PHI TEX,2,2016,2018
2014,t4-1,CHW,Shane Robinson,195939,OF,,,1,0.000,MLI,,Shane Robinson,,,,
2014,t4-1,DET,René Rivera,356315,C,,,1,0.000,MLI,,Rene Rivera,DET,2,2016,2017
2014,t4-1,NYY,Luke Montz,10158,C,,,1,0.000,MLI,,Luke Montz,,,,
2014,t4-1,NYY,Mike Fontenot,256543,2B,,,1,0.000,MLI,,Mike Fontenot,ARI MIL SEA,3,2009,2011
2014,t4-1,TB,Daric Barton,338199,1B,,,1,0.000,MLI,,Daric Barton,TEX,6,2009,2014
2014,t4-1,TB,Laynce Nix,135396,OF,,,1,0.000,MLI,,Laynce Nix,BAL CHC NYY,3,2009,2014
2014,t4-1,TB,Travis Hafner,132067,DH,,,1,0.000,MLI,,Travis Hafner,OAK,4,2009,2014
2014,t4-1,TOR,Jesse Chavez,4026,RP,,,1,0.000,MLI,,Jesse Chavez,ATL COL MIA MIN SD TB,7,2016,2023
2014,t4-2,BAL,Carlos Corporán,204913,C,,,1,0.000,MLI,,Carlos Corporan,BAL,1,2012,2012
2014,t4-2,BAL,Tommy Hanson,259858,SP,,,1,0.000,MLI,,Tommy Hanson,BOS COL,6,2009,2014
2014,t4-2,BOS,Carlos Marmól,11251,RP,,,1,0.000,MLI,,Carlos Marmol,SEA,5,2009,2013
2014,t4-2,BOS,Francisco Peguero,14725,OF,,,1,0.000,MLI,,Francisco Peguero,,,,
2014,t4-2,COL,Nyjer Morgan,195797,OF,,,1,0.000,MLI,,Nyjer Morgan,ATL CHC,2,2011,2013
2014,t4-2,LAD,Johnny Monell,464849,C,,,1,0.000,MLI,,Johnny Monell,,,,
2014,t4-2,LAD,Luis Jiménez,260648,3B,,,1,0.000,MLI,,Luis Jimenez,,,,
2014,t4-2,PHI,Jason Marquis,269059,SP,,,1,0.000,MLI,,Jason Marquis,CLE SF TB,3,2010,2013
2014,t4-2,PHI,Pedro Feliciano,358723,RP,,,1,0.000,MLI,,Pedro Feliciano,NYM TOR,6,2009,2014
2014,t4-2,PHI,Skip Schumaker,461490,2B,,,1,0.000,MLI,,Skip Schumaker,PHI,2,2009,2010
2014,t4-2,SD,Joel Carreño,308194,RP,,,1,0.000,MLI,,Joel Carreno,,,,
2014,t4-2,SD,Kelvin De La Cruz,157788,RP,,,1,0.000,MLI,,Kelvin de la Cruz,,,,
2014,t4-2,SD,Yusmeiro Petit,440157,SP,,,1,0.000,MLI,,Yusmeiro Petit,LAA OAK PIT SF TB,9,2009,2022
2014,t4-2,TOR,Arquimedes Caminero,65561,RP,,,1,0.000,MLI,,Arquimedes Caminero,MIN TEX,2,2017,2018
2014,t4-2,TOR,Michael McKenry,366787,C,,,1,0.000,MLI,,Michael McKenry,BOS COL PIT SF,5,2012,2018
2014,t4-2,WAS,James McDonald,332397,SP,,,1,0.000,MLI,,James McDonald,DET LAD,6,2009,2014
2014,t4-3,WAS,Santiago Casilla,135183,RP,,,1,1.800,yes,,Santiago Casilla,PIT TB WAS,7,2009,2017
2014,t4-3,PHI,Chad Tracy,350994,3B,,,1,1.000,no,,Chad Tracy,MIL,4,2010,2013
2014,t4-3,SEA,Ryan Ludwick,401828,OF,,,1,0.000,MLI,,Ryan Ludwick,MIL NYM STL,4,2009,2013
2014,t4-4,PHI,Chris Snyder,172781,C,,,1,1.000,no,,Chris Snyder,BAL OAK,3,2010,2013
2014,t4-5,MIL,Gonzalez Germen,315403,RP,,,1,0.000,MLI,,Gonzalez Germen,,,,
2014,t4-5,MIL,Todd Helton,30741,1B,,,1,0.000,MLI,,Toddy Helton,ARI MIN,4,2009,2013
2014,t4-5,MIL,Tuffy Gosewisch,58313,C,,,1,0.000,MLI,,Tuffy Gosewich,MIL,1,2014,2014
2014,t4-5,SEA,Juan Carlos Oviedo,54018,RP,,,1,0.000,MLI,,Juan Carlos Oviedo,SD TEX,4,2010,2014
2014,t4-5,SEA,Juan Pierre,105617,OF,,,1,0.000,MLI,,Juan Pierre,CIN CLE MIN,4,2010,2014
2014,t4-5,SEA,Kevin Kouzmanoff,499848,3B,,,1,0.000,MLI,,Kevin Kouzmanoff,KC LAA NYM,6,2009,2014
2014,t4-6,MIL,Sean Halton,97766,1B,,,1,1.000,yes,,Sean Halton,,,,
2014,t4-7,LAD,Jarrod Dyson,343860,OF,,,1,0.000,MLI,,Jerred Dyson,LAA NYY OAK,5,2016,2021
2014,t4-8,BAL,Nick Buss,318347,OF,,,1,0.000,MLI,,Nick Buss,,,,
2014,t4-8,CHC,Corban Joseph,368741,2B,,,1,0.000,MLI,,Corban Joseph,,,,
2013,t1-1,LAA,Edwin Encarnación,472829,1B,,,3,11.800,no,,Edwin Encarnacion,BAL CHC COL LAA SD SEA TB WAS,10,2009,2021
2013,t1-1,CHC,Matt Garza,103648,SP,,,3,11.000,no,,Matt Garza,CHC CLE KC LAA SD,8,2009,2018
2013,t1-2,BAL,Shin-Soo Choo,134885,OF,,,3,11.705,no,,Shin-Soo Choo,ARI BAL CHC LAA SEA,10,2009,2021
2013,t1-2,ARI,Alex Gordon,187854,LF,,0.15,4,10.332,no,,Alex Gordon,ARI CHC CHW DET KC MIA NYM TB,10,2009,2020
2013,t1-3,SEA,Adrian Beltré,40820,3B,,0.15,3,17.383,no,,Adrian Beltre,CHC NYY SEA,7,2009,2019
2013,t1-3,BOS,James Shields,463505,SP,,0.15,4,10.625,no,,James Shields,BAL BOS SEA SF STL,8,2009,2018
2013,t1-4,WAS,David Wright,258026,3B,,,5,15.300,no,,David Wright,TOR WAS,8,2009,2017
2013,t1-4,NYY,R. A. Dickey,503446,SP,,,4,12.000,no,,R.A. Dickey,NYY SF WAS,4,2012,2016
2013,t1-5,TB,Yu Darvish,191562,SP,,,7,21.050,no,,Yu Darvish,CHW TB,13,2014,2026
2013,t1-5,MIL,Yoenis Céspedes,358587,OF,,,5,15.750,yes,,Yoenis Cespedes,ATL MIL SD SEA,8,2014,2021
2013,t2-1,LAD,Kevin Youkilis,479390,1B,,,2,12.750,no,,Kevin Youkilis,CLE KC LAD MIA,5,2009,2014
2013,t2-1,OAK,Tim Hudson,383690,SP,,,2,10.100,no,,Tim Hudson,ATL BAL CLE OAK,5,2009,2016
2013,t2-1,ATL,Andre Ethier,105470,RF,,,4,8.334,no,,Andre Ethier,ARI ATL BOS HOU LAD,7,2009,2016
2013,t2-1,LAD,Hisashi Iwakuma,198811,SP,,,4,8.000,no,,Hisashi Iwakuma,BAL DET LAD TEX,5,2014,2019
2013,t2-1,NYM,Jon Lester,27139,SP,,,5,6.800,no,,Jon Lester,BAL MIL NYM NYY PIT STL TB,11,2009,2021
2013,t2-1,DET,Barry Zito,469920,SP,,,2,6.500,no,,Barry Zito,ATL DET SF WAS,5,2009,2014
2013,t2-1,DET,Alberto Callaspo,298015,3B,,,2,6.500,no,,Alberto Callaspo,DET LAD,5,2009,2014
2013,t2-1,SF,Sean Marshall,439034,RP,,,4,6.300,no,,Sean Marshall,ATL CHC CHW SF,7,2009,2016
2013,t2-1,DET,Aaron Harang,158162,SP,,0.15,2,5.950,no,,Aaron Harang,DET LAA MIL PHI,6,2009,2017
2013,t2-1,CHW,Alexei Ramírez,325553,SS,,0.15,2,5.525,no,,Alexei Ramirez,BOS CHW NYM WAS,5,2010,2016
2013,t2-1,ATL,Ryan Hanigan,137651,C,,,3,5.423,no,,Ryan Hanigan,ATL KC MIL,6,2010,2017
2013,t2-1,CHC,Chris Young,496498,CF,,,4,5.250,yes,,Chris Young,CHC MIA SD,10,2009,2018
2013,t2-1,NYM,Huston Street,228198,RP,,,4,5.100,yes,,Huston Street,ATL CHC DET NYM PIT,8,2009,2017
2013,t2-1,CLE,Pedro Ciriaco,68083,SS,,,3,3.658,no,,Pedro Ciriaco,CLE MIL,2,2014,2015
2013,t2-1,TB,Gaby Sánchez,488601,1B,,,2,3.500,no,,Gaby Sanchez,ATL DET MIL TB TOR,6,2009,2014
2013,t2-1,TEX,Casey Janssen,267700,RP,,0.15,3,3.485,no,,Casey Janssen,DET TEX TOR,6,2009,2017
2013,t2-1,STL,Andy Pettitte,469931,SP,,0.15,2,3.145,no,,Andy Pettitte,ATL SD STL,3,2011,2014
2013,t2-1,COL,Alex Ríos,332732,RF,,,2,3.000,no,,Alexis Rios,COL NYY WAS,6,2009,2016
2013,t2-1,CIN,Brett Pill,387549,1B,,,3,2.900,yes,,Brett Pill,CIN,3,2014,2016
2013,t2-1,CHC,Craig Stammen,497790,RP,,,2,2.660,no,,Craig Stammen,ARI CHC COL,8,2012,2022
2013,t2-1,TOR,Rafael Betancourt,234616,RP,,0.15,2,2.512,no,,Rafael Betancourt,ATL TOR WAS,4,2009,2014
2013,t2-1,KC,Steve Delabar,125449,RP,,,3,2.400,no,,Steve Delabar,KC,2,2014,2015
2013,t2-1,NYY,Nate McLouth,151515,CF,,,2,2.250,yes,,Nate McLouth,ARI COL NYY PIT,6,2009,2015
2013,t2-1,MIA,Joakim Soria,290943,RP,,,2,2.200,no,,Joakim Soria,BOS KC MIA NYY SD SF,12,2009,2022
2013,t2-1,ARI,Craig Gentry,102559,CF,,,3,1.851,yes,,Craig Gentry,ARI TEX,3,2014,2016
2013,t2-1,TB,Ricky Nolasco,420186,SP,,0.15,3,1.828,yes,,Ricky Nolasco,BOS MIL MIN OAK TB,9,2009,2019
2013,t2-1,LAA,Ronald Belisario,468933,RP,,0.15,2,1.700,yes,,Ronald Belisario,CLE LAA,3,2011,2015
2013,t2-1,CHC,Brad Ziegler,46687,RP,,0.15,2,1.700,yes,,Brad Ziegler,BAL CHC LAD MIL TOR,8,2010,2019
2013,t2-1,COL,Luis Cruz,99895,SS,,0.15,2,1.700,yes,,Luis Cruz,COL PIT,3,2012,2015
2013,t2-1,LAA,Chad Durbin,139165,RP,,,2,1.500,yes,,Chad Durbin,LAA WAS,4,2010,2015
2013,t2-1,TOR,Clint Barmes,202410,SS,,,2,1.444,no,,Clint Barmes,ATL CLE OAK TOR,5,2010,2016
2013,t2-1,WAS,Eduardo Núñez,419732,SS,,,2,1.400,no,,Eduardo Nunez,NYM STL TOR WAS,4,2014,2019
2013,t2-1,BOS,Heath Bell,47937,RP,,,2,1.300,no,,Heath Bell,BOS NYM WAS,5,2009,2014
2013,t2-1,MIN,Joey Devine,260818,RP,,,2,1.299,no,,Joey Devine,CIN MIN,6,2009,2014
2013,t2-1,PIT,Jerry Blevins,345912,RP,,0.15,2,1.200,yes,,Jerry Blevins,BAL LAA PIT SF TEX TOR,9,2010,2021
2013,t2-1,CHW,Jeff Francis,287818,SP,,0.15,2,1.200,no,,Jeff Francis,BAL CHW MIL SD,6,2009,2017
2013,t2-2,NYM,Matt Holliday,511317,LF,,0.15,3,15.300,no,,Matt Holliday,BOS CHW COL MIA NYM WAS,8,2009,2019
2013,t2-2,SEA,Nelson Cruz,514439,RF,,,2,10.260,no,,Nelson Cruz,BOS DET KC MIA SEA STL TB TOR WAS,11,2010,2023
2013,t2-2,SF,Carlos Beltrán,505143,RF,,,3,10.120,no,,Carlos Beltran,ARI BOS COL SF WAS,7,2009,2017
2013,t2-2,ARI,Wei-Yin Chen,149987,SP,,,4,7.600,yes,,Wei-Yin Chen,ARI CHC MIA SD,6,2014,2020
2013,t2-2,STL,Wandy Rodríguez,239135,SP,,,3,7.500,no,,Wandy Rodriguez,ARI STL TEX,6,2009,2015
2013,t2-2,DET,Nori Aoki,179289,RF,,,3,7.000,no,,Norichika Aoki,DET LAA,3,2014,2017
2013,t2-2,DET,A. J. Burnett,486648,SP,,,2,6.600,no,,A.J. Burnett,BOS CLE DET SEA,5,2009,2016
2013,t2-2,CLE,Marco Scutaro,63995,SS,,,3,5.555,no,,Marco Scutaro,ARI CHW CLE NYM,6,2009,2015
2013,t2-2,OAK,Alex Rodriguez,390625,3B,,,2,5.250,yes,,Alex Rodriguez,NYY OAK SD TEX,6,2009,2016
2013,t2-2,MIA,Shane Victorino,458776,CF,,,3,5.000,no,,Shane Victorino,LAA MIA STL,7,2009,2017
2013,t2-2,OAK,Stephen Drew,475845,SS,,,4,5.000,no,,Stephen Drew,OAK SEA WAS,8,2009,2018
2013,t2-2,WAS,Chris Carpenter,157814,SP,,,2,5.000,no,,Chris Carpenter,BOS DET PIT WAS,4,2010,2014
2013,t2-2,LAD,Brandon League,271005,RP,,,3,4.700,no,,Brandon League,COL LAD,5,2010,2015
2013,t2-2,BOS,Jason Grilli,231360,RP,,0.15,2,3.825,no,,Jason Grilli,BOS CHC LAD TEX,4,2010,2018
2013,t2-2,ATL,Wilton López,316072,RP,,,4,3.774,no,,Wilton Lopez,ATL KC,4,2012,2016
2013,t2-2,CIN,Joel Peralta,396280,RP,,,2,3.700,no,,Joel Peralta,CIN CLE TOR,4,2009,2014
2013,t2-2,SF,Octavio Dotel,20527,RP,,,2,3.450,no,,Octavio Dotel,ARI BOS SF,3,2010,2014
2013,t2-2,KC,Jordan Pacheco,3849,3B,,,3,3.400,no,,Jordan Pacheco,KC,2,2014,2015
2013,t2-2,KC,Rod Barajas,245322,C,,,2,3.000,no,,Rod Barajas,ATL KC WAS,3,2010,2014
2013,t2-2,TOR,J. J. Hoover,156813,RP,,,4,2.561,no,,J.J. Hoover,BOS TOR,3,2014,2016
2013,t2-2,CIN,Pat Neshek,63454,RP,,,2,2.500,yes,,Pat Neshek,CIN KC LAA LAD SD,7,2009,2019
2013,t2-2,PHI,Logan Ondrusek,472619,RP,,,3,2.500,yes,,Logan Ondrusek,LAD PHI,4,2012,2016
2013,t2-2,SEA,Brad Brach,207113,RP,,,2,2.020,yes,,Brad Brah,NYM NYY PHI SEA,8,2014,2022
2013,t2-2,PHI,Brian Bogusevic,176461,OF,,,3,2.000,yes,,Brian Bugusevic,MIL PHI,4,2014,2017
2013,t2-2,TB,Joba Chamberlain,259801,RP,,,2,1.850,yes,,Joba Chamberlain,CIN SD TB,7,2009,2015
2013,t2-2,MIN,LaTroy Hawkins,516597,RP,,,2,1.299,no,,LaTroy Hawkins,CIN HOU MIN,4,2010,2016
2013,t2-2,MIN,Mike Gonzalez,178472,RP,,,2,1.299,no,,Mike Gonzalez,COL MIN PIT SEA,5,2009,2014
2013,t2-2,SD,Vernon Wells,189824,LF,,,2,1.252,no,,Vernon Wells,SD TEX TOR,4,2009,2014
2013,t2-2,MIA,José Ceda,183126,RP,,,2,1.250,yes,,Jose Ceda,MIA,2,2014,2015
2013,t2-2,MIA,Brian Roberts,57564,2B,,,2,1.200,yes,,Brian Roberts,BOS COL HOU MIA TB,6,2009,2015
2013,t2-2,TEX,Alex Castellanos,348585,INF,,,2,1.200,yes,,Alex Castellanos,BAL TEX,2,2014,2017
2013,t2-2,TEX,Jared Hughes,440582,RP,,,2,1.200,yes,,Jared Hughes,PHI TEX WAS,7,2014,2021
2013,t2-2,TEX,Raúl Valdés,397615,RP,,,2,1.200,yes,,Raul Valdez,TEX,1,2014,2014
2013,t2-2,CHW,Kelly Shoppach,76603,C,,,2,1.200,no,,Kelly Shoppach,ARI CHW NYY SD,5,2009,2014
2013,t2-3,ARI,Hiroki Kuroda,298643,SP,,,2,7.700,no,,Hiroki Kuroda,ARI CIN TB,3,2010,2014
2013,t2-3,NYY,Edinson Vólquez,515276,SP,,,4,6.000,no,,Edinson Volquez,CLE MIL NYY SF,10,2009,2020
2013,t2-3,NYM,Jhonny Peralta,364264,SS,,0.15,4,5.738,no,,Jhonny Peralta,BAL LAA NYM SD,7,2009,2016
2013,t2-3,CLE,Ted Lilly,366202,SP,,,2,5.468,no,,Ted Lilly,CLE SD,4,2010,2014
2013,t2-3,LAA,Justin Ruggiano,340584,OF,,,3,5.350,no,,Justin Ruggiano,LAA NYM SF,5,2010,2018
2013,t2-3,BOS,Derek Jeter,396158,SS,,,2,4.200,no,,Derek Jeter,BAL BOS NYY,5,2009,2014
2013,t2-3,CHC,Brayan Villarreal,492537,RP,,,2,4.000,no,,Brayan Villarreal,CHC,1,2014,2014
2013,t2-3,STL,Scott Hairston,70921,LF,,,3,3.750,no,,Scott Hairston,MIA SEA STL,6,2009,2015
2013,t2-3,MIL,Scott Feldman,125434,SP,,,3,3.738,no,,Scott Feldman,DET MIL PHI,5,2011,2015
2013,t2-3,COL,Matt Belisle,43435,RP,,,2,3.500,no,,Matt Belisle,ARI ATL COL DET SF,9,2009,2019
2013,t2-3,SEA,Jim Johnson,230981,RP,,,3,3.300,yes,,Jim Johnson,ARI SD SEA,6,2010,2018
2013,t2-3,ATL,Andy Dirks,48844,LF,,,3,3.224,no,,Andy Dirks,ATL,2,2014,2015
2013,t2-3,OAK,Ubaldo Jiménez,205391,SP,,,2,3.050,yes,,Ubaldo Jimenez,ARI OAK PIT WAS,9,2009,2018
2013,t2-3,TB,Mark Reynolds,410706,1B,,,2,2.950,no,,Mark Reynolds,BOS MIN SEA TB,9,2009,2019
2013,t2-3,ARI,José Mijares,259487,RP,,,3,2.612,yes,,Jose Mijares,ARI CIN PHI,5,2011,2016
2013,t2-3,CHW,Seth Smith,385821,RF,,,2,2.450,yes,,Seth Smith,CHW NYM TB TOR,6,2010,2018
2013,t2-3,CLE,Travis Blackley,309325,RP,,,2,2.449,yes,,Travis Blackley,CHW CLE,4,2009,2014
2013,t2-3,STL,Luke Scott,342368,DH,,,2,2.250,no,,Luke Scott,BAL STL,4,2010,2014
2013,t2-3,LAD,Eric Chavez,276147,3B,,,2,2.250,no,,Eric Chavez,COL LAD PHI,3,2009,2014
2013,t2-3,CHC,Randy Choate,514453,RP,,,2,2.150,no,,Randy Choate,CHC OAK,2,2012,2014
2013,t2-3,KC,Bronson Arroyo,360036,SP,,,2,2.100,no,,Bronson Arroyo,CHW HOU KC PHI,6,2009,2017
2013,t2-3,ATL,Jeremy Horst,497317,RP,,,4,2.000,no,,Jeremy Horst,ATL,2,2014,2015
2013,t2-3,PHI,Ryan Mattheus,284612,RP,,,3,2.000,yes,,Ryan Mattheus,PHI,3,2014,2016
2013,t2-3,LAD,Erik Kratz,508111,C,,0.15,2,1.998,no,,Eric Kratz,CHW HOU KC LAD,4,2011,2019
2013,t2-3,MIL,Henry Rodríguez,224594,RP,,,4,1.875,no,,Henry Rodriguez,ARI MIL,2,2014,2015
2013,t2-3,TB,Junichi Tazawa,244130,RP,,,4,1.800,yes,,Junichi Tazawa,CHW SD SF TB,7,2011,2017
2013,t2-3,SF,Donnie Murphy,51108,INF,,,2,1.770,no,,Donnie Murphy,NYY SF,6,2009,2014
2013,t2-3,DET,Nate Schierholtz,166066,RF,,,2,1.600,no,,Nate Schierholtz,DET LAD PHI,6,2009,2014
2013,t2-3,PHI,Gerald Laird,490685,C,,,2,1.500,yes,,Gerald Laird,LAA LAD PHI TOR,6,2009,2015
2013,t2-3,MIN,José Valverde,274725,RP,,,2,1.299,no,,Jose Valverde,MIN PHI SEA,5,2009,2014
2013,t2-3,LAD,Kevin Frandsen,206899,2B,,0.15,2,1.275,no,,Kevin Frandsen,DET LAD PHI,6,2009,2017
2013,t2-3,COL,Martín Maldonado,375073,C,,,2,1.260,yes,,Martin Maldanado,ATL CIN COL MIN SD,9,2014,2024
2013,t2-3,HOU,Cesár Ramos,44821,RP,,,2,1.234,yes,,Cesar Ramos,HOU PHI,4,2014,2018
2013,t2-3,COL,Tony Watson,471259,RP,,,2,1.200,yes,,Tony Watson,COL OAK,9,2014,2023
2013,t2-3,CHC,Joel Piñeiro,217449,SP,,,2,1.200,yes,,Joel Pineiro,CHC MIL,5,2009,2014
2013,t2-4,PIT,Roy Oswalt,482178,SP,,,2,4.250,yes,,Roy Oswalt,ATL LAD NYM PIT TB,5,2009,2014
2013,t2-4,CHC,Chipper Jones,370979,3B,,,2,4.100,no,,Chipper Jones,BAL CHC CHW,3,2009,2014
2013,t2-4,STL,Christian Garcia,96862,RP,,,3,4.000,yes,,Christian Garcia,STL,3,2014,2016
2013,t2-4,WAS,Rafael Furcal,478351,SS,,,2,4.000,no,,Rafael Furcal,DET HOU WAS,4,2009,2014
2013,t2-4,CIN,Nate Jones,388542,RP,,,5,3.770,no,,Nate Jones,ARI CIN SEA TEX,7,2014,2021
2013,t2-4,TOR,Garrett Jones,36134,1B,,,2,3.500,no,,Garrett Jones,CHW KC TOR,5,2010,2016
2013,t2-4,STL,Felipe Paulino,236563,SP,,,3,3.000,no,,Felipe Paulino,OAK STL,4,2011,2015
2013,t2-4,CLE,Roger Bernadina,312036,OF,,,2,2.658,yes,,Roger Bernadina,CLE,1,2014,2014
2013,t2-4,STL,Matt Lindstrom,450083,RP,,,3,2.500,no,,Matt Lindstrom,SF STL TEX,5,2010,2015
2013,t2-4,OAK,Freddy Sanchez,68958,2B,,,2,2.150,no,,Freddy Sanchez,CHW HOU OAK PIT,4,2009,2014
2013,t2-4,CLE,Nick Vincent,58298,RP,,,3,1.989,yes,,Nick Vincent,CLE TEX,7,2014,2021
2013,t2-4,ARI,Adam Ottavino,49609,RP,,,4,1.800,yes,,Adam Ottovino,ARI CIN LAA PHI TB,12,2014,2026
2013,t2-4,COL,Brandon Lyon,399668,RP,,,2,1.760,no,,Brandon Lyon,COL LAA,3,2011,2014
2013,t2-4,ATL,Stephen Fife,308235,RP,,,3,1.500,yes,,Stephen Fife,ATL,2,2014,2015
2013,t2-4,LAD,Shawn Camp,474382,RP,,,2,1.450,no,,Shawn Camp,LAD,2,2012,2014
2013,t2-4,CHW,Frank Francisco,119175,RP,,,2,1.250,yes,,Frank Francisco,CHW MIL NYM PIT TB,7,2009,2015
2013,t2-4,SD,Louis Coleman,464869,RP,,,2,1.222,yes,,Louis Coleman,SD,2,2014,2015
2013,t2-4,MIN,Ty Wigginton,375578,UTIL,,,2,1.200,no,,Ty Wiggington,ARI CHC LAD MIN NYY,5,2009,2014
2013,t2-5,OAK,Fernando Rodney,212593,RP,,0.15,2,4.250,no,,Fernando Rodney,ATL DET OAK PIT,4,2009,2014
2013,t2-5,CLE,Wesley Wright,157782,RP,,,3,3.212,yes,,Wesley Wright,CLE,3,2014,2016
2013,t2-5,BAL,George Kontos,319266,RP,,,2,3.000,no,,George Kontos,BAL CHW COL,5,2014,2019
2013,t2-5,CLE,Brandon Moss,134153,1B,,,2,2.896,yes,,Brandon Moss,ARI CLE MIL STL,6,2010,2018
2013,t2-5,DET,Cory Gearrin,457471,RP,,0.15,3,2.805,no,,Cory Gearrin,DET MIN,4,2014,2020
2013,t2-5,CHW,James Russell,227119,RP,,,3,2.555,no,,James Russell,CHW,2,2014,2015
2013,t2-5,SF,Luis Pérez,352819,RP,,,2,2.400,no,,Luis Perez,SF,1,2014,2014
2013,t2-5,LAD,Cord Phelps,496206,2B,,,3,2.250,no,,Cord Phelps,LAD,2,2014,2015
2013,t2-5,NYY,Irving Falu,365039,2B,,,3,1.989,no,,Irving Falu,NYY,2,2014,2015
2013,t2-5,STL,Luis Ayala,305780,RP,,,2,1.800,no,,Luis Ayala,STL,1,2014,2014
2013,t2-5,SF,Cody Eppley,137745,RP,,,2,1.770,yes,,Cody Eppley,SF,1,2014,2014
2013,t2-5,OAK,Grady Sizemore,304045,OF,,,3,1.750,yes,,Grady Sizemore,ATL CLE NYM OAK,5,2009,2014
2013,t2-5,OAK,Scott Atchison,66749,RP,,0.15,2,1.700,yes,,Scott Atchison,OAK,3,2012,2015
2013,t2-5,CLE,Mike Baxter,430366,1B,,,2,1.654,yes,,Mike Baxter,CLE,1,2014,2014
2013,t2-5,BAL,Jake Elmore,479962,2B,,,2,1.500,yes,,Jake Elmore,BAL,2,2014,2015
2013,t2-5,NYM,Ben Sheets,466081,SP,,,2,1.500,no,,Ben Sheets,NYM NYY SEA TOR,4,2009,2014
2013,t2-5,MIL,Alexi Casilla,383806,2B,,,2,1.450,no,,Alexi Casilla,BOS CLE MIL,6,2009,2014
2013,t2-5,SD,Wilson Betemit,264498,1B,,,2,1.333,no,,Wilson Betemit,CHW PHI SD,5,2009,2014
2013,t2-5,SD,Anthony Bass,235725,RP,,,2,1.202,yes,,Anthony Bass,KC OAK SD,5,2014,2023
2013,t3-1,ARI,Pedro Strop,278303,RP,,,3,2.500,no,,Pedro Strop,ARI LAD OAK,5,2014,2020
2013,t3-1,OAK,Miguel González,473741,SP,,,2,2.500,yes,,Miguel Gonzalez,OAK,2,2014,2015
2013,t3-1,MIN,Delmon Young,119639,DH,,,3,2.500,no,,Delmon Young,CIN DET MIN PIT TOR,8,2009,2017
2013,t3-1,LAA,Vladimir Guerrero,451620,DH,,,1,2.500,yes,,Vladimir Guerrero,ATL SEA,2,2009,2011
2013,t3-1,CLE,Juan Pierre,105617,OF,,,1,2.296,yes,,Juan Pierre,CIN CLE MIN,4,2010,2014
2013,t3-1,STL,Alfredo Simón,257014,RP,,,2,2.100,no,,Alfredo Simon,COL STL,2,2014,2016
2013,t3-1,CLE,John Lackey,196047,SP,,,1,1.886,yes,,John Lackey,BOS DET NYY OAK,7,2009,2019
2013,t3-1,DET,Adron Chambers,65204,OF,,,2,1.200,no,,Adron Chambers,DET,1,2014,2014
2013,t3-1,OAK,Luis Valbuena,134670,INF,,,1,1.150,yes,,Luis Valbuena,BOS OAK TEX,5,2012,2017
2013,t3-1,WAS,Scott Rolen,393389,3B,,,1,1.100,no,,Scott Rolen,ATL OAK,3,2009,2012
2013,t3-1,WAS,Josh Kinney,236936,RP,,,1,1.000,yes,,Josh Kinney,CHW WAS,2,2009,2014
2013,t3-1,CHW,Wade LeBlanc,152622,SP,,,1,0.955,yes,,Wade LeBlanc,CHW CIN MIA SD,9,2009,2020
2013,t3-1,SEA,Kerry Wood,369325,RP,,,1,0.950,no,,Kerry Wood,NYY SEA,3,2009,2012
2013,t3-1,SD,Jordan Norberto,212348,RP,,,1,0.902,yes,,Jordan Norberto,SD,1,2014,2014
2013,t3-1,CHW,Willie Bloomquist,404966,UTIL,,,1,0.900,yes,,Willie Bloomquist,PHI,3,2010,2012
2013,t3-1,BOS,Julio Borbon,282203,CF,,,1,0.900,yes,,Julio Borbon,PHI SD,4,2010,2013
2013,t3-1,SD,Juan Carlos Oviedo,54018,RP,,,1,0.852,yes,,Juan C. Oviedo,SD TEX,4,2010,2014
2013,t3-1,DET,Chi Chi González,198611,SS,,,1,0.850,no,,Alex Gonzalez,DET WAS,9,2012,2021
2013,t3-1,CHC,Laynce Nix,135396,OF,,,1,0.850,yes,,Laynce Nix,BAL CHC NYY,3,2009,2014
2013,t3-1,SEA,Eliézer Alfonzo,371644,C,,,1,0.850,no,,Eliezer Alfonzo,TB,1,2010,2010
2013,t3-1,TB,Hideki Okajima,321208,RP,,,1,0.850,yes,,Hideki Okajima,DET MIL SD TB,5,2010,2014
2013,t3-1,CHW,Tyler Cloyd,432325,SP,,,1,0.805,yes,,Tyler Cloyd,CHW,1,2014,2014
2013,t3-1,BOS,Nick Hundley,501027,C,,,1,0.802,no,,Nick Hundley,CHW CIN STL,5,2011,2016
2013,t3-1,LAA,Scott Moore,155057,3B,,,1,0.800,yes,,Scott Moore,KC LAA,2,2014,2016
2013,t3-1,NYM,Ramón Hernández,300792,C,,0.15,1,0.800,yes,,Ramon Hernandez,NYM WAS,3,2009,2014
2013,t3-2,SF,Kyle McPherson,179297,SP,,,2,1.900,yes,,Kyle McPherson,SF,1,2014,2014
2013,t3-2,OAK,Henry Blanco,353070,C,,,1,1.250,no,,Henry Blanco,OAK,1,2011,2011
2013,t3-2,CLE,Casey Kotchman,127591,1B,,,1,1.100,yes,,Casey Kotchman,CLE PHI TB TOR,6,2009,2014
2013,t3-2,COL,Freddy García,409882,SP,,,1,1.100,no,,Freddy Garcia,CLE HOU,3,2010,2012
2013,t3-2,TB,Jim Thome,327974,DH,,0.15,1,1.020,yes,,Jim Thome,BOS TB,3,2010,2014
2013,t3-2,TOR,Xavier Paul,496522,OF,,,1,0.902,yes,,Xavier Paul,CLE TOR,5,2009,2014
2013,t3-2,TB,Ramón Castro,94635,C,,,1,0.850,no,,Ramon Castro,ARI CIN,3,2009,2012
2013,t3-2,COL,Phil Irwin,260888,SP,,,1,0.810,yes,,Phil Irwin,COL,1,2014,2014
2013,t3-2,NYM,Logan Schafer,90262,OF,,,1,0.800,yes,,Logan Shafer,NYM,1,2014,2014
2013,t3-2,NYM,Tim Byrdak,56664,RP,,,1,0.800,yes,,Tim Byrdak,NYM OAK PHI,3,2010,2014
2013,t3-2,NYM,Yamaico Navarro,48723,INF,,,1,0.800,yes,,Yamaico Navarro,NYM,1,2014,2014
2013,t3-2,TB,Jared Burton,412331,RP,,,1,0.800,yes,,Jared Burton,MIA PHI TB,4,2009,2016
2013,t3-3,TB,Hisanori Takahashi,469066,RP,,,1,1.100,no,,Hisanori Takahashi,ARI,1,2012,2012
2013,t3-3,SF,Elliot Johnson,56862,INF,,,1,0.939,yes,,Elliot Johnson,SF,1,2014,2014
2013,t3-3,OAK,Will Ohman,240242,RP,,,1,0.850,yes,,Will Ohman,OAK,1,2011,2011
2013,t3-3,CHC,Zach Putnam,41872,RP,,,1,0.829,yes,,Zach Putnam,CHC TOR,4,2014,2018
2013,t3-3,DET,Jarrett Hoffpauir,411313,INF,,,1,0.800,no,,Jarrett Hoffpauir,BAL LAD,2,2011,2013
2013,t3-3,DET,Yorvit Torrealba,170886,C,,,1,0.800,no,,Yorvit Torrealba,COL,2,2010,2011
2013,t3-3,LAA,Tony Cruz,259570,RP,,,1,0.800,yes,,Tony Cruz,LAA,1,2014,2014
2013,t3-3,SD,Ezequiel Carrera,255909,OF,,,1,0.800,yes,,Ezeckiel Carrera,CHW SD,2,2014,2016
2013,t3-3,SD,Justin De Fratus,358290,RP,,,1,0.800,yes,,Justin de Fratus,COL SD,2,2014,2016
2013,t3-4,TOR,Dan Johnson,487618,1B,,,1,1.600,no,,Dan Johnson,BOS NYY,3,2012,2015
2013,t3-4,DET,Juan Rivera,326879,OF,,,1,1.000,yes,,Juan Rivera,DET,3,2010,2014
2013,t3-4,KC,John Lannan,156776,SP,,,1,1.000,yes,,John Lannan,CLE KC LAA MIA OAK,6,2009,2014
2013,t3-4,STL,Zach Braddock,336882,RP,,,1,1.000,yes,,Zach Braddock,STL,1,2014,2014
2013,t3-4,TOR,Tim Federowicz,230044,C,,,1,0.809,yes,,Tim Federowicz,CIN MIL TOR,5,2014,2020
2013,t3-4,TOR,Kevin Jepsen,62539,SP,,,1,0.806,yes,,Kevin Jepsen,CHC PHI TOR,6,2011,2018
2013,t3-4,TOR,Orlando Hudson,450361,2B,,,1,0.803,yes,,Orlando Hudson,BOS SF,5,2009,2013
2013,t3-4,STL,Darin Downs,201934,RP,,,1,0.800,yes,,Darin Downs,STL,1,2014,2014
2013,t3-5,TEX,Mauro Gómez,399583,1B,,,1,0.800,yes,,Mauro Gomez,TEX,1,2014,2014
2013,t3-6,TEX,Tony Abreu,38982,INF,,,1,0.800,yes,,Tony Abreu,CHC TEX,6,2009,2014
2013,t3-7,MIL,Jamey Wright,93186,RP,,,1,0.805,no,,Jamey Wright,LAD,1,2015,2015
2013,t3-7,MIL,Tuffy Gosewisch,58313,C,,,1,0.805,yes,,Tuffy Gosewich,MIL,1,2014,2014
2013,t4-1,MIA,Jonny Gomes,339575,OF,,,1,0.800,yes,,Johnny Gomes,MIA PHI PIT TEX,6,2009,2016
2013,t4-1,BAL,Jarrod Dyson,343860,OF,,,1,0.000,MLI,,Jarrod Dyson,LAA NYY OAK,5,2016,2021
2013,t4-1,BOS,Hernán Iribarren,66775,INF,,,1,0.000,MLI,,Hernan Iribarren,TOR,2,2011,2012
2013,t4-1,BOS,Yuniesky Betancourt,161616,SS,,,1,0.000,MLI,,Yuniesky Betancourt,STL WAS,3,2009,2013
2013,t4-1,CHC,Daniel Nava,6618,OF,,,1,0.000,MLI,,Daniel Nava,KC,2,2015,2016
2013,t4-1,CHW,Brandon Barnes,8220,OF,,,1,0.000,MLI,,Brandon Barnes,BAL,2,2015,2016
2013,t4-1,CHW,Erik Davis,459242,RP,,,1,0.000,MLI,,Erik Davis,,,,
2013,t4-1,COL,Félix Pie,280891,OF,,,1,0.000,MLI,,Felix Pie,ATL KC,4,2009,2012
2013,t4-1,COL,José Veras,294357,RP,,,1,0.000,MLI,,Jose Veras,BOS LAA TEX,3,2010,2015
2013,t4-1,COL,Paul Janish,336921,SS,,,1,0.000,MLI,,Paul Janish,TEX,1,2012,2012
2013,t4-1,LAA,Andrew Brown,476370,RP,,,1,0.000,MLI,,Andrew Brown,BAL,1,2009,2009
2013,t4-1,LAA,Chris Stewart,490410,C,,,1,0.000,MLI,,Chris Stewart,DET,1,2011,2011
2013,t4-1,WAS,Marlon Byrd,327242,OF,,,1,0.000,MLI,,Marlon Byrd,MIA NYM OAK SD SEA,5,2009,2017
2013,t4-1,NYM,Dale Thayer,221105,RP,,,1,0.000,MLI,,Dale Thayer,ATL LAD,2,2015,2016
2013,t4-1,NYM,Michael Schwimer,489908,RP,,,1,0.000,MLI,,Michael Schwimer,,,,
2013,t4-1,NYY,Luke Carlin,222740,C,,,1,0.000,MLI,,Luke Carlin,,,,
2013,t4-1,PHI,Chris Young,399135,SP,,,1,0.000,MLI,,Chris Young,CIN KC,4,2010,2017
2013,t4-1,PHI,George Sherrill,179588,RP,,,1,0.000,MLI,,George Sherrill,TEX,3,2009,2012
2013,t4-1,PHI,José Lobatón,369088,C,,,1,0.000,MLI,,Jose Lobaton,TEX,3,2015,2017
2013,t4-1,SD,Brandon Inge,160887,3B,,,1,0.000,MLI,,Brandon Inge,DET STL,3,2009,2012
2013,t4-1,SD,José Contreras,410154,RP,,,1,0.000,MLI,,Jose Contrereas,CIN DET TB,3,2010,2013
2013,t4-1,SD,Xavier Cedeño,221334,RP,,,1,0.000,MLI,,Xavier Cedeno,BAL WAS,4,2016,2020
2013,t4-1,SEA,Matt McBride,267664,1B,,,1,0.000,MLI,,Matt McBride,WAS,1,2015,2015
2013,t4-1,STL,Anthony Recker,478577,C,,,1,0.000,MLI,,Anthony Recker,NYM,1,2015,2015
2013,t4-1,STL,Eric Stults,76713,RP,,,1,0.000,MLI,,Eric Stults,CHW SD,3,2011,2015
2013,t4-1,TB,Grégor Blanco,348282,OF,,,1,0.000,MLI,,Gregor Blanco,CHC CHW,3,2010,2017
2013,t4-1,TB,Russell Branyan,343371,1B,,,1,0.000,MLI,,Russell Branyan,ARI SEA,2,2010,2012
2013,t4-1,WAS,Bobby Wilson,304316,C,,,1,0.000,MLI,,Bobby Wilson,BOS,1,2011,2011
2013,t4-2,NYY,Brad Emaus,79030,2B,,,1,0.000,MLI,,Brad Emaus,NYM WAS,2,2011,2012
2013,t4-2,SF,Carlos Peguero,10833,OF,,,1,0.000,MLI,,Carlos Peguero,,,,
2013,t4-2,SF,Matt Treanor,102203,C,,,1,0.000,MLI,,Matt Treanor,,,,
2013,t4-2,STL,Rajai Davis,284374,OF,,,1,0.000,MLI,,Rajai Davis,ATL CIN COL DET KC,8,2009,2019
2013,t4-2,TB,Tony Gwynn,40495,OF,,,1,0.000,MLI,,Tony Gwynn Jr.,OAK STL,4,2009,2013
2013,t4-3,DET,Jordany Valdespin,436769,INF,,,1,0.000,MLI,,Jordany Valdespin,SF,2,2015,2016
2013,t4-3,NYY,JB Shuck,186371,OF,,,1,0.000,MLI,,J.B. Shuck,LAD,1,2015,2015
2013,t4-3,TOR,Kyler Newby,141057,RP,,,1,0.000,MLI,,Kyler Newby,,,,
2013,t4-3,TOR,Ramon Ramirez,86986,RP,,,1,0.000,MLI,,Ramon Ramirez,TOR,3,2024,2026
2013,t4-4,PHI,Josh Lindblom,214406,SP,,,2,1.200,yes,,Josh Lindblom,DET LAD MIL PHI TB,10,2010,2023
2013,t4-4,DET,Evan Scribner,156254,RP,,,1,0.000,MLI,,Evan Scribner,CHC,1,2018,2018
2013,t4-4,DET,Mike Fontenot,256543,INF,,,1,0.000,MLI,,Mike Fontenot,ARI MIL SEA,3,2009,2011
2013,t4-4,LAD,Eric Farris,466848,INF,,,1,0.000,MLI,,Eric Farris,,,,
2013,t4-4,LAD,Jason Bartlett,245361,SS,,,1,0.000,MLI,,Jason Barlett,CIN LAD,5,2009,2013
2013,t4-4,LAD,Quintin Berry,292986,OF,,,1,0.000,MLI,,Quentin Berry,,,,
2013,t4-4,MIL,Francisley Bueno,64956,RP,,,1,0.000,MLI,,Francisley Bueno,,,,
2013,t4-4,TOR,Donovan Solano,417877,UTIL,,,1,0.000,MLI,,Donovan Solano,DET KC TB,6,2015,2024
2013,t4-5,MIL,Lucas Harrell,53494,SP,,,1,0.000,MLI,,Lucas Harrell,,,,
2013,t4-5,MIL,Wes Timmons,139969,INF,,,1,0.000,MLI,,Wes Timmons,MIL,1,2012,2012
2013,t4-6,BAL,Marquez Smith,206412,INF,,,1,0.000,MLI,,Marquez Smith,,,,
2013,t4-7,BAL,Jeff Francoeur,288443,OF,,,1,0.000,MLI,,Jeff Francouer,MIA PIT SEA WAS,4,2009,2012
2013,t4-8,ARI,Dan Butler,151782,C,,,1,0.000,MLI,,Daniel Butler,BAL MIL,2,2015,2016
