Player ID,Player,Team,Team Name,Level,Pos,Salary,Contract,Expires,Opt,NTC,Counted,Entered As,Since
92474,Miguel Amaya,ARI,Arizona Diamondbacks,active,c,2.007,3rd,,,,N,Miguel Amaya,2026-02-06
203439,Yandy Díaz,ARI,Arizona Diamondbacks,active,if,15.000,V,2026,Yes,,Y,Yandy Diaz,2026-02-06
267805,Andrés Chaparro,ARI,Arizona Diamondbacks,active,if,6.000,V,2026,Yes,,Y,Andres Chaparro,2026-02-06
275839,Edmundo Sosa,ARI,Arizona Diamondbacks,active,if,1.900,V,2026,,,Y,Edmundo Sosa,2026-03-13
168888,Josh Smith,ARI,Arizona Diamondbacks,active,if,0.910,2nd,,,,N,Josh H. Smith,2026-02-06
345935,Carson Williams,ARI,Arizona Diamondbacks,active,if,0.700,XXX,,,,N,Carson Williams,2026-07-10
433370,Marvin Alcantara,ARI,Arizona Diamondbacks,active,if,0.700,XXX,,,,N,Marvin Alcantara,2026-07-10
505263,Matt Vierling,ARI,Arizona Diamondbacks,active,of,6.000,V,2026,Yes,,Y,Matt Vierling,2026-02-06
280950,Lawrence Butler,ARI,Arizona Diamondbacks,active,of,1.470,2nd,,,,N,Lawrence Butler,2026-02-06
169401,Luis Lara,ARI,Arizona Diamondbacks,active,of,0.700,XXX,,,,N,Luis Lara,2026-07-10
30995,Heriberto Hernandez,ARI,Arizona Diamondbacks,active,of,0.700,XXX,,,,N,Heriberto Hernandez,2026-07-10
382248,Kendall George,ARI,Arizona Diamondbacks,active,of,0.700,XXX,,,,N,Kendall George,2026-07-10
325021,Nelson Velázquez,ARI,Arizona Diamondbacks,active,of,0.700,XXX,,,,N,Nelson Velazquez,2026-07-10
18639,Roki Sasaki,ARI,Arizona Diamondbacks,active,p,56.000,V,2031,Yes,,Y,Roki Sasaki,2026-02-06
25630,Clayton Kershaw,ARI,Arizona Diamondbacks,active,p,33.000,V,2026,Yes,,Y,Clayton Kershaw,2026-02-06
231146,Paul Sewald,ARI,Arizona Diamondbacks,active,p,9.000,V,2026,,,Y,Paul Sewald,2026-02-06
61228,Jason Adam,ARI,Arizona Diamondbacks,active,p,8.000,V,2027,,Y,Y,Jason Adam,2026-04-04
197652,Jack Dreyer,ARI,Arizona Diamondbacks,active,p,7.500,V,2028,Yes,Y,Y,Jack Dreyer,2026-04-04
482624,Adrián Morejón,ARI,Arizona Diamondbacks,active,p,6.100,CE,2028,,Y,Y,Adrian Morejon,2026-04-14
329462,Jordan Romano,ARI,Arizona Diamondbacks,active,p,4.159,6th,,,,Y,Jordan Romano,2026-02-06
165118,Bailey Falter,ARI,Arizona Diamondbacks,active,p,3.526,5th,,,,Y,Bailey Falter,2026-02-06
378962,Grayson Rodriguez,ARI,Arizona Diamondbacks,active,p,1.911,3rd,,,,N,Grayson Rodriguez,2026-02-06
167889,Taj Bradley,ARI,Arizona Diamondbacks,active,p,1.295,2nd,,,,N,Taj Bradley,2026-02-06
410890,Emmet Sheehan,ARI,Arizona Diamondbacks,active,p,0.910,2nd,,,,N,Emmet Sheehan,2026-02-06
172691,Jordan Holloway,ARI,Arizona Diamondbacks,active,p,0.700,XXX,,,,N,Jordan Holloway,2026-07-10
514398,Jackson Baumeister,ARI,Arizona Diamondbacks,active,p,0.700,XXX,,,,N,Jackson Baumeister,2026-07-10
236263,Ralphy Velazquez,ARI,Arizona Diamondbacks,reserve,c,0.700,XXX,,,,N,Ralphy Velazquez,2024-02-19
297967,José Abreu,ARI,Arizona Diamondbacks,reserve,if,6.000,V,2026,,,Y,Jose Abreu,2026-07-10
227250,Robert Moore,ARI,Arizona Diamondbacks,reserve,if,0.700,XXX,,,,N,Robert Moore,2023-03-22
432034,Émilien Pitre,ARI,Arizona Diamondbacks,reserve,if,0.700,XXX,,,,N,Emilien Pitre,2025-04-06
52971,Dorian Soto,ARI,Arizona Diamondbacks,reserve,if,0.700,XXX,,,Y,N,Dorian Soto,2026-02-06
126624,Sean Gamble,ARI,Arizona Diamondbacks,reserve,if,0.700,XXX,,,,N,Sean Gamble,2026-02-06
318676,Cole Tucker,ARI,Arizona Diamondbacks,reserve,if,0.700,XXX,,,,N,Cole Tucker,2023-03-22
175146,Caleb Bonemer,ARI,Arizona Diamondbacks,reserve,if,0.700,XXX,,,,N,Caleb Bonemer,2025-02-09
7908,Devin Fitz-Gerald,ARI,Arizona Diamondbacks,reserve,if,0.700,XXX,,,,N,Devin Fitz-Gerald,2026-02-06
329009,Ricky Cabrera,ARI,Arizona Diamondbacks,reserve,if,0.700,XXX,,,,N,Ricardo Cabrera,2024-02-19
400071,Aiva Arquette,ARI,Arizona Diamondbacks,reserve,if,0.700,XXX,,,,N,Aiva Arquette,2026-02-06
60084,Griff O'Ferrall,ARI,Arizona Diamondbacks,reserve,if,0.700,XXX,,,,N,Griff O'Ferrall,2025-02-09
37966,Dylan Carlson,ARI,Arizona Diamondbacks,reserve,of,5.720,6th,,,,Y,Dylan Carlson,2026-07-10
516231,Dylan Dreiling,ARI,Arizona Diamondbacks,reserve,of,0.700,XXX,,,,N,Dylan Dreiling,2025-04-06
147188,Braylin Morel,ARI,Arizona Diamondbacks,reserve,of,0.700,XXX,,,,N,Braylin Morel,2026-02-06
409679,Yeison Morrobel,ARI,Arizona Diamondbacks,reserve,of,0.700,XXX,,,,N,Yeison Morrobel,2023-03-22
107163,Max Belyeu,ARI,Arizona Diamondbacks,reserve,of,0.700,XXX,,,,N,Max Belyeu,2026-02-06
319645,Kane Kepley,ARI,Arizona Diamondbacks,reserve,of,0.700,XXX,,,,N,Kane Kepley,2026-02-06
106776,Aaron Walton,ARI,Arizona Diamondbacks,reserve,of,0.700,XXX,,,Y,,"Walton, Aaron",2026-08-05
251525,Elian De La Cruz,ARI,Arizona Diamondbacks,reserve,of,0.700,XXX,,,Y,N,Elian De La Cruz,2026-03-13
104594,Alex Ramírez,ARI,Arizona Diamondbacks,reserve,of,0.700,XXX,,,,N,Alex Ramirez (2003),2023-03-22
298817,Braylon Payne,ARI,Arizona Diamondbacks,reserve,of,0.700,XXX,,,,N,Braylon Payne,2025-02-09
21173,Jeisson Rosario,ARI,Arizona Diamondbacks,reserve,of,0.700,XXX,,,,N,Jeisson Rosario,2023-03-22
378267,Taylor Rabe,ARI,Arizona Diamondbacks,reserve,p,0.700,XXX,,,Y,,"Rabe, Taylor",2026-07-28
310581,Matt Tabor,ARI,Arizona Diamondbacks,reserve,p,0.700,XXX,,,,N,Matt Tabor,2023-03-22
500193,Jackson Flora,ARI,Arizona Diamondbacks,reserve,p,0.700,XXX,,,Y,,"Flora, Jackson",2026-07-28
430628,Davis Sharpe,ARI,Arizona Diamondbacks,reserve,p,0.700,XXX,,,,N,Davis Sharpe,2023-03-22
113136,Hunter Hollan,ARI,Arizona Diamondbacks,reserve,p,0.700,XXX,,,,N,Hunter Hollan,2024-02-19
434836,Miguel Yajure,ARI,Arizona Diamondbacks,reserve,p,0.700,XXX,,,,N,Miguel Yajure,2023-03-22
383279,Nick Nastrini,ARI,Arizona Diamondbacks,reserve,p,0.700,XXX,,,,N,Nick Nastrini,2023-03-22
58712,Darius Vines,ARI,Arizona Diamondbacks,reserve,p,0.700,XXX,,,,N,Darius Vines,2024-03-17
54143,Nate Savino,ARI,Arizona Diamondbacks,reserve,p,0.700,XXX,,,,N,Nate Savino,2024-02-19
116336,Jake Rogers,ATL,Atlanta Braves,active,c,1.183,3rd,,,,N,Jake Rogers,2026-03-13
396973,Adrian Del Castillo,ATL,Atlanta Braves,active,c,0.910,2nd,,,,N,Adrian Del Castillo,2026-02-06
249374,Trea Turner,ATL,Atlanta Braves,active,if,30.000,V,2026,,,Y,Trea Turner,2026-03-24
326397,Yoán Moncada,ATL,Atlanta Braves,active,if,10.000,V,2028,Yes,,Y,Yoan Moncada,2026-03-24
469801,Spencer Torkelson,ATL,Atlanta Braves,active,if,6.894,CE,2028,,Y,Y,Spencer Torkelson,2026-04-04
292760,Luis Vázquez,ATL,Atlanta Braves,active,if,3.000,V,2026,,,Y,Luis Vazquez,2026-02-06
391931,Jahmai Jones,ATL,Atlanta Braves,active,if,0.910,2nd,,,,N,Jahmai Jones,2026-07-10
335079,Thomas Saggese,ATL,Atlanta Braves,active,if,0.700,XXX,,,,N,Thomas Saggese,2026-07-10
407586,Maximo Acosta,ATL,Atlanta Braves,active,if,0.700,XXX,,,,N,Maximo Acosta,2026-07-10
459148,Juan Soto,ATL,Atlanta Braves,active,of,65.000,V,2032,Yes,Y,Y,Juan Soto,2026-04-11
270274,Riley Greene,ATL,Atlanta Braves,active,of,17.753,CE,2028,,Y,Y,Riley Greene,2026-03-24
389671,Luis Robert,ATL,Atlanta Braves,active,of,13.166,CE,2027,,,Y,Luis Robert Jr.,2026-03-24
128766,James Outman,ATL,Atlanta Braves,active,of,7.500,V,2029,Yes,,Y,James Outman,2025-02-09
92826,Justyn-Henry Malloy,ATL,Atlanta Braves,active,of,1.183,3rd,,,,N,Justyn-Henry Malloy,2026-02-06
452110,Kris Bubic,ATL,Atlanta Braves,active,p,26.670,CE,2027,,Y,Y,Kris Bubic,2026-04-04
229146,Freddy Peralta,ATL,Atlanta Braves,active,p,12.000,V,2029,,,Y,Freddy Peralta,2026-02-06
372704,Nick Lodolo,ATL,Atlanta Braves,active,p,8.714,CE,2028,,Y,Y,Nick Lodolo,2026-04-04
333625,Garrett Whitlock,ATL,Atlanta Braves,active,p,8.082,CE,2028,,Y,Y,Garrett Whitlock,2026-03-24
5587,Javier Assad,ATL,Atlanta Braves,active,p,6.000,V,2028,,,Y,Javier Assad,2026-02-06
504636,Merrill Kelly,ATL,Atlanta Braves,active,p,5.600,V,2026,Yes,,Y,Merrill Kelly,2026-02-06
33756,Trevor Megill,ATL,Atlanta Braves,active,p,5.000,V,2026,,,Y,Trevor Megill,2026-03-24
164999,Will Vest,ATL,Atlanta Braves,active,p,4.520,V,2026,Yes,,Y,Will Vest,2026-03-13
328602,Erik Miller,ATL,Atlanta Braves,active,p,4.500,V,2028,,,Y,Erik Miller,2026-02-06
203220,Justin Slaten,ATL,Atlanta Braves,active,p,3.000,V,2028,,,Y,Justin Slaten,2026-02-06
232322,Ryan Pepiot,ATL,Atlanta Braves,active,p,1.684,3rd,,,,N,Ryan Pepiot,2026-07-10
331975,Spencer Schwellenbach,ATL,Atlanta Braves,active,p,0.910,2nd,,,,N,Spencer Schwellenbach,2026-02-06
436063,Keibert Ruiz,ATL,Atlanta Braves,reserve,c,11.760,V,2029,Yes,,Y,Keibert Ruiz,2026-07-10
252635,Ethan Holliday,ATL,Atlanta Braves,reserve,if,0.700,XXX,,,,N,Ethan Holliday,2026-02-06
109529,Demetrio Crisantes,ATL,Atlanta Braves,reserve,if,0.700,XXX,,,,N,Demetrio Crisantes,2026-03-24
346773,Arol Vera,ATL,Atlanta Braves,reserve,if,0.700,XXX,,,,N,Arol Vera,2025-02-09
486616,Cris Rodriguez,ATL,Atlanta Braves,reserve,of,0.700,XXX,,,Y,N,Cris Rodriguez,2026-03-13
445378,Tobias Myers,ATL,Atlanta Braves,reserve,p,7.000,V,2030,,,Y,Tobias Myers,2026-07-10
139041,Nick Robertson,ATL,Atlanta Braves,reserve,p,2.000,V,2026,,,Y,Nick Robertson,2026-07-10
345642,Brennan Bernardino,ATL,Atlanta Braves,reserve,p,2.000,V,2026,,,Y,Brennan Bernardino,2026-02-06
95441,Jake Irvin,ATL,Atlanta Braves,reserve,p,1.900,V,2026,Yes,,Y,Jake Irvin,2026-02-06
464135,Quinn Mathews,ATL,Atlanta Braves,reserve,p,1.295,2nd,,,,N,Quinn Mathews,2026-07-10
379604,David Festa,ATL,Atlanta Braves,reserve,p,0.910,2nd,,,,N,David Festa,2026-07-10
362373,Yordanny Monegro,ATL,Atlanta Braves,reserve,p,0.700,XXX,,,,N,Yordanny Monegro,2025-02-09
443715,Franklin Gómez,ATL,Atlanta Braves,reserve,p,0.700,XXX,,,Y,N,Franklin Gomez,2026-03-13
153694,Wei-En Lin,ATL,Atlanta Braves,reserve,p,0.700,XXX,,,,N,Wei-En Lin,2026-02-06
408950,Garrett Baumann,ATL,Atlanta Braves,reserve,p,0.700,XXX,,,,N,Garrett Baumann,2026-02-06
124971,Logan Evans,ATL,Atlanta Braves,reserve,p,0.700,XXX,,,,N,Logan Evans,2025-02-09
402354,Jairo Iriarte,ATL,Atlanta Braves,reserve,p,0.700,XXX,,,,N,Jairo Iriarte,2025-02-09
150966,Rafael Flores,BAL,Baltimore Orioles,active,c,2.500,V,2028,Yes,Y,Y,Rafael Flores Jr.,2026-07-10
407635,Joey Bart,BAL,Baltimore Orioles,active,c,1.855,4th,,,,Y,Joey Bart,2026-02-06
494549,Matt Chapman,BAL,Baltimore Orioles,active,if,37.000,V,2028,Yes,Y,Y,Matt Chapman,2026-03-24
444147,Xander Bogaerts,BAL,Baltimore Orioles,active,if,33.000,V,2026,Yes,,Y,Xander Bogaerts,2024-07-12
56673,Willson Contreras,BAL,Baltimore Orioles,active,if,24.000,V,2027,Yes,Y,Y,Willson Contreras,2026-04-11
129189,Nolan Arenado,BAL,Baltimore Orioles,active,if,20.000,V,2027,Yes,,Y,Nolan Arenado,2026-02-06
3114,Nicky Lopez,BAL,Baltimore Orioles,active,if,1.500,V,2026,Yes,,Y,Nicky Lopez,2026-04-24
153983,Ezequiel Tovar,BAL,Baltimore Orioles,active,if,1.085,2nd,,,,N,Ezequiel Tovar,2026-02-06
264532,Wilyer Abreu,BAL,Baltimore Orioles,active,of,3.087,3rd,,,,N,Wilyer Abreu,2026-02-06
168896,Dominic Fletcher,BAL,Baltimore Orioles,active,of,1.400,V,2026,Yes,,Y,Dominic Fletcher,2026-04-11
317489,James Wood,BAL,Baltimore Orioles,active,of,1.295,2nd,,,,N,James Wood,2026-02-06
52123,Roman Anthony,BAL,Baltimore Orioles,active,of,0.910,2nd,,,,N,Roman Anthony,2026-02-06
65294,Tyler Soderstrom,BAL,Baltimore Orioles,active,of,0.700,1st,,,,N,Tyler Soderstrom,2026-04-11
62059,Félix Bautista,BAL,Baltimore Orioles,active,p,21.100,V,2029,,Y,Y,Felix Bautista,2026-04-04
24800,Nick Martínez,BAL,Baltimore Orioles,active,p,20.000,V,2027,Yes,,Y,Nick Martinez,2026-02-06
352501,Joe Ryan,BAL,Baltimore Orioles,active,p,14.226,CE,2028,,Y,Y,Joe Ryan,2026-04-14
467995,Aroldis Chapman,BAL,Baltimore Orioles,active,p,8.888,V,2026,Yes,,Y,Aroldis Chapman,2026-02-06
99931,Brock Stewart,BAL,Baltimore Orioles,active,p,6.125,V,2026,Yes,,Y,Brock Stewart,2025-02-09
115832,Hoby Milner,BAL,Baltimore Orioles,active,p,3.450,V,2027,Yes,Y,Y,Hoby Milner,2026-04-11
161322,Brandon Pfaadt,BAL,Baltimore Orioles,active,p,3.447,4th,,,,Y,Brandon Pfaadt,2026-02-06
115779,Stephen Kolek,BAL,Baltimore Orioles,active,p,2.225,V,2026,,,Y,Stephen Kolek,2026-03-13
336212,MacKenzie Gore,BAL,Baltimore Orioles,active,p,1.531,4th,,,,Y,MacKenzie Gore,2026-02-06
442681,Drew Anderson,BAL,Baltimore Orioles,active,p,1.500,V,2026,Yes,,Y,Drew Anderson,2026-04-11
198695,Brandon Walter,BAL,Baltimore Orioles,active,p,1.400,V,2026,Yes,,Y,Brandon Walter,2026-04-24
181446,Abner Uribe,BAL,Baltimore Orioles,active,p,1.183,3rd,,,,N,Abner Uribe,2026-02-06
480252,Brendon Little,BAL,Baltimore Orioles,active,p,0.700,XXX,,,,N,Brendon Little,2026-03-13
244073,Ben Rortvedt,BAL,Baltimore Orioles,reserve,c,1.900,V,2026,,,Y,Ben Rortvedt,2026-07-10
232791,Caleb Lomavita,BAL,Baltimore Orioles,reserve,c,0.700,XXX,,,,N,Caleb Lomavita,2025-02-09
36657,Michael Massey,BAL,Baltimore Orioles,reserve,if,2.007,3rd,,,,N,Michael Massey,2026-07-10
196222,Niko Kavadas,BAL,Baltimore Orioles,reserve,if,1.295,2nd,,,,N,Niko Kavadas,2024-03-17
62516,Nick Yorke,BAL,Baltimore Orioles,reserve,if,0.700,XXX,,,,N,Nick Yorke,2023-03-22
145550,Deyvison De Los Santos,BAL,Baltimore Orioles,reserve,if,0.700,XXX,,,,N,Deyvison De Los Santos,2025-02-09
165437,Yohandy Morales,BAL,Baltimore Orioles,reserve,if,0.700,XXX,,,,N,Yohandy Morales,2024-02-19
262481,Roc Riggio,BAL,Baltimore Orioles,reserve,if,0.700,XXX,,,,N,Roc Riggio,2026-02-06
319531,Juan Sanchez,BAL,Baltimore Orioles,reserve,if,0.700,XXX,,,Y,N,Juan Sanchez,2026-03-13
46914,Trent Caraway,BAL,Baltimore Orioles,reserve,if,0.700,XXX,,,,N,Trent Caraway,2024-02-19
234290,Wehiwa Aloy,BAL,Baltimore Orioles,reserve,if,0.700,XXX,,,,N,Wehiwa Aloy,2026-02-06
232476,Izaac Pacheco,BAL,Baltimore Orioles,reserve,if,0.700,XXX,,,,N,Izaac Pacheco,2023-03-22
20200,Walker Martin,BAL,Baltimore Orioles,reserve,if,0.700,XXX,,,,N,Walker Martin,2024-02-19
189581,Marco Vargas,BAL,Baltimore Orioles,reserve,if,0.700,XXX,,,,N,Marco Vargas,2024-02-19
468844,Dylan Crews,BAL,Baltimore Orioles,reserve,of,0.910,2nd,,,,N,Dylan Crews,2026-07-10
30569,Dean Moss,BAL,Baltimore Orioles,reserve,of,0.700,XXX,,,,N,Dean Moss,2026-02-06
292659,Yanquiel Fernández,BAL,Baltimore Orioles,reserve,of,0.700,XXX,,,,N,Yanquiel Fernandez,2023-03-22
494347,Joshua Báez,BAL,Baltimore Orioles,reserve,of,0.700,XXX,,,,N,Joshua Baez,2023-03-22
347950,Drew Thorpe,BAL,Baltimore Orioles,reserve,p,1.295,2nd,,,,N,Drew Thorpe,2025-03-20
271773,Ethan Roberts,BAL,Baltimore Orioles,reserve,p,1.295,2nd,,,,N,Ethan Roberts,2023-03-22
261557,Spencer Howard,BAL,Baltimore Orioles,reserve,p,0.910,2nd,,,,N,Spencer Howard,2026-03-13
420518,Cole Carlon,BAL,Baltimore Orioles,reserve,p,0.700,XXX,,,Y,,"Carlon, Cole",2026-07-28
184120,Carlos Lagrange,BAL,Baltimore Orioles,reserve,p,0.700,XXX,,,,N,Carlos LaGrange,2024-03-17
385226,Luke Sinnard,BAL,Baltimore Orioles,reserve,p,0.700,XXX,,,,N,Luke Sinnard,2025-02-09
450065,Gage Jump,BAL,Baltimore Orioles,reserve,p,0.700,XXX,,,,N,Gage Jump,2026-02-06
14343,Bryce Cunningham,BAL,Baltimore Orioles,reserve,p,0.700,XXX,,,,N,Bryce Cunningham,2025-02-09
391936,Keyner Martinez,BAL,Baltimore Orioles,reserve,p,0.700,XXX,,,Y,N,Keyner Martinez,2026-03-24
77376,Walter Ford,BAL,Baltimore Orioles,reserve,p,0.700,XXX,,,,N,Walter Ford,2023-03-22
123259,Jack Bauer,BAL,Baltimore Orioles,reserve,p,0.700,XXX,,,,N,Jack Bauer,2026-02-06
371377,Tyson Hardin,BAL,Baltimore Orioles,reserve,p,0.700,XXX,,,Y,,"Hardin, Tyson",2026-08-03
185402,Carson Wiggins,BAL,Baltimore Orioles,reserve,p,0.700,XXX,,,,N,Carson Wiggins,2025-02-09
298012,Michael Forret,BAL,Baltimore Orioles,reserve,p,0.700,XXX,,,,N,Michael Forret,2026-02-06
67073,Keegan Thompson,BAL,Baltimore Orioles,reserve,p,0.700,XXX,,,,N,Keegan Thompson,2024-07-12
117364,Mick Abel,BAL,Baltimore Orioles,reserve,p,0.700,XXX,,,,N,Mick Abel,2023-03-22
298896,Christian Zazueta,BAL,Baltimore Orioles,reserve,p,0.700,XXX,,,,N,Christian Zazueta,2026-02-06
60309,Ty Johnson,BAL,Baltimore Orioles,reserve,p,0.700,XXX,,,,N,Ty Johnson,2026-02-06
368622,Cole Wilcox,BAL,Baltimore Orioles,reserve,p,0.700,XXX,,,,N,Cole Wilcox,2023-03-22
508055,Cameron Johnson,BAL,Baltimore Orioles,reserve,p,0.700,XXX,,,,N,Cameron Johnson,2024-02-19
286856,Dillon Dingler,BOS,Boston Red Sox,active,c,1.911,3rd,,,,N,Dillon Dingler,2026-02-06
187008,Kyle Teel,BOS,Boston Red Sox,active,c,0.700,XXX,,,,N,Kyle Teel,2026-04-11
41932,Nico Hoerner,BOS,Boston Red Sox,active,if,15.000,V,2030,,Y,Y,Nico Hoerner,2026-04-04
2523,Caleb Durbin,BOS,Boston Red Sox,active,if,11.000,V,2029,Yes,Y,Y,Caleb Durbin,2026-04-04
282414,Christopher Morel,BOS,Boston Red Sox,active,if,2.733,4th,,,,Y,Christopher Morel,2026-02-06
290248,Miguel Vargas,BOS,Boston Red Sox,active,if,2.095,4th,,,,Y,Miguel Vargas,2026-02-06
93394,Anthony Volpe,BOS,Boston Red Sox,active,if,1.911,3rd,,,,,"Volpe, Anthony",2026-08-05
37977,Jackson Holliday,BOS,Boston Red Sox,active,if,1.684,3rd,,,,N,Jackson Holliday,2026-02-06
361138,Trent Grisham,BOS,Boston Red Sox,active,of,20.000,V,2029,,Y,Y,Trent Grisham,2026-04-04
238310,Austin Hays,BOS,Boston Red Sox,active,of,8.000,V,2027,,Y,Y,Austin Hays,2026-04-04
487081,Dairon Blanco,BOS,Boston Red Sox,active,of,3.750,V,2026,,,Y,Dairon Blanco,2025-02-09
354002,Akil Baddoo,BOS,Boston Red Sox,active,of,3.640,5th,,,,Y,Akil Baddoo,2026-02-06
376162,Garrett Mitchell,BOS,Boston Red Sox,active,of,3.080,4th,,,,Y,Garrett Mitchell,2026-02-06
417654,Zack Wheeler,BOS,Boston Red Sox,active,p,30.000,V,2027,,,Y,Zack Wheeler,2026-02-06
3068,Edwin Díaz,BOS,Boston Red Sox,active,p,15.250,V,2026,Yes,,Y,Edwin Diaz,2024-02-19
335833,Josh Winckowski,BOS,Boston Red Sox,active,p,7.250,V,2027,Yes,,Y,Josh Winckowski,2025-02-09
257742,Cole Winn,BOS,Boston Red Sox,active,p,6.000,V,2028,Yes,,Y,Cole Winn,2026-04-24
16142,Jaime Barría,BOS,Boston Red Sox,active,p,3.837,6th,,,,Y,Jaime Barria,2026-02-06
176137,Zach Plesac,BOS,Boston Red Sox,active,p,3.658,6th,,,,Y,Zach Plesac,2026-02-06
219583,Brayan Bello,BOS,Boston Red Sox,active,p,3.404,4th,,,,Y,Brayan Bello,2026-02-06
241685,Reid Detmers,BOS,Boston Red Sox,active,p,2.994,5th,,,,Y,Reid Detmers,2026-02-06
72396,Keaton Winn,BOS,Boston Red Sox,active,p,1.911,3rd,,,,N,Keaton Winn,2026-02-06
202636,Jimmy Herget,BOS,Boston Red Sox,active,p,0.910,2nd,,,,N,Jimmy Herget,2026-04-11
72735,Mason Montgomery,BOS,Boston Red Sox,active,p,0.910,2nd,,,,N,Mason Montgomery,2026-02-06
500245,Jonah Tong,BOS,Boston Red Sox,active,p,0.700,XXX,,,,N,Jonah Tong,2026-04-11
425106,Andrew Painter,BOS,Boston Red Sox,active,p,0.700,XXX,,,,N,Andrew Painter,2026-04-11
200970,Jesus Rodriguez,BOS,Boston Red Sox,reserve,c,0.700,XXX,,,,N,Jesus Rodriguez,2026-02-06
97391,Edgar Quero,BOS,Boston Red Sox,reserve,c,0.700,XXX,,,,N,Edgar Quero,2026-07-10
480723,Kody Clemens,BOS,Boston Red Sox,reserve,if,1.183,3rd,,,,N,Kody Clemens,2026-04-11
7247,Oswaldo Cabrera,BOS,Boston Red Sox,reserve,if,1.183,3rd,,,,N,Oswaldo Cabrera,2025-02-09
143352,Christian Moore,BOS,Boston Red Sox,reserve,if,0.700,XXX,,,,N,Christian Moore,2025-02-09
406240,Marek Houston,BOS,Boston Red Sox,reserve,if,0.700,XXX,,,,N,Marek Houston,2026-02-06
360907,Blaze Jordan,BOS,Boston Red Sox,reserve,if,0.700,XXX,,,,N,Blaze Jordan,2023-03-22
101294,Kyle Lodise,BOS,Boston Red Sox,reserve,if,0.700,XXX,,,,N,Kyle Lodise,2026-02-06
190827,Edwin Arroyo,BOS,Boston Red Sox,reserve,if,0.700,XXX,,,,N,Edwin Arroyo,2023-03-22
228731,Echedry Vargas,BOS,Boston Red Sox,reserve,if,0.700,XXX,,,,N,Echedry Vargas,2024-03-17
231933,Angel Martínez,BOS,Boston Red Sox,reserve,if,0.700,XXX,,,,N,Angel Martinez,2023-03-22
436915,Parker Meadows,BOS,Boston Red Sox,reserve,of,1.295,2nd,,,,N,Parker Meadows,2026-07-10
87723,Aiden Robbins,BOS,Boston Red Sox,reserve,of,0.700,XXX,,,Y,,"Robbins, Aiden",2026-07-28
329705,Justin Gonzales,BOS,Boston Red Sox,reserve,of,0.700,XXX,,,Y,N,Justin Gonzales,2026-03-13
393193,Oscar Colás,BOS,Boston Red Sox,reserve,of,0.700,1st,,,,N,Oscar Colas,2024-02-19
517325,Trevor Condon,BOS,Boston Red Sox,reserve,of,0.700,XXX,,,Y,,"Condon, Trevor",2026-07-28
302769,Bo Davidson,BOS,Boston Red Sox,reserve,of,0.700,XXX,,,,N,Bo Davidson,2026-03-24
66222,Ryan Clifford,BOS,Boston Red Sox,reserve,of,0.700,XXX,,,,N,Ryan Clifford,2023-03-22
308754,Jonatan Clase,BOS,Boston Red Sox,reserve,of,0.700,XXX,,,,N,Jonatan Clase,2024-02-19
88669,Alan Roden,BOS,Boston Red Sox,reserve,of,0.700,XXX,,,,N,Alan Roden,2024-02-19
319302,Devin Taylor,BOS,Boston Red Sox,reserve,of,0.700,XXX,,,,N,Devin Taylor,2026-02-06
449394,Victor Lizarraga,BOS,Boston Red Sox,reserve,p,0.700,XXX,,,,N,Victor Lizarraga,2023-03-22
1263,Jacob Miller,BOS,Boston Red Sox,reserve,p,0.700,XXX,,,,N,Jacob Miller,2023-03-22
55224,Michael Kennedy,BOS,Boston Red Sox,reserve,p,0.700,XXX,,,,N,Michael Kennedy,2025-02-09
131609,Braden Nett,BOS,Boston Red Sox,reserve,p,0.700,XXX,,,,N,Braden Nett,2026-02-06
444220,Jackson Cox,BOS,Boston Red Sox,reserve,p,0.700,XXX,,,,,"Cox, Jackson",2026-08-05
22852,Juan Valera,BOS,Boston Red Sox,reserve,p,0.700,XXX,,,,N,Juan Valera,2026-02-06
185480,Rhett Lowder,BOS,Boston Red Sox,reserve,p,0.700,XXX,,,,N,Rhett Lowder,2024-02-19
141410,Shotaro Morii,BOS,Boston Red Sox,reserve,p,0.700,XXX,,,Y,N,Shotaro Morii,2026-07-10
339192,Brock Porter,BOS,Boston Red Sox,reserve,p,0.700,XXX,,,,N,Brock Porter,2023-03-22
276273,Nolan Perry,BOS,Boston Red Sox,reserve,p,0.700,XXX,,,Y,,"Perry, Nolan",2026-07-28
24750,Moisés Chace,BOS,Boston Red Sox,reserve,p,0.700,XXX,,,,N,Moises Chace,2026-02-06
376678,Dax Whitney,BOS,Boston Red Sox,reserve,p,0.700,XXX,,,,N,Dax Whitney,2025-02-09
381435,Wellington Aracena,BOS,Boston Red Sox,reserve,p,0.700,XXX,,,,N,Wellington Aracena,2026-02-06
166472,Jeter Martinez,BOS,Boston Red Sox,reserve,p,0.700,XXX,,,,N,Jeter Martinez,2025-02-09
249845,Marquis Grissom,BOS,Boston Red Sox,reserve,p,0.700,XXX,,,,N,Marquis Grissom Jr.,2025-02-09
329606,Charlee Soto,BOS,Boston Red Sox,reserve,p,0.700,XXX,,,,N,Charlee Soto,2024-02-19
507640,Gage Stanifer,BOS,Boston Red Sox,reserve,p,0.700,XXX,,,,N,Gage Stanifer,2026-03-24
60844,C. J. Culpepper,BOS,Boston Red Sox,reserve,p,0.700,XXX,,,,N,C.J. Culpepper,2025-02-09
465958,Luis Campusano,CHC,Chicago Cubs,active,c,1.867,4th,,,,Y,Luis Campusano,2026-02-06
103234,Gabriel Moreno,CHC,Chicago Cubs,active,c,1.867,4th,,,,Y,Gabriel Moreno,2026-04-14
401203,Kazuma Okamoto,CHC,Chicago Cubs,active,if,40.000,V,2030,Yes,Y,Y,Kazuma Okamoto,2026-04-04
3538,Brandon Lowe,CHC,Chicago Cubs,active,if,26.000,V,2028,Yes,Y,Y,Brandon Lowe,2026-04-04
496263,Will Wagner,CHC,Chicago Cubs,active,if,5.000,V,2027,Yes,,Y,Will Wagner,2026-02-06
508023,Triston Casas,CHC,Chicago Cubs,active,if,3.233,4th,,,,Y,Triston Casas,2026-02-06
495174,Nick Allen,CHC,Chicago Cubs,active,if,2.000,V,2026,Yes,,Y,Nick Allen,2026-04-11
321365,Ceddanne Rafaela,CHC,Chicago Cubs,active,if,1.183,3rd,,,,N,Ceddanne Rafaela,2026-07-10
38665,Oneil Cruz,CHC,Chicago Cubs,active,of,12.071,CE,2028,,Y,Y,Oneil Cruz,2026-07-10
510498,Corbin Carroll,CHC,Chicago Cubs,active,of,5.290,4th,,,,Y,Corbin Carroll,2026-02-06
308730,Harrison Bader,CHC,Chicago Cubs,active,of,4.596,6th,,,,Y,Harrison Bader,2026-02-06
188968,Masataka Yoshida,CHC,Chicago Cubs,active,of,1.400,V,2026,Yes,,Y,Masataka Yoshida,2026-04-14
433120,Jac Caglianone,CHC,Chicago Cubs,active,of,0.700,XXX,,,,N,Jac Caglianone,2026-07-10
177742,Raisel Iglesias,CHC,Chicago Cubs,active,p,16.000,V,2026,Yes,,Y,Raisel Iglesias,2026-02-06
339235,Tanner Scott,CHC,Chicago Cubs,active,p,12.500,V,2026,,,Y,Tanner Scott,2025-02-09
508785,Gregory Soto,CHC,Chicago Cubs,active,p,9.000,V,2027,Yes,,Y,Gregory Soto,2026-02-06
413212,Dylan Lee,CHC,Chicago Cubs,active,p,8.000,V,2026,,,Y,Dylan Lee,2026-03-13
136952,Tanner Houck,CHC,Chicago Cubs,active,p,4.850,4th,,,,Y,Tanner Houck,2026-02-06
129679,Kutter Crawford,CHC,Chicago Cubs,active,p,3.333,V,2028,Yes,Y,Y,Kutter Crawford,2026-04-11
151156,Clarke Schmidt,CHC,Chicago Cubs,active,p,2.512,4th,,,,Y,Clarke Schmidt,2026-02-06
59416,Zack Littell,CHC,Chicago Cubs,active,p,2.000,V,2026,Yes,,Y,Zack Littell,2026-04-11
465225,Ian Hamilton,CHC,Chicago Cubs,active,p,2.000,V,2026,Yes,,Y,Ian Hamilton,2026-04-24
265644,Gavin Stone,CHC,Chicago Cubs,active,p,1.867,4th,,,,Y,Gavin Stone,2026-02-06
67802,Alex Lange,CHC,Chicago Cubs,active,p,1.867,4th,,,,Y,Alex Lange,2026-02-06
52343,Slade Cecconi,CHC,Chicago Cubs,active,p,1.183,3rd,,,,N,Slade Cecconi,2026-02-06
164543,Cade Cavalli,CHC,Chicago Cubs,active,p,0.700,XXX,,,,N,Cade Cavalli,2026-04-24
391075,Ethan Salas,CHC,Chicago Cubs,reserve,c,0.700,XXX,,,,N,Ethan Salas,2024-03-17
208754,Drew Millas,CHC,Chicago Cubs,reserve,c,0.700,XXX,,,,N,Drew Millas,2024-02-19
19166,Payton Eeles,CHC,Chicago Cubs,reserve,if,7.000,V,2028,Yes,,Y,Payton Eeles,2026-04-24
235274,Steven Milam,CHC,Chicago Cubs,reserve,if,0.700,XXX,,,,N,Steven Milam,2024-02-19
206960,Jesús Báez,CHC,Chicago Cubs,reserve,if,0.700,XXX,,,,N,Jesus Baez,2026-02-06
428408,Ronny Cruz,CHC,Chicago Cubs,reserve,if,0.700,XXX,,,Y,,"Cruz, Ronny",2026-07-28
335130,Marco Luciano,CHC,Chicago Cubs,reserve,if,0.700,XXX,,,,N,Marco Luciano,2023-03-22
373566,Lucas Franco,CHC,Chicago Cubs,reserve,if,0.700,XXX,,,,N,Lucas Franco,2026-02-06
424042,Jansel Luis,CHC,Chicago Cubs,reserve,if,0.700,XXX,,,,N,Jansel Luis,2024-02-19
481316,Dean Curley,CHC,Chicago Cubs,reserve,if,0.700,XXX,,,,N,Dean Curley,2026-02-06
461411,Wyatt Sanford,CHC,Chicago Cubs,reserve,if,0.700,XXX,,,,N,Wyatt Sanford,2025-02-09
187201,Denzer Guzman,CHC,Chicago Cubs,reserve,if,0.700,XXX,,,Y,N,Denzer Guzman,2026-03-24
415344,Leo De Vries,CHC,Chicago Cubs,reserve,if,0.700,XXX,,,,N,Leo De Vries,2026-03-24
191487,Sean Keys,CHC,Chicago Cubs,reserve,if,0.700,XXX,,,,N,Sean Keys,2025-02-09
354302,Will Brennan,CHC,Chicago Cubs,reserve,of,0.910,2nd,,,,N,Will Brennan,2026-04-24
346786,Drew Burress,CHC,Chicago Cubs,reserve,of,0.700,XXX,,,,N,Drew Burress,2024-02-19
289014,Zyhir Hope,CHC,Chicago Cubs,reserve,of,0.700,XXX,,,,N,Zyhir Hope,2025-02-09
134735,Aidan Smith,CHC,Chicago Cubs,reserve,of,0.700,XXX,,,,N,Aidan Smith,2025-02-09
171021,Paxton Kling,CHC,Chicago Cubs,reserve,of,0.700,XXX,,,,N,Paxton Kling,2023-03-22
133513,Nelson Rada,CHC,Chicago Cubs,reserve,of,0.700,XXX,,,,N,Nelson Rada,2024-02-19
434447,Druw Jones,CHC,Chicago Cubs,reserve,of,0.700,XXX,,,,N,Druw Jones,2023-03-22
381720,Brandon Young,CHC,Chicago Cubs,reserve,p,4.700,V,2028,Yes,,Y,Brandon Young,2026-02-06
460508,Ryan Zeferjahn,CHC,Chicago Cubs,reserve,p,2.500,V,2027,Yes,,Y,Ryan Zeferjahn,2026-02-06
128818,David Sandlin,CHC,Chicago Cubs,reserve,p,0.910,2nd,,,,N,David Sandlin,2026-02-06
258072,Ricky Tiedemann,CHC,Chicago Cubs,reserve,p,0.910,2nd,,,,N,Ricky Tiedemann,2025-02-09
204456,Brandon Birdsell,CHC,Chicago Cubs,reserve,p,0.700,XXX,,,,N,Brandon Birdsell,2026-02-06
157452,Dylan Lesko,CHC,Chicago Cubs,reserve,p,0.700,XXX,,,,N,Dylan Lesko,2023-03-22
271922,Bishop Letson,CHC,Chicago Cubs,reserve,p,0.700,XXX,,,,N,Bishop Letson,2026-02-06
408257,Hurston Waldrep,CHC,Chicago Cubs,reserve,p,0.700,XXX,,,,N,Hurston Waldrep,2024-02-19
1557,Bryce Mayer,CHC,Chicago Cubs,reserve,p,0.700,XXX,,,,N,Bryce Mayer,2026-02-06
3855,Jarlin Susana,CHC,Chicago Cubs,reserve,p,0.700,XXX,,,,N,Jarlin Susana,2024-02-19
421315,Teddy McGraw,CHC,Chicago Cubs,reserve,p,0.700,XXX,,,,N,Teddy McGraw,2024-02-19
199594,Josh Hartle,CHC,Chicago Cubs,reserve,p,0.700,XXX,,,,N,Josh Hartle,2023-03-22
198440,Ben Blair,CHC,Chicago Cubs,reserve,p,0.700,XXX,,,Y,,"Blair, Ben",2026-08-03
329937,Hunter Dobbins,CHC,Chicago Cubs,reserve,p,0.700,XXX,,,,N,Hunter Dobbins,2026-02-06
265577,Travis Sykora,CHC,Chicago Cubs,reserve,p,0.700,XXX,,,,N,Travis Sykora,2024-02-19
359757,Kevin Defrank,CHC,Chicago Cubs,reserve,p,0.700,XXX,,,Y,N,Kevin DeFrank,2026-03-13
436095,Noah Song,CHC,Chicago Cubs,reserve,p,0.700,XXX,,,,N,Noah Song,2023-03-22
474000,Ryan Sloan,CHC,Chicago Cubs,reserve,p,0.700,XXX,,,,N,Ryan Sloan,2025-02-09
55144,Víctor Caratini,CHW,Chicago White Sox,active,c,5.000,V,2027,Yes,Y,Y,Victor Caratini,2026-04-04
32615,Iván Herrera,CHW,Chicago White Sox,active,c,1.183,3rd,,,,N,Ivan Herrera,2026-02-06
205504,Max Muncy,CHW,Chicago White Sox,active,if,20.000,V,2027,Yes,Y,Y,Max Muncy,2026-04-04
434065,Ketel Marte,CHW,Chicago White Sox,active,if,17.000,V,2027,,,Y,Ketel Marte,2026-07-10
388336,Isaac Paredes,CHW,Chicago White Sox,active,if,16.047,CE,2028,,Y,Y,Isaac Paredes,2026-04-04
402635,Willy Adames,CHW,Chicago White Sox,active,if,14.971,CE,2027,,,Y,Willy Adames,2025-04-04
261215,Andrés Giménez,CHW,Chicago White Sox,active,if,8.767,CE,2028,,Y,Y,Andres Gimenez,2026-04-04
406220,Max Kepler,CHW,Chicago White Sox,active,of,12.078,V,2026,Yes,,Y,Max Kepler,2025-02-09
284649,Isaac Collins,CHW,Chicago White Sox,active,of,5.500,V,2028,Yes,Y,Y,Isaac Collins,2026-07-10
376908,Víctor Robles,CHW,Chicago White Sox,active,of,3.690,V,2026,Yes,,Y,Victor Robles,2025-02-09
279578,Andy Pages,CHW,Chicago White Sox,active,of,1.085,2nd,,,,N,Andy Pages,2026-02-06
63327,Mickey Moniak,CHW,Chicago White Sox,active,of,0.700,1st,,,,N,Mickey Moniak,2026-07-10
302251,Owen Caissie,CHW,Chicago White Sox,active,of,0.700,XXX,,,,N,Owen Caissie,2026-04-04
368853,Sonny Gray,CHW,Chicago White Sox,active,p,25.420,V,2026,Yes,,Y,Sonny Gray,2026-02-06
353390,Logan Webb,CHW,Chicago White Sox,active,p,18.005,CE,2027,,,Y,Logan Webb,2025-04-04
191562,Yu Darvish,CHW,Chicago White Sox,active,p,15.420,V,2026,Yes,,Y,Yu Darvish,2026-02-06
292327,Tyler Kinley,CHW,Chicago White Sox,active,p,7.500,V,2027,Yes,Y,Y,Tyler Kinley,2026-04-11
184925,Ryan Helsley,CHW,Chicago White Sox,active,p,6.211,CE,2028,,Y,Y,Ryan Helsley,2026-04-04
427504,Camilo Doval,CHW,Chicago White Sox,active,p,2.095,4th,,,,Y,Camilo Doval,2026-02-06
272539,Matt Brash,CHW,Chicago White Sox,active,p,2.095,4th,,,,Y,Matt Brash,2026-02-06
151483,Drew Pomeranz,CHW,Chicago White Sox,active,p,2.000,V,2027,,Y,Y,Drew Pomeranz,2026-04-04
319944,Luis Gil,CHW,Chicago White Sox,active,p,1.911,3rd,,,,N,Luis Gil,2026-07-10
355560,Matt Canterino,CHW,Chicago White Sox,active,p,1.684,3rd,,,,N,Matt Canterino,2026-02-06
206630,Eury Pérez,CHW,Chicago White Sox,active,p,1.183,3rd,,,,N,Eury Perez,2026-02-06
184057,Justin Wrobleski,CHW,Chicago White Sox,active,p,0.700,XXX,,,,N,Justin Wrobleski,2026-07-10
339533,AJ Smith-Shawver,CHW,Chicago White Sox,active,p,0.700,XXX,,,,N,AJ Smith-Shawver,2026-07-10
515468,Bryan Lavastida,CHW,Chicago White Sox,reserve,c,0.700,XXX,,,,N,Bryan Lavastida,2023-03-22
422328,Nathan Flewelling,CHW,Chicago White Sox,reserve,c,0.700,XXX,,,Y,N,Nathan Flewelling,2026-03-13
65500,Jake Cronenworth,CHW,Chicago White Sox,reserve,if,3.000,V,2027,Yes,Y,Y,Jake Cronenworth,2026-07-10
148932,Matt McLain,CHW,Chicago White Sox,reserve,if,1.411,3rd,,,,N,Matt McLain,2026-04-04
517334,Cole Prosek,CHW,Chicago White Sox,reserve,if,0.700,XXX,,,Y,,"Prosek, Cole",2026-08-03
443668,Mitch Voit,CHW,Chicago White Sox,reserve,if,0.700,XXX,,,,N,Mitch Voit,2026-02-06
517329,Bo Lowrance,CHW,Chicago White Sox,reserve,if,0.700,XXX,,,Y,,"Lowrance, Bo",2026-07-28
426585,Rayne Doncon,CHW,Chicago White Sox,reserve,if,0.700,XXX,,,,N,Rayne Doncon,2023-03-22
270781,Javier Sanoja,CHW,Chicago White Sox,reserve,if,0.700,XXX,,,,N,Javier Sanoja,2026-04-11
200536,Tony Blanco,CHW,Chicago White Sox,reserve,if,0.700,XXX,,,,N,Tony Blanco Jr.,2026-02-06
257559,Jefferson Rojas,CHW,Chicago White Sox,reserve,if,0.700,XXX,,,,N,Jefferson Rojas,2024-02-19
168294,Bryce Eldridge,CHW,Chicago White Sox,reserve,if,0.700,XXX,,,,N,Bryce Eldridge,2024-02-19
491911,Boston Baro,CHW,Chicago White Sox,reserve,if,0.700,XXX,,,,N,Boston Baro,2025-02-09
153979,Brandon Compton,CHW,Chicago White Sox,reserve,of,0.700,XXX,,,,N,Brandon Compton,2026-02-06
125999,Enddy Azocar,CHW,Chicago White Sox,reserve,of,0.700,XXX,,,Y,N,Enddy Azocar,2026-03-24
206932,Tirso Ornelas,CHW,Chicago White Sox,reserve,of,0.700,XXX,,,,N,Tirso Ornelas,2023-03-22
349626,Brusdar Graterol,CHW,Chicago White Sox,reserve,p,4.052,6th,,,,Y,Brusdar Graterol,2026-07-10
18771,Andre Pallante,CHW,Chicago White Sox,reserve,p,1.867,4th,,,,Y,Andre Pallante,2026-07-10
169548,Connelly Early,CHW,Chicago White Sox,reserve,p,0.700,XXX,,,,N,Connelly Early,2026-02-06
14863,Brandon Barriera,CHW,Chicago White Sox,reserve,p,0.700,XXX,,,,N,Brandon Barriera,2023-03-22
304533,Craig Yoho,CHW,Chicago White Sox,reserve,p,0.700,XXX,,,,N,Craig Yoho,2026-02-06
226512,Jedixson Paez,CHW,Chicago White Sox,reserve,p,0.700,XXX,,,,N,Jedixson Paez,2025-02-09
198511,Luis Mey,CHW,Chicago White Sox,reserve,p,0.700,XXX,,,,N,Luis Mey,2026-02-06
231252,Prelander Berroa,CHW,Chicago White Sox,reserve,p,0.700,XXX,,,,N,Prelander Berroa,2024-07-12
359406,Landen Roupp,CHW,Chicago White Sox,reserve,p,0.700,XXX,,,,N,Landen Roupp,2025-07-09
512549,Adam Macko,CHW,Chicago White Sox,reserve,p,0.700,XXX,,,,N,Adam Macko,2023-03-22
205100,Edgardo Henriquez,CHW,Chicago White Sox,reserve,p,0.700,XXX,,,,N,Edgardo Henriquez,2023-03-22
377961,Eddy Yean,CHW,Chicago White Sox,reserve,p,0.700,XXX,,,,N,Eddy Yean,2023-03-22
96023,Brody Hopkins,CHW,Chicago White Sox,reserve,p,0.700,XXX,,,,N,Brody Hopkins,2025-02-09
448192,Will Warren,CHW,Chicago White Sox,reserve,p,0.700,XXX,,,,N,Will Warren,2026-07-10
275018,Marco Raya,CHW,Chicago White Sox,reserve,p,0.700,XXX,,,,N,Marco Raya,2023-03-22
408179,J. B. Bukauskas,CHW,Chicago White Sox,reserve,p,0.700,XXX,,,,N,J.B. Bukauskas,2023-03-22
239143,Angel Bastardo,CHW,Chicago White Sox,reserve,p,0.700,XXX,,,,N,Angel Bastardo,2024-02-19
80146,Emiliano Teodo,CHW,Chicago White Sox,reserve,p,0.700,XXX,,,,N,Emiliano Teodo,2025-02-09
211747,Bradley Blalock,CHW,Chicago White Sox,reserve,p,0.700,XXX,,,,N,Bradley Blalock,2024-02-19
268649,Adrian Bohorquez,CHW,Chicago White Sox,reserve,p,0.700,XXX,,,,N,Adrian Bohorquez,2024-08-15
303381,J. T. Realmuto,CIN,Cincinnati Reds,active,c,9.400,V,2027,,Y,Y,J.T. Realmuto,2026-04-11
4979,Harry Ford,CIN,Cincinnati Reds,active,c,0.700,XXX,,,,N,Harry Ford,2026-07-10
63790,Ozzie Albies,CIN,Cincinnati Reds,active,if,26.500,V,2028,Yes,,Y,Ozzie Albies,2026-02-06
151664,Andrew Navigato,CIN,Cincinnati Reds,active,if,3.600,V,2030,Yes,,Y,Andrew Navigato,2026-02-06
389049,Jace Jung,CIN,Cincinnati Reds,active,if,1.295,2nd,,,,N,Jace Jung,2026-02-06
227105,Tyler Locklear,CIN,Cincinnati Reds,active,if,0.910,2nd,,,,N,Tyler Locklear,2026-02-06
150227,Greg Jones,CIN,Cincinnati Reds,active,if,0.700,XXX,,,,N,Greg Jones,2026-07-10
498629,Brandon Nimmo,CIN,Cincinnati Reds,active,of,24.000,V,2028,Yes,Y,Y,Brandon Nimmo,2026-04-04
239625,Christian Yelich,CIN,Cincinnati Reds,active,of,19.400,V,2027,,,Y,Christian Yelich,2026-02-06
55717,Dominic Canzone,CIN,Cincinnati Reds,active,of,3.300,V,2026,Yes,,Y,Dominic Canzone,2025-02-09
440629,Justice Bigbie,CIN,Cincinnati Reds,active,of,1.183,3rd,,,,N,Justice Bigbie,2026-02-06
493037,Pedro León,CIN,Cincinnati Reds,active,of,1.183,3rd,,,,N,Pedro Leon,2026-02-06
484463,Jack Flaherty,CIN,Cincinnati Reds,active,p,27.800,V,2028,Yes,,Y,Jack Flaherty,2026-02-06
67654,Justin Verlander,CIN,Cincinnati Reds,active,p,11.000,V,2027,,Y,Y,Justin Verlander,2026-04-04
103982,Elvis Alvarado,CIN,Cincinnati Reds,active,p,6.600,V,2027,,Y,Y,Elvis Alvarado,2026-04-24
458037,Sawyer Gipson-Long,CIN,Cincinnati Reds,active,p,6.500,V,2028,,,Y,Sawyer Gipson-Long,2025-02-09
271387,Craig Kimbrel,CIN,Cincinnati Reds,active,p,5.200,V,2027,,Y,Y,Craig Kimbrel,2026-04-11
204108,Max Scherzer,CIN,Cincinnati Reds,active,p,4.700,V,2027,,Y,Y,Max Scherzer,2026-04-04
191050,Taylor Rogers,CIN,Cincinnati Reds,active,p,2.600,V,2026,Yes,,Y,Taylor Rogers,2026-02-06
360458,Nick Burdi,CIN,Cincinnati Reds,active,p,2.600,V,2026,Yes,,Y,Nick Burdi,2026-02-06
225487,Ray Kerr,CIN,Cincinnati Reds,active,p,1.400,V,2026,,,Y,Ray Kerr,2026-07-10
233934,Garrett Hawkins,CIN,Cincinnati Reds,active,p,1.400,V,2026,,,Y,Garrett Hawkins,2026-07-10
461296,Keider Montero,CIN,Cincinnati Reds,active,p,0.910,2nd,,,,N,Keider Montero,2026-02-06
44265,River Ryan,CIN,Cincinnati Reds,active,p,0.700,XXX,,,,N,River Ryan,2026-07-10
131420,Sem Robberse,CIN,Cincinnati Reds,active,p,0.700,XXX,,,,N,Sem Robberse,2026-07-10
285449,Vahn Lackey,CIN,Cincinnati Reds,reserve,c,0.700,XXX,,,Y,,"Lackey, Vahn",2026-07-28
410491,Joe Mack,CIN,Cincinnati Reds,reserve,c,0.700,XXX,,,,N,Joe Mack,2023-03-22
486568,Cadyn Grenier,CIN,Cincinnati Reds,reserve,if,1.183,3rd,,,,N,Cadyn Grenier,2026-07-10
461690,Michael Arroyo,CIN,Cincinnati Reds,reserve,if,0.700,XXX,,,,N,Michael Arroyo,2025-02-09
229207,Colt Emerson,CIN,Cincinnati Reds,reserve,if,0.700,XXX,,,,N,Colt Emerson,2024-02-19
281402,Colton Ledbetter,CIN,Cincinnati Reds,reserve,if,0.700,XXX,,,,N,Colton Ledbetter,2024-02-19
506082,Eddys Leonard,CIN,Cincinnati Reds,reserve,if,0.700,XXX,,,,N,Eddys Leonard,2025-02-09
218793,Tommy Troy,CIN,Cincinnati Reds,reserve,if,0.700,XXX,,,,N,Tommy Troy,2025-02-09
410595,Felnin Celesten,CIN,Cincinnati Reds,reserve,if,0.700,XXX,,,,N,Felnin Celesten,2024-03-17
173643,Arjun Nimmala,CIN,Cincinnati Reds,reserve,if,0.700,XXX,,,,N,Arjun Nimmala,2024-07-12
147894,Jordan Yost,CIN,Cincinnati Reds,reserve,if,0.700,XXX,,,,N,Jordan Yost,2026-02-06
293697,Max Clark,CIN,Cincinnati Reds,reserve,of,0.700,XXX,,,,N,Max Clark,2026-02-06
256801,Paulino Santana,CIN,Cincinnati Reds,reserve,of,0.700,XXX,,,,N,Paulino Santana,2026-02-06
117222,Drew Gilbert,CIN,Cincinnati Reds,reserve,of,0.700,XXX,,,,N,Drew Gilbert,2023-03-22
413155,Mike Sirota,CIN,Cincinnati Reds,reserve,of,0.700,XXX,,,,N,Mike Sirota,2025-02-09
11304,Mason Neville,CIN,Cincinnati Reds,reserve,of,0.700,XXX,,,,N,Mason Neville,2026-02-06
240036,Esmerlyn Valdez,CIN,Cincinnati Reds,reserve,of,0.700,XXX,,,Y,N,Esmerlyn Valdez,2026-03-13
198688,Dauri Moreta,CIN,Cincinnati Reds,reserve,p,5.000,V,2028,,,Y,Dauri Moreta,2026-07-10
315526,Tommy Romero,CIN,Cincinnati Reds,reserve,p,1.183,3rd,,,,N,Tommy Romero,2025-07-09
507092,Russell Smith,CIN,Cincinnati Reds,reserve,p,0.700,XXX,,,,N,Russell Smith,2023-03-22
273437,Owen Hall,CIN,Cincinnati Reds,reserve,p,0.700,XXX,,,,N,Owen Hall,2025-02-09
222046,Luis Oviedo,CIN,Cincinnati Reds,reserve,p,0.700,XXX,,,,N,Luis Oviedo,2023-03-22
152320,Luis De Leon,CIN,Cincinnati Reds,reserve,p,0.700,XXX,,,,N,Luis De Leon,2025-02-09
27415,Riley Quick,CIN,Cincinnati Reds,reserve,p,0.700,XXX,,,,N,Riley Quick,2026-02-06
140194,Humberto Cruz,CIN,Cincinnati Reds,reserve,p,0.700,XXX,,,,N,Humberto Cruz,2026-02-06
517323,Coleman Borthwick,CIN,Cincinnati Reds,reserve,p,0.700,XXX,,,Y,,"Borthwick, Coleman",2026-07-28
421398,Ben Hess,CIN,Cincinnati Reds,reserve,p,0.700,XXX,,,,N,Ben Hess,2025-02-09
291319,Michael Lombardi,CIN,Cincinnati Reds,reserve,p,0.700,XXX,,,,N,Michael Lombardi,2026-02-06
264760,Kendry Chourio,CIN,Cincinnati Reds,reserve,p,0.700,XXX,,,Y,N,Kendry Chourio,2026-02-06
321327,Jackson Jobe,CIN,Cincinnati Reds,reserve,p,0.700,XXX,,,,N,Jackson Jobe,2026-02-06
489040,Kade Anderson,CIN,Cincinnati Reds,reserve,p,0.700,XXX,,,,N,Kade Anderson,2026-02-06
199477,Uli Fernsler,CIN,Cincinnati Reds,reserve,p,0.700,XXX,,,,,"Fernsler, Uli",2026-08-03
114374,Jacob Zibin,CIN,Cincinnati Reds,reserve,p,0.700,XXX,,,,N,Jacob Zibin,2023-03-22
351991,Dax Fulton,CIN,Cincinnati Reds,reserve,p,0.700,XXX,,,,N,Dax Fulton,2023-03-22
463602,Trey Dombroski,CIN,Cincinnati Reds,reserve,p,0.700,XXX,,,,N,Trey Dombroski,2024-02-19
452037,William Schmidt,CIN,Cincinnati Reds,reserve,p,0.700,XXX,,,,N,William Schmidt,2025-02-09
17623,Alejandro Kirk,CLE,Cleveland Guardians,active,c,15.088,CE,2027,,Y,Y,Alejandro Kirk,2026-03-24
232125,Francisco Álvarez,CLE,Cleveland Guardians,active,c,1.183,3rd,,,,N,Francisco Alvarez,2026-02-06
460140,José Ramírez,CLE,Cleveland Guardians,active,if,50.000,V,2031,,Y,Y,Jose Ramirez,2026-03-24
365220,Marcus Semien,CLE,Cleveland Guardians,active,if,19.100,V,2026,,,Y,Marcus Semien,2026-02-06
498026,Tyler Fitzgerald,CLE,Cleveland Guardians,active,if,15.750,V,2026,Yes,,Y,Tyler Fitzgerald,2026-02-06
166117,David Fry,CLE,Cleveland Guardians,active,if,4.250,V,2027,Yes,,Y,David Fry,2026-02-06
17868,Zach Dezenzo,CLE,Cleveland Guardians,active,if,0.700,1st,,,,N,Zach Dezenzo,2026-02-06
211418,Noah Miller,CLE,Cleveland Guardians,active,if,0.700,XXX,,,,N,Noah Miller,2026-04-11
215098,Yordan Álvarez,CLE,Cleveland Guardians,active,of,21.940,CE,2026,,,Y,Yordan Alvarez,2025-03-20
306850,Steven Kwan,CLE,Cleveland Guardians,active,of,12.805,CE,2028,,Y,Y,Steven Kwan,2026-03-24
177538,Luke Raley,CLE,Cleveland Guardians,active,of,4.500,V,2026,,,Y,Luke Raley,2026-02-06
151975,Chandler Simpson,CLE,Cleveland Guardians,active,of,1.295,2nd,,,,N,Chandler Simpson,2026-02-06
235268,Justin Crawford,CLE,Cleveland Guardians,active,of,0.700,XXX,,,,N,Justin Crawford,2026-03-13
59494,Denzel Clarke,CLE,Cleveland Guardians,active,of,0.700,1st,,,,N,Denzel Clarke,2026-03-13
72455,Framber Valdez,CLE,Cleveland Guardians,active,p,28.600,V,2027,,,Y,Framber Valdez,2026-02-06
349834,Matt Strahm,CLE,Cleveland Guardians,active,p,8.000,V,2026,,,Y,Matt Strahm,2026-02-06
22974,Lucas Erceg,CLE,Cleveland Guardians,active,p,2.050,V,2026,Yes,,Y,Lucas Erceg,2025-02-09
358564,Hunter Greene,CLE,Cleveland Guardians,active,p,1.867,4th,,,,Y,Hunter Greene,2026-02-06
333174,Jake Cousins,CLE,Cleveland Guardians,active,p,1.710,V,2027,Yes,Y,Y,Jake Cousins,2026-04-04
442021,Trevor Stephan,CLE,Cleveland Guardians,active,p,1.500,V,2026,Yes,,Y,Trevor Stephan,2026-04-11
231007,Eli Morgan,CLE,Cleveland Guardians,active,p,1.500,V,2026,Yes,,Y,Eli Morgan,2026-04-11
68665,Ken Waldichuk,CLE,Cleveland Guardians,active,p,1.183,3rd,,,,N,Ken Waldichuk,2026-03-13
285902,Simeon Woods Richardson,CLE,Cleveland Guardians,active,p,0.910,2nd,,,,N,Simeon Woods Richardson,2026-02-06
91085,Ronny Henriquez,CLE,Cleveland Guardians,active,p,0.700,XXX,,,,N,Ronny Henriquez,2026-03-13
318785,Trey Yesavage,CLE,Cleveland Guardians,active,p,0.700,1st,,,,N,Trey Yesavage,2026-03-13
10624,Carson Whisenhunt,CLE,Cleveland Guardians,active,p,0.700,XXX,,,,N,Carson Whisenhunt,2026-04-11
80465,Josue Briceño,CLE,Cleveland Guardians,reserve,c,0.700,XXX,,,,N,Josue Briceno,2025-02-09
419543,Austin Hedges,CLE,Cleveland Guardians,reserve,c,0.000,MLI,,,,N,Austin Hedges,2026-04-24
315364,Tyson Lewis,CLE,Cleveland Guardians,reserve,if,0.700,XXX,,,,N,Tyson Lewis,2025-02-09
228511,Eric Bitonti,CLE,Cleveland Guardians,reserve,if,0.700,XXX,,,,N,Eric Bitonti,2025-02-09
411853,Carter Johnson,CLE,Cleveland Guardians,reserve,if,0.700,XXX,,,,N,Carter Johnson,2025-02-09
77872,Daiber De Los Santos,CLE,Cleveland Guardians,reserve,if,0.700,XXX,,,,N,Daiber de los Santos,2026-02-06
356348,Aroon Escobar,CLE,Cleveland Guardians,reserve,if,0.700,XXX,,,,N,Aroon Escobar,2026-02-06
239535,Dyan Jorge,CLE,Cleveland Guardians,reserve,if,0.700,XXX,,,,N,Dyan Jorge,2025-02-09
465070,Jared Serna,CLE,Cleveland Guardians,reserve,if,0.700,XXX,,,,N,Jared Serna,2025-02-09
144638,Carlos Jorge,CLE,Cleveland Guardians,reserve,if,0.700,XXX,,,,N,Carlos Jorge,2025-02-09
138846,Colin Houck,CLE,Cleveland Guardians,reserve,if,0.700,XXX,,,,N,Colin Houck,2025-02-09
133056,Sam Antonacci,CLE,Cleveland Guardians,reserve,if,0.700,XXX,,,Y,N,Sam Antonacci,2026-03-13
429692,A. J. Vukovich,CLE,Cleveland Guardians,reserve,if,0.700,XXX,,,,N,A.J. Vukovich,2025-02-09
147371,Joswa Lugo,CLE,Cleveland Guardians,reserve,if,0.700,XXX,,,,N,Joswa Lugo,2026-02-06
420615,Brando Mayea,CLE,Cleveland Guardians,reserve,of,0.700,XXX,,,,N,Brando Mayea,2025-02-09
315377,Alfonsin Rosario,CLE,Cleveland Guardians,reserve,of,0.700,XXX,,,Y,N,Alfonsin Rosario,2026-03-24
235601,Jace LaViolette,CLE,Cleveland Guardians,reserve,of,0.700,XXX,,,,N,Jace LaViolette,2026-02-06
133272,Samuel Zavala,CLE,Cleveland Guardians,reserve,of,0.700,XXX,,,,N,Samuel Zavala,2025-02-09
213503,Myles Straw,CLE,Cleveland Guardians,reserve,of,0.000,MLI,,,,N,Myles Straw,2026-04-24
262520,Ben Lively,CLE,Cleveland Guardians,reserve,p,1.500,V,2026,,,Y,Ben Lively,2026-04-24
120857,Jose Quintana,CLE,Cleveland Guardians,reserve,p,1.350,V,2026,,,Y,Jose Quintana,2026-04-24
62908,Tekoah Roby,CLE,Cleveland Guardians,reserve,p,0.700,XXX,,,,N,Tekoah Roby,2025-02-09
33022,Cade Obermueller,CLE,Cleveland Guardians,reserve,p,0.700,XXX,,,,N,Cade Obermueller,2026-02-06
387695,Luis Medina,CLE,Cleveland Guardians,reserve,p,0.700,XXX,,,,N,Luis Medina,2025-02-09
374754,Hyun-Seok Jang,CLE,Cleveland Guardians,reserve,p,0.700,XXX,,,,N,Hyun-Seok Jang,2025-02-09
185999,Carter Stewart,CLE,Cleveland Guardians,reserve,p,0.700,XXX,,,,N,Carter Stewart,2025-02-09
124234,Yujanyer Herrera,CLE,Cleveland Guardians,reserve,p,0.700,XXX,,,,N,Yujanyer Herrera,2025-02-09
372230,Hunter Dietz,CLE,Cleveland Guardians,reserve,p,0.700,XXX,,,Y,,"Dietz, Hunter",2026-07-28
97544,Luke Holman,CLE,Cleveland Guardians,reserve,p,0.700,XXX,,,,N,Luke Holman,2025-02-09
423759,Miguel Ullola,CLE,Cleveland Guardians,reserve,p,0.700,XXX,,,,N,Miguel Ullola,2026-02-06
176004,Mason Edwards,CLE,Cleveland Guardians,reserve,p,0.700,XXX,,,Y,,"Edwards, Mason",2026-08-03
388339,Ryan Murphy,CLE,Cleveland Guardians,reserve,p,0.700,XXX,,,,N,Ryan Murphy,2025-02-09
60227,Kolby Allard,CLE,Cleveland Guardians,reserve,p,0.000,MLI,,,,N,Kolby Allard,2026-04-24
368167,Salvador Pérez,COL,Colorado Rockies,active,c,15.260,V,2026,Yes,,Y,Salvador Perez,2026-02-06
473517,Jorge Alfaro,COL,Colorado Rockies,active,c,2.000,V,2026,,,Y,Jorge Alfaro,2026-04-24
8543,Bobby Witt,COL,Colorado Rockies,active,if,6.255,4th,,,,Y,Bobby Witt Jr.,2026-02-06
423024,Jonathan India,COL,Colorado Rockies,active,if,4.008,5th,,,,Y,Jonathan India,2026-02-06
270140,Royce Lewis,COL,Colorado Rockies,active,if,2.279,3rd,,,,N,Royce Lewis,2026-02-06
152253,Luis García,COL,Colorado Rockies,active,if,1.911,3rd,,,,N,Luis V. Garcia,2026-02-06
485175,Elly De La Cruz,COL,Colorado Rockies,active,if,1.470,2nd,,,,N,Elly De La Cruz,2026-02-06
114895,Fernando Tatís,COL,Colorado Rockies,active,of,26.852,CE,2026,,,Y,Fernando Tatis Jr.,2025-03-31
85977,Kyle Schwarber,COL,Colorado Rockies,active,of,20.473,V,2027,Yes,,Y,Kyle Schwarber,2026-02-06
258474,Michael Taylor,COL,Colorado Rockies,active,of,3.500,V,2026,,,Y,Michael A. Taylor,2026-03-13
508571,Kyle Stowers,COL,Colorado Rockies,active,of,1.867,4th,,,,Y,Kyle Stowers,2026-02-06
74855,Walker Jenkins,COL,Colorado Rockies,active,of,0.910,2nd,,,,N,Walker Jenkins,2026-03-24
244387,Tim Herrin,COL,Colorado Rockies,active,p,9.760,V,2027,Yes,,Y,Tim Herrin,2026-02-06
413386,Matt Svanson,COL,Colorado Rockies,active,p,7.276,V,2028,Yes,Y,Y,Matt Svanson,2026-04-04
62173,Spencer Strider,COL,Colorado Rockies,active,p,5.290,4th,,,,Y,Spencer Strider,2026-02-06
289240,Kirby Yates,COL,Colorado Rockies,active,p,5.000,V,2026,Yes,,Y,Kirby Yates,2026-04-24
26520,Matt Festa,COL,Colorado Rockies,active,p,3.260,V,2027,,Y,Y,Matt Festa,2026-04-04
417391,Caleb Ferguson,COL,Colorado Rockies,active,p,3.000,V,2026,Yes,,Y,Caleb Ferguson,2026-04-24
61180,Tarik Skubal,COL,Colorado Rockies,active,p,1.911,2nd,,,,N,Tarik Skubal,2026-02-06
86284,Bryan Woo,COL,Colorado Rockies,active,p,1.470,2nd,,,,N,Bryan Woo,2026-02-06
56745,Mason Miller,COL,Colorado Rockies,active,p,1.183,3rd,,,,N,Mason Miller,2026-02-06
421447,Matthew Liberatore,COL,Colorado Rockies,active,p,0.910,2nd,,,,N,Matthew Liberatore,2026-02-06
508831,Mitch Keller,COL,Colorado Rockies,active,p,0.910,2nd,,,,N,Mitch Keller,2026-02-06
416979,Roansy Contreras,COL,Colorado Rockies,active,p,0.910,2nd,,,,N,Roansy Contreras,2026-02-06
202517,Ronaldo Hernández,COL,Colorado Rockies,reserve,c,0.700,1st,,,,N,Ronaldo Hernandez,2025-07-09
303514,Alex Freeland,COL,Colorado Rockies,reserve,if,0.700,XXX,,,,N,Alex Freeland,2025-02-09
380623,Luke Adams,COL,Colorado Rockies,reserve,if,0.700,XXX,,,,N,Luke Adams,2024-02-19
71319,Ronny Mauricio,COL,Colorado Rockies,reserve,if,0.700,XXX,,,,N,Ronny Mauricio,2023-03-22
400118,Jhonny Severino,COL,Colorado Rockies,reserve,if,0.700,XXX,,,,N,Jhonny Severino,2025-02-09
103111,Yordany De Los Santos,COL,Colorado Rockies,reserve,if,0.700,XXX,,,,N,Yordany De Los Santos,2024-02-19
303621,Adael Amador,COL,Colorado Rockies,reserve,if,0.700,XXX,,,,N,Adael Amador,2023-03-22
235244,Tsung-Che Cheng,COL,Colorado Rockies,reserve,if,0.700,XXX,,,,N,Tsung-Che Cheng,2024-02-19
161459,Willy Vasquez,COL,Colorado Rockies,reserve,if,0.700,XXX,,,,N,Willy Vasquez,2023-03-22
361670,Casey Schmitt,COL,Colorado Rockies,reserve,if,0.700,XXX,,,,N,Casey Schmitt,2023-03-22
468287,Dauri Fernandez,COL,Colorado Rockies,reserve,if,0.700,XXX,,,,N,Dauri Fernandez,2026-02-06
9679,Franklin Arias,COL,Colorado Rockies,reserve,if,0.700,XXX,,,,N,Franklin Arias,2025-02-09
71721,José Siri,COL,Colorado Rockies,reserve,of,1.400,V,,,,Y,Jose Siri,2026-07-10
152601,Cal Mitchell,COL,Colorado Rockies,reserve,of,0.700,XXX,,,,N,Cal Mitchell,2023-03-22
357884,Yeremy Cabrera,COL,Colorado Rockies,reserve,of,0.700,XXX,,,,N,Yeremi Cabrera,2025-02-09
363816,Hunter Bishop,COL,Colorado Rockies,reserve,of,0.700,XXX,,,,N,Hunter Bishop,2023-03-22
443543,Josiah Ragsdale,COL,Colorado Rockies,reserve,of,0.700,XXX,,,Y,,"Ragsdale, Josiah",2026-08-05
390791,Robert Calaz,COL,Colorado Rockies,reserve,of,0.700,XXX,,,,N,Robert Calaz,2025-02-09
241551,Joshua Mears,COL,Colorado Rockies,reserve,of,0.700,XXX,,,,N,Joshua Mears,2023-03-22
320704,Griff McGarry,COL,Colorado Rockies,reserve,p,0.700,XXX,,,,N,Griff McGarry,2023-03-22
48305,Yosver Zulueta,COL,Colorado Rockies,reserve,p,0.700,XXX,,,,N,Yosver Zulueta,2023-03-22
83340,Josh Owens,COL,Colorado Rockies,reserve,p,0.700,XXX,,,Y,N,Josh Owens,2026-03-13
53372,Tahnaj Thomas,COL,Colorado Rockies,reserve,p,0.700,XXX,,,,N,Tahnaj Thomas,2023-03-22
218737,Gary Gill Hill,COL,Colorado Rockies,reserve,p,0.700,XXX,,,,N,Gary Gill Hill,2025-02-09
473959,Esteban Mejia,COL,Colorado Rockies,reserve,p,0.700,XXX,,,,N,Esteban Mejia,2026-02-06
412905,Mike Burrows,COL,Colorado Rockies,reserve,p,0.700,XXX,,,,N,Mike Burrows,2023-03-22
162745,Reinold Navarro,COL,Colorado Rockies,reserve,p,0.700,XXX,,,Y,N,Reinold Navarro,2026-03-24
205954,Karson Milbrandt,COL,Colorado Rockies,reserve,p,0.700,XXX,,,Y,,"Milbrandt, Karson",2026-07-28
432979,Didier Fuentes,COL,Colorado Rockies,reserve,p,0.700,XXX,,,,N,Didier Fuentes,2026-02-06
358576,Ramon Marquez,COL,Colorado Rockies,reserve,p,0.700,XXX,,,Y,,"Marquez, Ramon",2026-08-03
216987,Eriq Swan,COL,Colorado Rockies,reserve,p,0.700,XXX,,,,N,Eriq Swan,2026-02-06
32937,Jun-Seok Shim,COL,Colorado Rockies,reserve,p,0.700,XXX,,,,N,Jun-Seok Shim,2024-03-17
78185,Chase Petty,COL,Colorado Rockies,reserve,p,0.700,XXX,,,,N,Chase Petty,2023-03-22
332434,Cal Raleigh,DET,Detroit Tigers,active,c,2.720,3rd,,,,N,Cal Raleigh,2026-02-06
84076,Gunnar Henderson,DET,Detroit Tigers,active,if,5.967,4th,,,,Y,Gunnar Henderson,2026-02-06
463193,Sean Bouchard,DET,Detroit Tigers,active,if,4.800,V,2026,Yes,,Y,Sean Bouchard,2026-02-06
219842,Matt Mervis,DET,Detroit Tigers,active,if,4.500,V,2029,Yes,Y,Y,Matt Mervis,2026-04-04
425637,Christian Encarnacion-Strand,DET,Detroit Tigers,active,if,2.946,4th,,,,Y,Christian Encarnacion-Strand,2026-02-06
187847,Nolan Gorman,DET,Detroit Tigers,active,if,2.595,4th,,,,Y,Nolan Gorman,2026-02-06
204863,Dylan Moore,DET,Detroit Tigers,active,if,2.000,V,2027,Yes,Y,Y,Dylan Moore,2026-04-11
507969,Rhys Hoskins,DET,Detroit Tigers,active,if,2.000,V,2027,Yes,Y,Y,Rhys Hoskins,2026-04-11
383961,Jake Burger,DET,Detroit Tigers,active,if,1.867,4th,,,,Y,Jake Burger,2026-02-06
476539,José Tena,DET,Detroit Tigers,active,if,0.910,2nd,,,,N,Jose Tena,2026-02-06
101763,Cody Bellinger,DET,Detroit Tigers,active,of,25.000,V,2026,Yes,,Y,Cody Bellinger,2026-02-06
141435,Mike Yastrzemski,DET,Detroit Tigers,active,of,7.000,V,2027,Yes,Y,Y,Mike Yastrzemski,2026-04-11
5913,Jackson Chourio,DET,Detroit Tigers,active,of,2.720,3rd,,,,N,Jackson Chourio,2026-02-06
411770,Joc Pederson,DET,Detroit Tigers,active,of,2.000,V,2027,Yes,Y,Y,Joc Pederson,2026-04-11
17101,George Valera,DET,Detroit Tigers,active,of,0.910,2nd,,,,N,George Valera,2026-02-06
499693,Zac Gallen,DET,Detroit Tigers,active,p,20.227,CE,2026,,,Y,Zac Gallen,2025-03-31
233102,Blake Snell,DET,Detroit Tigers,active,p,15.000,V,2026,Yes,,Y,Blake Snell,2024-08-15
237568,Bowden Francis,DET,Detroit Tigers,active,p,15.000,V,2027,Yes,,Y,Bowden Francis,2026-02-06
199099,Aaron Nola,DET,Detroit Tigers,active,p,14.000,V,2028,Yes,Y,Y,Aaron Nola,2026-04-04
488320,Brant Hurter,DET,Detroit Tigers,active,p,3.700,V,2027,Yes,,Y,Brant Hurter,2026-02-06
378304,A. J. Puk,DET,Detroit Tigers,active,p,3.229,CE,2026,,,Y,A.J. Puk,2024-03-17
104446,Ryan Walker,DET,Detroit Tigers,active,p,3.005,V,2026,,,Y,Ryan Walker,2025-02-09
290874,Jhoan Durán,DET,Detroit Tigers,active,p,2.836,4th,,,,Y,Jhoan Duran,2026-02-06
356264,Cade Smith,DET,Detroit Tigers,active,p,1.295,2nd,,,,N,Cade Smith,2026-02-06
377073,Daniel Palencia,DET,Detroit Tigers,active,p,0.700,XXX,,,,N,Daniel Palencia,2026-07-10
93781,Paul Skenes,DET,Detroit Tigers,active,p,0.700,1st,,,,N,Paul Skenes,2026-02-06
263289,Connor Wong,DET,Detroit Tigers,reserve,c,4.500,V,2027,Yes,Y,Y,Connor Wong,2026-07-10
455871,Daniel Jackson,DET,Detroit Tigers,reserve,c,0.700,XXX,,,Y,,"Jackson, Daniel",2026-07-28
366514,Logan Tanner,DET,Detroit Tigers,reserve,c,0.700,XXX,,,,N,Logan Tanner,2024-02-19
331389,Kevin Parada,DET,Detroit Tigers,reserve,c,0.700,1st,,,,N,Kevin Parada,2026-07-10
256597,Will Wilson,DET,Detroit Tigers,reserve,if,0.700,XXX,,,,N,Will Wilson,2023-03-22
423282,Daniel Pierce,DET,Detroit Tigers,reserve,if,0.700,XXX,,,,N,Daniel Pierce,2026-02-06
110716,Dawel Joseph,DET,Detroit Tigers,reserve,if,0.700,XXX,,,,N,Dawel Joseph,2026-02-06
475190,Jeremy Rodriguez,DET,Detroit Tigers,reserve,if,0.700,XXX,,,,N,Jeremy Rodriguez,2025-02-09
191840,Luis Toribio,DET,Detroit Tigers,reserve,if,0.700,XXX,,,,N,Luis Toribio,2023-03-22
90878,Mac Horvath,DET,Detroit Tigers,reserve,if,0.700,XXX,,,,N,Mac Horvath,2024-02-19
452415,Billy Amick,DET,Detroit Tigers,reserve,if,0.700,XXX,,,,N,Billy Amick,2025-02-09
452669,Tommy White,DET,Detroit Tigers,reserve,if,0.700,XXX,,,,N,Tommy White,2025-02-09
454874,Jarred Kelenic,DET,Detroit Tigers,reserve,of,2.912,5th,,,,Y,Jarred Kelenic,2026-07-10
146542,Austin Meadows,DET,Detroit Tigers,reserve,of,2.500,V,2026,,,Y,Austin Meadows,2026-07-10
37631,Lazaro Montes,DET,Detroit Tigers,reserve,of,0.700,XXX,,,,N,Lazaro Montes,2024-02-19
206941,Ryan Lasko,DET,Detroit Tigers,reserve,of,0.700,XXX,,,,N,Ryan Lasko,2024-02-19
454475,Wilderd Patiño,DET,Detroit Tigers,reserve,of,0.700,XXX,,,,N,Wilderd Patino,2023-03-22
182893,Ryan Cermak,DET,Detroit Tigers,reserve,of,0.700,XXX,,,,N,Ryan Cermak,2023-03-22
279385,Caden Sorrell,DET,Detroit Tigers,reserve,of,0.700,XXX,,,Y,,"Sorrell, Caden",2026-08-03
504978,Hunter Bigge,DET,Detroit Tigers,reserve,p,5.500,V,2029,Yes,Y,Y,Hunter Bigge,2026-07-10
514692,Michael Kopech,DET,Detroit Tigers,reserve,p,3.545,CE,2026,,,Y,Michael Kopech,2026-07-10
94135,James McArthur,DET,Detroit Tigers,reserve,p,3.111,V,2026,Yes,,Y,James McArthur,2025-07-09
88347,Bobby Miller,DET,Detroit Tigers,reserve,p,1.911,3rd,,,,N,Bobby Miller,2026-07-10
470016,Freddy Tarnok,DET,Detroit Tigers,reserve,p,0.910,2nd,,,,N,Freddy Tarnok,2024-07-12
211312,Owen Murphy,DET,Detroit Tigers,reserve,p,0.700,XXX,,,,N,Owen Murphy,2023-03-22
297138,Jake Bennett,DET,Detroit Tigers,reserve,p,0.700,XXX,,,,N,Jake Bennett,2023-03-22
72432,Dasan Hill,DET,Detroit Tigers,reserve,p,0.700,XXX,,,,N,Dasan Hill,2025-02-09
433275,Steve Hajjar,DET,Detroit Tigers,reserve,p,0.700,XXX,,,,N,Steve Hajjar,2023-03-22
492671,Jack Kochanowicz,DET,Detroit Tigers,reserve,p,0.700,XXX,,,,N,Jack Kochanowicz,2024-04-01
503138,Henry Lalane,DET,Detroit Tigers,reserve,p,0.700,XXX,,,,N,Henry Lalane,2024-03-17
280368,Mason Fluharty,DET,Detroit Tigers,reserve,p,0.700,XXX,,,Y,N,Mason Fluharty,2026-03-13
204870,George Klassen,DET,Detroit Tigers,reserve,p,0.700,XXX,,,,N,George Klassen,2025-02-09
200686,Luis Patiño,DET,Detroit Tigers,reserve,p,0.700,XXX,,,,N,Luis Patino,2024-08-15
44654,Reggie Crawford,DET,Detroit Tigers,reserve,p,0.700,XXX,,,,N,Reggie Crawford,2023-03-22
60276,José Fermin,DET,Detroit Tigers,reserve,p,0.700,XXX,,,Y,N,Jose Fermin,2026-03-24
244812,Cooper Hjerpe,DET,Detroit Tigers,reserve,p,0.700,XXX,,,,N,Cooper Hjerpe,2024-07-12
264693,Troy Taylor,DET,Detroit Tigers,reserve,p,0.700,XXX,,,,N,Troy Taylor,2026-02-06
302415,Jonah Heim,HOU,Houston Astros,active,c,2.095,4th,,,,Y,Jonah Heim,2026-02-06
428634,Austin Wells,HOU,Houston Astros,active,c,1.085,2nd,,,,N,Austin Wells,2026-07-10
314738,Austin Riley,HOU,Houston Astros,active,if,22.163,CE,2026,,,Y,Austin Riley,2025-03-31
120131,Ryan Mountcastle,HOU,Houston Astros,active,if,7.661,CE,2027,,,Y,Ryan Mountcastle,2025-03-31
83270,Orlando Arcia,HOU,Houston Astros,active,if,6.763,CE,2026,,,Y,Orlando Arcia,2025-03-31
379218,Andrew Vaughn,HOU,Houston Astros,active,if,3.140,5th,,,,Y,Andrew Vaughn,2026-02-06
62209,Richie Palacios,HOU,Houston Astros,active,if,2.963,4th,,,,Y,Richie Palacios,2026-02-06
457858,Paul DeJong,HOU,Houston Astros,active,if,2.500,V,2026,,,Y,Paul DeJong,2024-02-19
406845,Michael Stefanic,HOU,Houston Astros,active,if,2.300,V,2028,,Y,Y,Michael Stefanic,2026-04-04
43224,Jung Hoo Lee,HOU,Houston Astros,active,of,20.000,V,2029,Yes,,Y,Jung Hoo Lee,2025-02-09
239578,Tyler O'Neill,HOU,Houston Astros,active,of,10.000,V,2027,,,Y,Tyler O'Neill,2025-02-09
306472,Jo Adell,HOU,Houston Astros,active,of,0.910,2nd,,,,N,Jo Adell,2026-02-06
438013,Taylor Trammell,HOU,Houston Astros,active,of,0.910,2nd,,,,N,Taylor Trammell,2026-02-06
383807,Dylan Cease,HOU,Houston Astros,active,p,15.385,CE,2027,,,Y,Dylan Cease,2025-03-31
58272,José Alvarado,HOU,Houston Astros,active,p,13.500,V,2028,Yes,Y,Y,Jose Alvarado,2026-04-11
119570,Braydon Fisher,HOU,Houston Astros,active,p,7.500,V,2029,Yes,Y,Y,Braydon Fisher,2026-07-10
186331,Andrew Nardi,HOU,Houston Astros,active,p,5.500,V,2028,Yes,,Y,Andrew Nardi,2025-02-09
283381,Luis García,HOU,Houston Astros,active,p,3.885,4th,,,,Y,Luis H. Garcia,2026-02-06
407530,Sandy Alcántara,HOU,Houston Astros,active,p,3.834,5th,,,,Y,Sandy Alcantara,2026-02-06
173369,Tony Santillan,HOU,Houston Astros,active,p,3.827,V,2029,Yes,Y,Y,Tony Santillan,2026-04-04
339285,Joe Jiménez,HOU,Houston Astros,active,p,2.800,V,2027,,,Y,Joe Jimenez,2024-02-19
333537,Nic Enright,HOU,Houston Astros,active,p,2.800,V,2027,Yes,,Y,Nic Enright,2025-02-09
119538,Nick Sandlin,HOU,Houston Astros,active,p,2.500,V,2026,,,Y,Nick Sandlin,2024-02-19
304657,Cole Ragans,HOU,Houston Astros,active,p,2.279,3rd,,,,N,Cole Ragans,2026-02-06
259439,José Soriano,HOU,Houston Astros,active,p,1.295,2nd,,,,N,Jose Soriano,2026-02-06
341614,Graham Ashcraft,HOU,Houston Astros,active,p,0.910,2nd,,,,N,Graham Ashcraft,2026-07-10
89043,Gabriel Davalillo,HOU,Houston Astros,reserve,c,0.700,XXX,,,Y,N,Gabriel Davalillo,2026-03-13
84223,Gavin Sheets,HOU,Houston Astros,reserve,if,1.411,3rd,,,,N,Gavin Sheets,2024-07-12
20754,Matt Thaiss,HOU,Houston Astros,reserve,if,1.183,3rd,,,,N,Matt Thaiss,2023-03-22
178997,Jeremiah Jackson,HOU,Houston Astros,reserve,if,0.700,XXX,,,,N,Jeremiah Jackson,2023-03-22
54580,Jordan Lawlar,HOU,Houston Astros,reserve,if,0.700,XXX,,,,N,Jordan Lawlar,2023-03-22
517333,Trey Ebel,HOU,Houston Astros,reserve,if,0.700,XXX,,,Y,,"Ebel, Trey",2026-08-03
424560,Termarr Johnson,HOU,Houston Astros,reserve,if,0.700,XXX,,,,N,Termarr Johnson,2023-03-22
216416,Nolan Schanuel,HOU,Houston Astros,reserve,if,0.700,XXX,,,,N,Nolan Schanuel,2024-02-19
386081,Cristian Hernández,HOU,Houston Astros,reserve,if,0.700,XXX,,,,N,Cristian D. Hernandez,2023-03-22
200918,Ryan Waldschmidt,HOU,Houston Astros,reserve,of,0.700,XXX,,,,N,Ryan Waldschmidt,2025-02-09
125884,Korbyn Dickerson,HOU,Houston Astros,reserve,of,0.700,XXX,,,,N,Korbyn Dickerson,2026-02-06
347367,Robert Arias,HOU,Houston Astros,reserve,of,0.700,XXX,,,,N,Robert Arias,2026-02-06
168585,Luis Rodriguez,HOU,Houston Astros,reserve,of,0.700,XXX,,,,N,Luis F. Rodriguez,2023-03-22
222521,Cristhian Vaquero,HOU,Houston Astros,reserve,of,0.700,XXX,,,,N,Cristhian Vaquero,2024-02-19
366748,Adolfo Sanchez,HOU,Houston Astros,reserve,of,0.700,XXX,,,,N,Adolfo Sanchez,2026-02-06
26109,AJ Gracia,HOU,Houston Astros,reserve,of,0.700,XXX,,,Y,,"Gracia, AJ",2026-07-28
423729,Luis Matos,HOU,Houston Astros,reserve,of,0.700,XXX,,,,N,Luis Matos,2023-03-22
369557,Kody Funderburk,HOU,Houston Astros,reserve,p,5.200,V,2027,Yes,,Y,Kody Funderburk,2025-07-09
206417,Woo Suk Go,HOU,Houston Astros,reserve,p,4.000,V,2028,Yes,,Y,Woo-Suk Go,2025-07-09
92895,Keynan Middleton,HOU,Houston Astros,reserve,p,3.000,V,2026,,,Y,Keynan Middleton,2026-07-10
64433,Trevor Brigden,HOU,Houston Astros,reserve,p,2.500,V,2026,Yes,,Y,Trevor Brigden,2025-07-09
369389,Nate Lavender,HOU,Houston Astros,reserve,p,1.183,3rd,,,,N,Nate Lavender,2026-07-10
404108,Jackson Kowar,HOU,Houston Astros,reserve,p,0.910,2nd,,,,N,Jackson Kowar,2024-02-19
12283,Bryce Hubbart,HOU,Houston Astros,reserve,p,0.700,XXX,,,,N,Bryce Hubbart,2024-02-19
236875,Luis Morales,HOU,Houston Astros,reserve,p,0.700,XXX,,,,N,Luis Morales,2024-03-17
420198,Joe Whitman,HOU,Houston Astros,reserve,p,0.700,XXX,,,,N,Joe Whitman,2024-02-19
291605,Alonzo Tredwell,HOU,Houston Astros,reserve,p,0.700,XXX,,,,N,Alonzo Tredwell,2024-02-19
416048,Greg Farone,HOU,Houston Astros,reserve,p,0.700,XXX,,,,N,Greg Farone,2025-02-09
258567,Patrick Forbes,HOU,Houston Astros,reserve,p,0.700,XXX,,,,N,Patrick Forbes,2026-02-06
299854,Landon Harmon,HOU,Houston Astros,reserve,p,0.700,XXX,,,,N,Landon Harmon,2026-02-06
467408,Joey Oakie,HOU,Houston Astros,reserve,p,0.700,XXX,,,,N,Joey Oakie,2025-02-09
269608,Dylan Jordan,HOU,Houston Astros,reserve,p,0.700,XXX,,,Y,N,Dylan Jordan,2026-03-13
70389,Hagen Smith,HOU,Houston Astros,reserve,p,0.700,XXX,,,,N,Hagen Smith,2025-02-09
453830,Blade Tidwell,HOU,Houston Astros,reserve,p,0.700,XXX,,,,N,Blade Tidwell,2023-03-22
233618,Bryce Meccage,HOU,Houston Astros,reserve,p,0.700,XXX,,,,N,Bryce Meccage,2025-02-09
349455,Kiefer Lord,HOU,Houston Astros,reserve,p,0.700,XXX,,,,N,Kiefer Lord,2024-02-19
460567,Johnny Slawinski,HOU,Houston Astros,reserve,p,0.700,XXX,,,,N,Johnny Slawinski,2026-02-06
396627,Emerson Hancock,HOU,Houston Astros,reserve,p,0.700,XXX,,,,N,Emerson Hancock,2023-03-22
333761,Tyler Bremner,HOU,Houston Astros,reserve,p,0.700,XXX,,,,N,Tyler Bremner,2026-02-06
301043,Ryan Jeffers,KC,Kansas City Royals,active,c,4.829,5th,,,,Y,Ryan Jeffers,2026-02-06
456130,Endy Rodríguez,KC,Kansas City Royals,active,c,0.910,2nd,,,,N,Endy Rodriguez,2026-02-06
292346,Rafael Devers,KC,Kansas City Royals,active,if,40.000,V,2029,Yes,,Y,Rafael Devers,2026-02-06
426453,Zach McKinstry,KC,Kansas City Royals,active,if,6.000,V,2027,Yes,Y,Y,Zach McKinstry,2026-04-04
419,Owen Miller,KC,Kansas City Royals,active,if,1.911,V,2026,Yes,,Y,Owen Miller,2026-02-06
204937,CJ Abrams,KC,Kansas City Royals,active,if,1.684,3rd,,,,N,CJ Abrams,2026-02-06
507659,Daniel Schneemann,KC,Kansas City Royals,active,if,1.500,V,2026,,,Y,Daniel Schneemann,2026-03-13
224526,Pavin Smith,KC,Kansas City Royals,active,if,1.085,2nd,,,,N,Pavin Smith,2026-07-10
216136,Bryan Reynolds,KC,Kansas City Royals,active,of,7.000,V,2028,Yes,Y,Y,Bryan Reynolds,2026-04-04
293212,John Rave,KC,Kansas City Royals,active,of,3.700,V,2027,Yes,Y,Y,John Rave,2026-04-04
476736,Jesús Sánchez,KC,Kansas City Royals,active,of,2.733,4th,,,,Y,Jesus Sanchez,2026-02-06
291718,DaShawn Keirsey,KC,Kansas City Royals,active,of,2.020,V,2026,Yes,,Y,DaShawn Keirsey Jr.,2026-02-06
309584,Jordan Walker,KC,Kansas City Royals,active,of,1.411,3rd,,,,N,Jordan Walker,2026-02-06
162499,Brandon Woodruff,KC,Kansas City Royals,active,p,30.751,V,2026,Yes,,Y,Brandon Woodruff,2026-02-06
451288,Eduard Bazardo,KC,Kansas City Royals,active,p,6.666,V,2027,Yes,,Y,Eduard Bazardo,2026-02-06
377374,Mason Englert,KC,Kansas City Royals,active,p,4.100,V,2028,Yes,Y,Y,Mason Englert,2026-04-04
314402,Tanner Bibee,KC,Kansas City Royals,active,p,2.279,3rd,,,,N,Tanner Bibee,2026-02-06
255412,Brenan Hanifee,KC,Kansas City Royals,active,p,2.222,V,2027,,,Y,Brenan Hanifee,2026-02-06
360906,Hunter Gaddis,KC,Kansas City Royals,active,p,2.222,V,2027,Yes,,Y,Hunter Gaddis,2026-02-06
417096,DL Hall,KC,Kansas City Royals,active,p,1.911,3rd,,,,N,DL Hall,2026-02-06
222915,Calvin Faucher,KC,Kansas City Royals,active,p,1.911,V,2026,,,Y,Calvin Faucher,2026-02-06
144161,José Suarez,KC,Kansas City Royals,active,p,1.411,3rd,,,,N,Jose Suarez,2026-02-06
49195,JoJo Romero,KC,Kansas City Royals,active,p,1.411,3rd,,,,N,JoJo Romero,2026-02-06
24603,Josh Winder,KC,Kansas City Royals,active,p,1.411,3rd,,,,N,Josh Winder,2026-02-06
21960,Ryne Nelson,KC,Kansas City Royals,active,p,1.085,2nd,,,,N,Ryne Nelson,2026-02-06
361966,Angel Zerpa,KC,Kansas City Royals,active,p,0.700,XXX,,,,N,Angel Zerpa,2026-07-10
170197,Ethan Anderson,KC,Kansas City Royals,reserve,c,0.700,XXX,,,,N,Ethan Anderson,2025-02-09
81576,Jeferson Quero,KC,Kansas City Royals,reserve,c,0.700,XXX,,,,N,Jeferson Quero,2025-02-09
120685,Bryan Ramos,KC,Kansas City Royals,reserve,if,0.700,XXX,,,,N,Bryan Ramos,2025-02-09
221274,Blake Burke,KC,Kansas City Royals,reserve,if,0.700,XXX,,,,N,Blake Burke,2025-02-09
366657,Adrian Santana,KC,Kansas City Royals,reserve,if,0.700,XXX,,,,N,Adrian Santana (2005),2025-02-09
406738,Jhonkensy Noel,KC,Kansas City Royals,reserve,if,0.700,XXX,,,,N,Jhonkensy Noel,2025-07-09
349503,Ian Lewis,KC,Kansas City Royals,reserve,if,0.700,XXX,,,,N,Ian Lewis,2025-02-09
298549,Marcelo Mayer,KC,Kansas City Royals,reserve,if,0.700,XXX,,,,N,Marcelo Mayer,2025-02-09
130614,Starlyn Caba,KC,Kansas City Royals,reserve,if,0.700,XXX,,,,N,Starlyn Caba,2025-04-11
111682,Kellon Lindsey,KC,Kansas City Royals,reserve,if,0.700,XXX,,,,N,Kellon Lindsey,2025-02-09
373723,Cobb Hightower,KC,Kansas City Royals,reserve,if,0.700,XXX,,,,N,Cobb Hightower,2026-02-06
319204,Kayson Cunningham,KC,Kansas City Royals,reserve,if,0.700,XXX,,,,N,Kayson Cunningham,2026-02-06
264546,Bryce Rainer,KC,Kansas City Royals,reserve,if,0.700,XXX,,,,N,Bryce Rainer,2025-02-09
11408,Derek Curiel,KC,Kansas City Royals,reserve,of,0.700,XXX,,,Y,,"Curiel, Derek",2026-07-28
509353,Miguel Bleis,KC,Kansas City Royals,reserve,of,0.700,XXX,,,,N,Miguel Bleis,2025-02-09
182070,Charles Davalan,KC,Kansas City Royals,reserve,of,0.700,XXX,,,,N,Charles Davalan,2026-02-06
201106,Emmanuel Rodriguez,KC,Kansas City Royals,reserve,of,0.700,XXX,,,,N,Emmanuel Rodriguez,2025-02-09
13274,Logan Hughes,KC,Kansas City Royals,reserve,of,0.700,XXX,,,Y,,"Hughes, Logan",2026-07-28
123190,Nick Morabito,KC,Kansas City Royals,reserve,of,0.700,XXX,,,,N,Nick Morabito,2025-02-09
477796,Brayan Buelvas,KC,Kansas City Royals,reserve,of,0.700,XXX,,,,N,Brayan Buelvas,2025-02-09
28872,Sean Sullivan,KC,Kansas City Royals,reserve,p,0.700,XXX,,,,N,Sean Sullivan,2025-02-09
403706,Kendry Rojas,KC,Kansas City Royals,reserve,p,0.700,XXX,,,,N,Kendry Rojas,2025-02-09
34001,JD Thompson,KC,Kansas City Royals,reserve,p,0.700,XXX,,,,N,JD Thompson,2026-02-06
75577,Cade Kuehler,KC,Kansas City Royals,reserve,p,0.700,XXX,,,,N,Cade Kuehler,2025-02-09
152070,Frank Cairone,KC,Kansas City Royals,reserve,p,0.700,XXX,,,,N,Frank Cairone,2026-02-06
201452,Michael Arias,KC,Kansas City Royals,reserve,p,0.700,XXX,,,,N,Michael Arias,2025-02-09
466088,Drue Hackenberg,KC,Kansas City Royals,reserve,p,0.700,XXX,,,,N,Drue Hackenberg,2025-02-09
484582,Andry Lara,KC,Kansas City Royals,reserve,p,0.700,XXX,,,,N,Andry Lara,2025-02-09
228777,Payton Tolle,KC,Kansas City Royals,reserve,p,0.700,XXX,,,,N,Payton Tolle,2025-02-09
386138,Ethan Schiefelbein,KC,Kansas City Royals,reserve,p,0.700,XXX,,,,N,Ethan Schiefelbein,2026-02-06
319118,Alex Santos,KC,Kansas City Royals,reserve,p,0.700,XXX,,,,N,Alex Santos,2025-02-09
140283,Ryan Johnson,KC,Kansas City Royals,reserve,p,0.700,XXX,,,Y,N,Ryan C. Johnson,2026-03-13
287719,Ethan Pecko,KC,Kansas City Royals,reserve,p,0.700,XXX,,,Y,N,Ethan Pecko,2026-03-24
399067,Chase Dollander,KC,Kansas City Royals,reserve,p,0.700,XXX,,,,N,Chase Dollander,2025-02-09
327580,Yilber Díaz,KC,Kansas City Royals,reserve,p,0.700,1st,,,,N,Yilber Diaz,2026-02-06
517342,Blake Bryant,KC,Kansas City Royals,reserve,p,0.700,XXX,,,Y,,"Bryant, Blake",2026-08-05
439376,Malachi Witherspoon,KC,Kansas City Royals,reserve,p,0.700,XXX,,,,N,Malachi Witherspoon,2026-02-06
133667,Tom Murphy,LAA,Los Angeles Angels,active,c,5.750,6th,,,,Y,Tom Murphy,2026-02-06
235673,Reese McGuire,LAA,Los Angeles Angels,active,c,1.900,V,2026,,,Y,Reese McGuire,2026-02-06
410409,Michael Busch,LAA,Los Angeles Angels,active,if,3.080,4th,,,,Y,Michael Busch,2026-02-06
48302,Joey Ortiz,LAA,Los Angeles Angels,active,if,2.007,3rd,,,,N,Joey Ortiz,2026-03-24
152227,Xavier Edwards,LAA,Los Angeles Angels,active,if,1.183,3rd,,,,N,Xavier Edwards,2026-02-06
58088,Blaze Alexander,LAA,Los Angeles Angels,active,if,0.910,2nd,,,,N,Blaze Alexander,2026-04-11
8734,José Rodriguez,LAA,Los Angeles Angels,active,if,0.700,1st,,,,N,Jose A. Rodriguez,2026-07-10
339193,Enmanuel Valdez,LAA,Los Angeles Angels,active,if,0.700,1st,,,,N,Enmanuel Valdez,2026-07-10
441952,Kyle Tucker,LAA,Los Angeles Angels,active,of,36.000,V,2031,,Y,Y,Kyle Tucker,2026-04-11
349281,Manuel Margot,LAA,Los Angeles Angels,active,of,9.250,V,2026,,,Y,Manuel Margot,2026-02-06
17107,Wyatt Langford,LAA,Los Angeles Angels,active,of,3.087,3rd,,,,N,Wyatt Langford,2026-02-06
499740,Jordan Beck,LAA,Los Angeles Angels,active,of,0.700,XXX,,,,N,Jordan Beck,2026-04-11
311587,Carson Benge,LAA,Los Angeles Angels,active,of,0.700,XXX,,,,N,Carson Benge,2026-04-11
79063,Shohei Ohtani,LAA,Los Angeles Angels,active,p,63.000,V,2031,,Y,Y,Shohei Ohtani,2026-04-11
143333,Robbie Ray,LAA,Los Angeles Angels,active,p,20.000,V,2028,,Y,Y,Robbie Ray,2026-04-04
324200,Joe Musgrove,LAA,Los Angeles Angels,active,p,16.000,V,2026,,,Y,Joe Musgrove,2026-02-06
174781,Kyle Finnegan,LAA,Los Angeles Angels,active,p,6.500,V,2028,Yes,Y,Y,Kyle Finnegan,2026-04-04
41647,Griffin Canning,LAA,Los Angeles Angels,active,p,3.117,5th,,,,Y,Griffin Canning,2026-02-06
306434,Steven Matz,LAA,Los Angeles Angels,active,p,3.000,V,2027,,Y,Y,Steven Matz,2026-04-04
129759,Wandy Peralta,LAA,Los Angeles Angels,active,p,3.000,V,2027,,Y,Y,Wandy Peralta,2026-04-04
205987,Bryce Elder,LAA,Los Angeles Angels,active,p,3.000,V,2027,Yes,Y,Y,Bryce Elder,2026-04-04
497794,Keegan Akin,LAA,Los Angeles Angels,active,p,2.368,4th,,,,Y,Keegan Akin,2026-02-06
416165,Hunter Harvey,LAA,Los Angeles Angels,active,p,1.867,4th,,,,Y,Hunter Harvey,2026-02-06
172472,Andrew Abbott,LAA,Los Angeles Angels,active,p,1.411,3rd,,,,N,Andrew Abbott,2026-02-06
98020,John Schreiber,LAA,Los Angeles Angels,active,p,1.400,V,2026,Yes,,Y,John Schreiber,2026-04-11
147191,Edwin Uceta,LAA,Los Angeles Angels,active,p,0.910,2nd,,,,N,Edwin Uceta,2026-02-06
190029,Rainiel Rodriguez,LAA,Los Angeles Angels,reserve,c,0.700,XXX,,,,N,Rainiel Rodriguez,2026-02-06
436996,Samuel Basallo,LAA,Los Angeles Angels,reserve,c,0.700,XXX,,,,N,Samuel Basallo,2024-02-19
245560,Diego Cartaya,LAA,Los Angeles Angels,reserve,c,0.700,XXX,,,,N,Diego Cartaya,2023-03-22
352528,Ivan Melendez,LAA,Los Angeles Angels,reserve,if,0.910,2nd,,,,N,Ivan Melendez,2025-02-09
240409,Joendry Vargas,LAA,Los Angeles Angels,reserve,if,0.700,XXX,,,,N,Joendry Vargas,2024-03-17
352794,Jose Perdomo,LAA,Los Angeles Angels,reserve,if,0.700,XXX,,,,N,Jose Perdomo,2026-02-06
126268,Angel Genao,LAA,Los Angeles Angels,reserve,if,0.700,XXX,,,,N,Angel Genao,2025-02-09
517328,Jacob Lombard,LAA,Los Angeles Angels,reserve,if,0.700,XXX,,,Y,,"Lombard, Jacob",2026-07-28
335739,Jake Gelof,LAA,Los Angeles Angels,reserve,if,0.700,XXX,,,,N,Jake Gelof,2024-02-19
246308,Gavin Fien,LAA,Los Angeles Angels,reserve,if,0.700,XXX,,,,N,Gavin Fien,2026-02-06
337620,Darell Morel,LAA,Los Angeles Angels,reserve,if,0.700,XXX,,,Y,N,Darell Morel,2026-03-24
517094,Abimelec Ortiz,LAA,Los Angeles Angels,reserve,if,0.700,XXX,,,,N,Abimelec Ortiz,2024-02-19
365854,Austin Hendrick,LAA,Los Angeles Angels,reserve,of,0.700,XXX,,,,N,Austin Hendrick,2023-03-22
89252,Maykel Coret,LAA,Los Angeles Angels,reserve,of,0.700,XXX,,,Y,N,Maykel Coret,2026-03-13
12235,Noah Franco,LAA,Los Angeles Angels,reserve,of,0.700,XXX,,,,N,Noah Franco,2025-02-09
133372,Brennen Davis,LAA,Los Angeles Angels,reserve,of,0.700,XXX,,,,N,Brennen Davis,2023-03-22
424739,Matt Fraizer,LAA,Los Angeles Angels,reserve,of,0.700,XXX,,,,N,Matt Fraizer,2023-03-22
113481,Carlos De La Cruz,LAA,Los Angeles Angels,reserve,of,0.700,XXX,,,,N,Carlos De La Cruz,2024-02-19
118116,Beau Brieske,LAA,Los Angeles Angels,reserve,p,3.000,V,2026,Yes,,Y,Beau Brieske,2026-07-10
49609,Adam Ottavino,LAA,Los Angeles Angels,reserve,p,1.900,V,2026,,,Y,Adam Ottavino,2026-07-10
356527,Trevor Williams,LAA,Los Angeles Angels,reserve,p,1.710,V,2026,Yes,,Y,Trevor Williams,2026-02-06
448870,Richard Fitts,LAA,Los Angeles Angels,reserve,p,0.700,XXX,,,,N,Richard Fitts,2024-02-19
374369,AJ Russell,LAA,Los Angeles Angels,reserve,p,0.700,XXX,,,,N,AJ Russell,2026-02-06
273320,Will Bednar,LAA,Los Angeles Angels,reserve,p,0.700,XXX,,,,N,Will Bednar,2024-07-12
242791,Noble Meyer,LAA,Los Angeles Angels,reserve,p,0.700,XXX,,,,N,Noble Meyer,2024-02-19
76073,Jackson Rutledge,LAA,Los Angeles Angels,reserve,p,0.700,XXX,,,,N,Jackson Rutledge,2023-03-22
236576,River Hamilton,LAA,Los Angeles Angels,reserve,p,0.700,XXX,,,,N,River Hamilton,2026-02-06
363022,Andrew Dutkanych,LAA,Los Angeles Angels,reserve,p,0.700,XXX,,,,N,Andrew Dutkanych,2023-03-22
167709,Patrick Bailey,LAD,Los Angeles Dodgers,active,c,2.279,3rd,,,,N,Patrick Bailey,2026-02-06
76226,Dalton Rushing,LAD,Los Angeles Dodgers,active,c,0.700,XXX,,,,N,Dalton Rushing,2026-04-04
333303,Vladimir Guerrero,LAD,Los Angeles Dodgers,active,if,48.000,V,2032,,Y,Y,Vladimir Guerrero Jr.,2026-04-11
472383,Bo Bichette,LAD,Los Angeles Dodgers,active,if,16.653,CE,2026,,,Y,Bo Bichette,2024-03-17
219743,Jeremy Peña,LAD,Los Angeles Dodgers,active,if,16.177,CE,2028,,Y,Y,Jeremy Pena,2026-04-04
450577,Matt Shaw,LAD,Los Angeles Dodgers,active,if,0.700,XXX,,,,N,Matt Shaw,2026-04-04
247549,Chase Strumpf,LAD,Los Angeles Dodgers,active,if,0.700,1st,,,,N,Chase Strumpf,2026-02-06
136845,Connor Norby,LAD,Los Angeles Dodgers,active,if,0.700,XXX,,,,N,Connor Norby,2026-04-04
463853,Taylor Ward,LAD,Los Angeles Dodgers,active,of,16.000,V,2026,,,Y,Taylor Ward,2026-03-13
206437,Brent Rooker,LAD,Los Angeles Dodgers,active,of,6.000,V,2026,,,Y,Brent Rooker,2026-02-06
290962,Jarren Duran,LAD,Los Angeles Dodgers,active,of,3.381,5th,,,,Y,Jarren Duran,2026-02-06
145619,Matt Wallner,LAD,Los Angeles Dodgers,active,of,1.183,3rd,,,,N,Matt Wallner,2026-02-06
171900,Jonny DeLuca,LAD,Los Angeles Dodgers,active,of,0.910,2nd,,,,N,Jonny DeLuca,2026-02-06
269913,Tatsuya Imai,LAD,Los Angeles Dodgers,active,p,48.000,V,2029,Yes,Y,Y,Tatsuya Imai,2026-04-04
21478,Logan Gilbert,LAD,Los Angeles Dodgers,active,p,16.679,CE,2028,,Y,Y,Logan Gilbert,2026-04-04
96510,Andrew Kittredge,LAD,Los Angeles Dodgers,active,p,6.260,V,2027,,Y,Y,Andrew Kittredge,2026-04-04
149069,George Kirby,LAD,Los Angeles Dodgers,active,p,5.290,4th,,,,Y,George Kirby,2026-02-06
85456,Caleb Thielbar,LAD,Los Angeles Dodgers,active,p,3.999,V,2027,,Y,Y,Caleb Thielbar,2026-04-04
329538,Jared Koenig,LAD,Los Angeles Dodgers,active,p,3.003,V,2026,,,Y,Jared Koenig,2026-02-06
468201,Ryan Burr,LAD,Los Angeles Dodgers,active,p,2.444,V,2027,,Y,Y,Ryan Burr,2026-04-04
435306,Michael Wacha,LAD,Los Angeles Dodgers,active,p,2.222,V,2027,,Y,Y,Michael Wacha,2026-04-04
234486,Ryan Thompson,LAD,Los Angeles Dodgers,active,p,1.999,V,2026,,,Y,Ryan Thompson,2026-02-06
98742,Kumar Rocker,LAD,Los Angeles Dodgers,active,p,0.700,XXX,,,,N,Kumar Rocker,2026-07-10
224269,Joey Cantillo,LAD,Los Angeles Dodgers,active,p,0.700,XXX,,,,N,Joey Cantillo,2026-04-04
186884,Jordan Wicks,LAD,Los Angeles Dodgers,active,p,0.700,XXX,,,,N,Jordan Wicks,2026-04-04
360160,Ben Casparius,LAD,Los Angeles Dodgers,active,p,0.700,XXX,,,,N,Ben Casparius,2026-07-10
83299,Cole Carrigg,LAD,Los Angeles Dodgers,reserve,c,0.700,XXX,,,,N,Cole Carrigg,2024-02-19
92497,Ike Irish,LAD,Los Angeles Dodgers,reserve,c,0.700,XXX,,,,N,Ike Irish,2026-02-06
57158,Victor Vodnik,LAD,Los Angeles Dodgers,reserve,if,7.000,V,2028,Yes,Y,Y,Victor Vodnik,2026-07-10
248501,Keiner Delgado,LAD,Los Angeles Dodgers,reserve,if,0.700,XXX,,,,N,Keiner Delgado,2024-02-19
474332,Haydn McGeary,LAD,Los Angeles Dodgers,reserve,if,0.700,XXX,,,,N,Haydn McGeary,2024-02-19
285525,Luke Dickerson,LAD,Los Angeles Dodgers,reserve,if,0.700,XXX,,,,N,Luke Dickerson,2025-02-09
330562,Tate Southisene,LAD,Los Angeles Dodgers,reserve,if,0.700,XXX,,,,N,Tate Southisene,2026-02-06
426567,Kyle DeBarge,LAD,Los Angeles Dodgers,reserve,if,0.700,XXX,,,,N,Kyle DeBarge,2025-02-09
485882,Kaelen Culpepper,LAD,Los Angeles Dodgers,reserve,if,0.700,XXX,,,,N,Kaelen Culpepper,2025-02-09
132191,Seaver King,LAD,Los Angeles Dodgers,reserve,if,0.700,XXX,,,,N,Seaver King,2025-02-09
294615,Jorbit Vivas,LAD,Los Angeles Dodgers,reserve,if,0.700,XXX,,,,N,Jorbit Vivas,2023-08-13
270911,Jake Schaffner,LAD,Los Angeles Dodgers,reserve,if,0.700,XXX,,,Y,,"Schaffner, Jake",2026-08-03
390827,Cayden Wallace,LAD,Los Angeles Dodgers,reserve,if,0.700,XXX,,,,N,Cayden Wallace,2023-03-22
140309,Jorge Barrosa,LAD,Los Angeles Dodgers,reserve,of,0.700,XXX,,,,N,Jorge Barrosa,2023-03-22
449968,Henry Ford,LAD,Los Angeles Dodgers,reserve,of,0.700,XXX,,,,N,Henry Ford,2026-02-06
381027,Jaden Fauske,LAD,Los Angeles Dodgers,reserve,of,0.700,XXX,,,,N,Jaden Fauske,2026-02-06
254338,Zion Rose,LAD,Los Angeles Dodgers,reserve,of,0.700,XXX,,,Y,,"Rose, Zion",2026-07-28
332228,Jacob Melton,LAD,Los Angeles Dodgers,reserve,of,0.700,XXX,,,,N,Jacob Melton,2023-03-22
28505,Tyler Whitaker,LAD,Los Angeles Dodgers,reserve,of,0.700,XXX,,,,N,Tyler Whitaker,2023-03-22
251608,Reed Trimble,LAD,Los Angeles Dodgers,reserve,of,0.700,XXX,,,,N,Reed Trimble,2023-03-22
300748,Justin Lawrence,LAD,Los Angeles Dodgers,reserve,p,5.000,V,2027,Yes,Y,Y,Justin Lawrence,2026-07-10
296670,Tomoyuki Sugano,LAD,Los Angeles Dodgers,reserve,p,2.225,V,2026,,,Y,Tomoyuki Sugano,2026-07-10
496294,Anthony Eyanson,LAD,Los Angeles Dodgers,reserve,p,0.700,XXX,,,,N,Anthony Eyanson,2026-02-06
332036,Chase Shores,LAD,Los Angeles Dodgers,reserve,p,0.700,XXX,,,,N,Chase Shores,2023-03-22
487326,AJ Blubaugh,LAD,Los Angeles Dodgers,reserve,p,0.700,XXX,,,,N,A.J. Blubaugh,2026-02-06
436610,Kyle Harrison,LAD,Los Angeles Dodgers,reserve,p,0.700,XXX,,,,N,Kyle Harrison,2023-03-22
235101,Zach Thornton,LAD,Los Angeles Dodgers,reserve,p,0.700,XXX,,,Y,N,Zach Thornton,2026-03-13
347682,Jhancarlos Lara,LAD,Los Angeles Dodgers,reserve,p,0.700,XXX,,,,N,Jhancarlos Lara,2025-02-09
470107,Jorge Marcheco,LAD,Los Angeles Dodgers,reserve,p,0.700,XXX,,,,N,Jorge Marcheco,2024-02-19
297797,Hayden Birdsong,LAD,Los Angeles Dodgers,reserve,p,0.700,XXX,,,,N,Hayden Birdsong,2024-03-17
170481,Lucas Braun,LAD,Los Angeles Dodgers,reserve,p,0.700,XXX,,,Y,N,Lucas Braun,2026-03-13
9790,Brailyn Márquez,LAD,Los Angeles Dodgers,reserve,p,0.700,XXX,,,,N,Brailyn Marquez,2023-03-22
395561,Khal Stephen,LAD,Los Angeles Dodgers,reserve,p,0.700,XXX,,,,N,Khal Stephen,2025-02-09
416972,Tyler Heineman,MIA,Miami Marlins,active,c,4.800,V,2027,Yes,Y,Y,Tyler Heineman,2026-04-04
265998,Christian Vázquez,MIA,Miami Marlins,active,c,3.000,V,2026,,,Y,Christian Vazquez,2026-03-13
39386,Luis Arráez,MIA,Miami Marlins,active,if,10.000,V,2029,Yes,Y,Y,Luis Arraez,2026-04-04
405680,Javier Báez,MIA,Miami Marlins,active,if,7.000,V,2028,Yes,Y,Y,Javier Baez,2026-04-04
359845,Josh Rojas,MIA,Miami Marlins,active,if,3.500,V,2026,Yes,,Y,Josh Rojas,2026-02-06
392276,Jonathan Aranda,MIA,Miami Marlins,active,if,2.007,3rd,,,,N,Jonathan Aranda,2026-02-06
1600,Davis Schneider,MIA,Miami Marlins,active,if,1.684,3rd,,,,N,Davis Schneider,2026-02-06
11759,Kristian Campbell,MIA,Miami Marlins,active,if,0.910,2nd,,,,N,Kristian Campbell,2026-02-06
278895,Ben Rice,MIA,Miami Marlins,active,if,0.700,XXX,,,,N,Ben Rice,2026-04-11
331876,TJ Friedl,MIA,Miami Marlins,active,of,12.500,V,2028,Yes,Y,Y,TJ Friedl,2026-04-04
74352,Cedric Mullins,MIA,Miami Marlins,active,of,9.625,CE,2027,,,Y,Cedric Mullins,2025-03-31
446073,Kerry Carpenter,MIA,Miami Marlins,active,of,1.867,4th,,,,Y,Kerry Carpenter,2026-02-06
28868,Daylen Lile,MIA,Miami Marlins,active,of,0.700,XXX,,,Y,N,Daylen Lile,2026-04-11
190535,Jakob Marsee,MIA,Miami Marlins,active,of,0.700,XXX,,,,N,Jakob Marsee,2026-04-24
330937,Nathan Eovaldi,MIA,Miami Marlins,active,p,45.000,V,2027,Yes,Y,Y,Nathan Eovaldi,2026-04-04
423360,Gerrit Cole,MIA,Miami Marlins,active,p,36.000,V,2027,,,Y,Gerrit Cole,2024-03-17
13144,Clay Holmes,MIA,Miami Marlins,active,p,8.000,V,2026,,,Y,Clay Holmes,2026-03-13
195508,Robert Stephenson,MIA,Miami Marlins,active,p,4.500,V,2026,Yes,,Y,Robert Stephenson,2026-02-06
12252,Jon Gray,MIA,Miami Marlins,active,p,4.500,V,2026,Yes,,Y,Jon Gray,2026-02-06
228506,Seranthony Domínguez,MIA,Miami Marlins,active,p,4.000,V,2026,,,Y,Seranthony Dominguez,2026-02-06
116396,Gabe Speier,MIA,Miami Marlins,active,p,3.812,V,2026,Yes,,Y,Gabe Speier,2025-02-09
194100,Aaron Civale,MIA,Miami Marlins,active,p,2.368,4th,,,,Y,Aaron Civale,2026-02-06
129861,Louis Varland,MIA,Miami Marlins,active,p,2.095,4th,,,,Y,Louis Varland,2026-02-06
15120,Brock Burke,MIA,Miami Marlins,active,p,1.784,4th,,,,Y,Brock Burke,2026-02-06
3726,Jakob Junis,MIA,Miami Marlins,active,p,1.614,4th,,,,Y,Jakob Junis,2026-02-06
183728,Jacob Lopez,MIA,Miami Marlins,active,p,0.910,2nd,,,,N,Jacob Lopez,2026-04-11
349296,Caden Bodine,MIA,Miami Marlins,reserve,c,0.700,XXX,,,,N,Caden Bodine,2026-02-06
509103,Malcolm Moore,MIA,Miami Marlins,reserve,c,0.700,XXX,,,,N,Malcolm Moore,2025-03-20
290650,Edouard Julien,MIA,Miami Marlins,reserve,if,1.911,3rd,,,,N,Edouard Julien,2026-04-24
455152,Andy Ibáñez,MIA,Miami Marlins,reserve,if,1.183,3rd,,,,N,Andy Ibanez,2023-03-22
433198,Jesús Made,MIA,Miami Marlins,reserve,if,0.700,XXX,,,,N,Jesus Made,2026-02-06
244718,Colin Yeaman,MIA,Miami Marlins,reserve,if,0.700,XXX,,,,N,Colin Yeaman,2026-02-06
80414,Aron Estrada,MIA,Miami Marlins,reserve,if,0.700,XXX,,,,N,Aron Estrada,2026-02-06
448904,Jonathon Long,MIA,Miami Marlins,reserve,if,0.700,XXX,,,,N,Jonathon Long,2026-02-06
428249,Jordan Diaz,MIA,Miami Marlins,reserve,if,0.700,XXX,,,,N,Jordan Diaz,2023-03-22
57300,César Prieto,MIA,Miami Marlins,reserve,if,0.700,XXX,,,,N,Cesar Prieto,2024-02-19
423398,Derek Hill,MIA,Miami Marlins,reserve,of,1.470,2nd,,,,N,Derek Hill,2026-04-11
56523,Yusniel Díaz,MIA,Miami Marlins,reserve,of,0.910,2nd,,,,N,Yusniel Diaz,2026-02-06
192870,Oscar González,MIA,Miami Marlins,reserve,of,0.910,2nd,,,,N,Oscar Gonzalez,2024-03-17
303860,Blake Dunn,MIA,Miami Marlins,reserve,of,0.700,XXX,,,,N,Blake Dunn,2024-02-19
263310,Anthony García,MIA,Miami Marlins,reserve,of,0.700,1st,,,,N,Anthony Garcia,2023-03-22
115770,Braylin Tavera,MIA,Miami Marlins,reserve,of,0.700,XXX,,,,N,Braylin Tavera,2024-03-17
471718,Nick Schnell,MIA,Miami Marlins,reserve,of,0.700,XXX,,,,N,Nick Schnell,2023-03-22
481391,Tre' Morgan,MIA,Miami Marlins,reserve,of,0.700,XXX,,,,N,Tre' Morgan,2025-02-09
284339,Símon Muzziotti,MIA,Miami Marlins,reserve,of,0.700,1st,,,,N,Simon Muzziotti,2024-03-17
178555,Logan Allen,MIA,Miami Marlins,reserve,p,1.295,2nd,,,,N,Logan T. Allen,2025-04-11
40852,Taylor Dollard,MIA,Miami Marlins,reserve,p,1.295,2nd,,,,N,Taylor Dollard,2024-03-17
58328,Chase Silseth,MIA,Miami Marlins,reserve,p,1.295,2nd,,,,N,Chase Silseth,2024-03-17
15196,Drew Rom,MIA,Miami Marlins,reserve,p,0.910,2nd,,,,N,Drew Rom,2024-03-17
186083,Enyel De Los Santos,MIA,Miami Marlins,reserve,p,0.910,2nd,,,,N,Enyel De Los Santos,2025-07-09
463885,Conrad Cason,MIA,Miami Marlins,reserve,p,0.700,XXX,,,,N,Conrad Cason,2025-03-20
217306,Caden Hunter,MIA,Miami Marlins,reserve,p,0.700,XXX,,,Y,,"Hunter, Caden",2026-08-03
448478,Jack Perkins,MIA,Miami Marlins,reserve,p,0.700,XXX,,,,N,Jack Perkins,2026-02-06
328618,Brandyn Garcia,MIA,Miami Marlins,reserve,p,0.700,XXX,,,,N,Brandyn Garcia,2025-02-09
486691,Griffin Herring,MIA,Miami Marlins,reserve,p,0.700,XXX,,,,N,Griffin Herring,2026-04-04
401541,Sandy Gaston,MIA,Miami Marlins,reserve,p,0.700,XXX,,,,N,Sandy Gaston,2023-03-22
374701,Chayce McDermott,MIA,Miami Marlins,reserve,p,0.700,XXX,,,,N,Chayce McDermott,2024-02-19
242965,Cade Townsend,MIA,Miami Marlins,reserve,p,0.700,XXX,,,Y,,"Townsend, Cade",2026-07-28
231300,Liam Doyle,MIA,Miami Marlins,reserve,p,0.700,XXX,,,,N,Liam Doyle,2026-02-06
373127,Trey Gibson,MIA,Miami Marlins,reserve,p,0.700,XXX,,,,N,Trey Gibson,2026-02-06
393032,Luinder Avila,MIA,Miami Marlins,reserve,p,0.700,XXX,,,Y,N,Luinder Avila,2026-03-13
217605,Tyler Stephenson,MIL,Milwaukee Brewers,active,c,8.167,CE,2028,,Y,Y,Tyler Stephenson,2026-04-04
181516,Freddy Fermin,MIL,Milwaukee Brewers,active,c,5.021,V,2026,Yes,,,"Fermin, Freddy",2026-08-05
103571,Carlos Correa,MIL,Milwaukee Brewers,active,if,30.600,V,2029,,,Y,Carlos Correa,2025-09-01
64505,David Hamilton,MIL,Milwaukee Brewers,active,if,2.552,V,2029,,Y,Y,David Hamilton,2026-04-11
450059,Brooks Baldwin,MIL,Milwaukee Brewers,active,if,2.222,V,2027,Yes,Y,,"Baldwin, Brooks",2026-08-05
251338,Max Schuemann,MIL,Milwaukee Brewers,active,if,2.222,V,2028,Yes,Y,Y,Max Schuemann,2026-04-11
49515,Mark Vientos,MIL,Milwaukee Brewers,active,if,1.867,4th,,,,Y,Mark Vientos,2026-02-06
242906,Willi Castro,MIL,Milwaukee Brewers,active,if,1.684,3rd,,,,N,Willi Castro,2026-02-06
69534,Anthony Santander,MIL,Milwaukee Brewers,active,of,23.232,V,2029,Yes,,Y,Anthony Santander,2026-02-06
226626,Jake Meyers,MIL,Milwaukee Brewers,active,of,8.501,V,2028,Yes,Y,Y,Jake Meyers,2026-04-04
412445,Leody Taveras,MIL,Milwaukee Brewers,active,of,2.222,V,2028,,Y,Y,Leody Taveras,2026-04-11
61372,Addison Barger,MIL,Milwaukee Brewers,active,of,1.867,4th,,,,Y,Addison Barger,2026-03-24
393651,JJ Bleday,MIL,Milwaukee Brewers,active,of,1.183,3rd,,,,N,JJ Bleday,2026-02-06
58834,Pablo López,MIL,Milwaukee Brewers,active,p,22.970,V,2030,Yes,Y,Y,Pablo Lopez,2026-04-04
480153,Sean Manaea,MIL,Milwaukee Brewers,active,p,11.111,V,2027,,Y,Y,Sean Manaea,2026-04-24
275021,Tylor Megill,MIL,Milwaukee Brewers,active,p,7.500,V,2028,Yes,Y,Y,Tylor Megill,2026-04-04
99865,Jake Bird,MIL,Milwaukee Brewers,active,p,5.001,V,2028,,Y,Y,Jake Bird,2026-04-11
392116,Kevin Ginkel,MIL,Milwaukee Brewers,active,p,3.469,CE,2028,,Y,Y,Kevin Ginkel,2026-04-04
278514,Braxton Bragg,MIL,Milwaukee Brewers,active,p,2.975,V,2030,Yes,Y,Y,Braxton Bragg,2026-07-10
232335,Aaron Ashby,MIL,Milwaukee Brewers,active,p,2.552,V,2028,Yes,,Y,Aaron Ashby,2026-02-06
272780,Robert Gasser,MIL,Milwaukee Brewers,active,p,1.867,4th,,,,Y,Robert Gasser,2026-02-06
31082,Sam Hentges,MIL,Milwaukee Brewers,active,p,1.867,4th,,,,Y,Sam Hentges,2026-02-06
128903,Packy Naughton,MIL,Milwaukee Brewers,active,p,1.400,V,2026,,,Y,Packy Naughton,2026-07-10
352820,Porter Hodge,MIL,Milwaukee Brewers,active,p,0.910,2nd,,,,N,Porter Hodge,2026-02-06
86926,Quinn Priester,MIL,Milwaukee Brewers,active,p,0.700,XXX,,,,N,Quinn Priester,2026-04-14
106471,Troy Melton,MIL,Milwaukee Brewers,active,p,0.700,XXX,,,,N,Troy Melton,2026-04-11
182298,Mickey Gasper,MIL,Milwaukee Brewers,reserve,c,1.911,V,2026,Yes,,,"Gasper, Mickey",2026-08-05
440653,Owen Ayers,MIL,Milwaukee Brewers,reserve,c,0.700,XXX,,,Y,N,Owen Ayers,2026-03-13
82641,Hyeseong Kim,MIL,Milwaukee Brewers,reserve,if,7.000,V,2030,,,,"Kim, Hyeseong",2026-08-05
328280,Kevin Made,MIL,Milwaukee Brewers,reserve,if,0.700,XXX,,,,N,Kevin Made,2025-09-01
316643,Maui Ahuna,MIL,Milwaukee Brewers,reserve,if,0.700,XXX,,,,N,Maui Ahuna,2024-02-19
471580,LuJames Groover,MIL,Milwaukee Brewers,reserve,if,0.700,XXX,,,,N,Gino Groover,2024-02-19
517339,Rocco Maniscalco,MIL,Milwaukee Brewers,reserve,if,0.700,XXX,,,Y,,"Maniscalco, Rocco",2026-08-05
390245,Jack Gurevitch,MIL,Milwaukee Brewers,reserve,if,0.700,XXX,,,,N,Jack Gurevitch,2026-02-06
269558,Henry Godbout,MIL,Milwaukee Brewers,reserve,if,0.700,XXX,,,,N,Henry Godbout,2026-02-06
295624,Xavier Neyens,MIL,Milwaukee Brewers,reserve,if,0.700,XXX,,,,N,Xavier Neyens,2026-02-06
448443,Heston Kjerstad,MIL,Milwaukee Brewers,reserve,of,1.470,2nd,,,,N,Heston Kjerstad,2026-03-24
18662,Kameron Misner,MIL,Milwaukee Brewers,reserve,of,0.910,2nd,,,,N,Kameron Misner,2025-09-01
54446,Andrew Salas,MIL,Milwaukee Brewers,reserve,of,0.700,XXX,,,Y,N,Andrew Salas,2026-03-13
274255,Kemp Alderman,MIL,Milwaukee Brewers,reserve,of,0.700,XXX,,,,N,Kemp Alderman,2024-02-19
66869,Jace Bohrofen,MIL,Milwaukee Brewers,reserve,of,0.700,XXX,,,,N,Jace Bohrofen,2024-07-12
4767,Jonny Farmelo,MIL,Milwaukee Brewers,reserve,of,0.700,XXX,,,,N,Jonny Farmelo,2026-03-24
11292,Conor Essenburg,MIL,Milwaukee Brewers,reserve,of,0.700,XXX,,,,N,Conor Essenburg,2026-02-06
193573,Anthony Kay,MIL,Milwaukee Brewers,reserve,p,3.333,V,2027,Yes,Y,Y,Anthony Kay,2026-07-10
483095,Nick Mears,MIL,Milwaukee Brewers,reserve,p,2.222,V,2027,,Y,Y,Nick Mears,2026-07-10
19308,Samy Natera,MIL,Milwaukee Brewers,reserve,p,2.222,V,2027,Yes,,Y,Samy Natera Jr.,2026-02-06
18589,Hunter Barco,MIL,Milwaukee Brewers,reserve,p,0.700,XXX,,,,N,Hunter Barco,2026-04-04
144728,Jaden Hamm,MIL,Milwaukee Brewers,reserve,p,0.700,XXX,,,,N,Jaden Hamm,2026-03-24
25392,Wen-Hui Pan,MIL,Milwaukee Brewers,reserve,p,0.700,XXX,,,,N,Wen Hui Pan,2025-02-09
148235,Landen Maroudis,MIL,Milwaukee Brewers,reserve,p,0.700,XXX,,,,N,Landen Maroudis,2024-02-19
206179,David Hagaman,MIL,Milwaukee Brewers,reserve,p,0.700,XXX,,,,N,David Hagaman,2026-02-06
44269,Joseph Dzierwa,MIL,Milwaukee Brewers,reserve,p,0.700,XXX,,,,N,Joseph Dzierwa,2026-02-06
412479,Jagger Haynes,MIL,Milwaukee Brewers,reserve,p,0.700,XXX,,,,N,Jagger Haynes,2025-09-01
152852,Thatcher Hurd,MIL,Milwaukee Brewers,reserve,p,0.700,XXX,,,,N,Thatcher Hurd,2023-03-22
481570,Jack Radel,MIL,Milwaukee Brewers,reserve,p,0.700,XXX,,,Y,,"Radel, Jack",2026-07-28
194991,JR Ritchie,MIL,Milwaukee Brewers,reserve,p,0.700,XXX,,,,N,JR Ritchie,2025-09-01
213721,Caedmon Parker,MIL,Milwaukee Brewers,reserve,p,0.700,XXX,,,,N,Caedmon Parker,2023-03-22
234980,Jackson Barberi,MIL,Milwaukee Brewers,reserve,p,0.700,XXX,,,,N,Jackson Barberi,2025-02-09
10942,Matt Wilkinson,MIL,Milwaukee Brewers,reserve,p,0.700,XXX,,,,N,Matt Wilkinson,2026-03-24
1412,Ronan Kopp,MIL,Milwaukee Brewers,reserve,p,0.700,XXX,,,,N,Ronan Kopp,2023-03-22
517337,Jensen Hirschkorn,MIL,Milwaukee Brewers,reserve,p,0.700,XXX,,,Y,,"Hirschkorn, Jensen",2026-08-03
139994,David Matoma,MIL,Milwaukee Brewers,reserve,p,0.700,XXX,,,,N,David Matoma,2025-02-09
12809,Adley Rutschman,MIN,Minnesota Twins,active,c,9.124,CE,2028,,Y,Y,Adley Rutschman,2026-04-04
329837,Gary Sánchez,MIN,Minnesota Twins,active,c,6.000,V,2027,,Y,Y,Gary Sanchez,2026-04-04
469990,Alex Bregman,MIN,Minnesota Twins,active,if,36.500,V,2027,,,,"Bregman, Alex",2026-08-05
17279,Jorge Polanco,MIN,Minnesota Twins,active,if,27.500,V,2027,,Y,Y,Jorge Polanco,2026-04-11
448982,Brett Baty,MIN,Minnesota Twins,active,if,2.095,4th,,,,Y,Brett Baty,2026-02-06
56206,Sung Mun Song,MIN,Minnesota Twins,active,if,1.400,V,,,,,"Song, Sung-Mun",2026-08-03
340017,Nick Loftin,MIN,Minnesota Twins,active,if,0.910,2nd,,,,N,Nick Loftin,2026-02-06
378093,Jacob Wilson,MIN,Minnesota Twins,active,if,0.700,XXX,,,,N,Jacob Wilson,2026-04-11
135397,Colton Cowser,MIN,Minnesota Twins,active,of,1.911,3rd,,,,N,Colton Cowser,2026-04-11
372645,Will Benson,MIN,Minnesota Twins,active,of,1.684,3rd,,,,N,Will Benson,2026-07-10
161027,Tyler Freeman,MIN,Minnesota Twins,active,of,1.183,3rd,,,,N,Tyler Freeman,2026-07-10
45230,Joey Loperfido,MIN,Minnesota Twins,active,of,1.183,3rd,,,,N,Joey Loperfido,2026-04-11
201769,Sterlin Thompson,MIN,Minnesota Twins,active,of,0.700,XXX,,,,,"Thompson, Sterlin",2026-08-05
261307,Kyle Freeland,MIN,Minnesota Twins,active,p,13.000,V,2026,,,Y,Kyle Freeland,2026-04-11
211134,Shelby Miller,MIN,Minnesota Twins,active,p,8.500,V,2027,,Y,Y,Shelby Miller,2026-04-11
302388,Mark Leiter,MIN,Minnesota Twins,active,p,8.000,V,2026,,,Y,Mark Leiter Jr.,2026-04-11
477266,Justin Sterner,MIN,Minnesota Twins,active,p,7.000,V,2026,,,Y,Justin Sterner,2026-04-11
300632,Michael Soroka,MIN,Minnesota Twins,active,p,5.679,CE,2027,,Y,Y,Michael Soroka,2026-04-04
226153,Bennett Sousa,MIN,Minnesota Twins,active,p,5.000,V,2028,,Y,Y,Bennett Sousa,2026-04-04
186957,Hogan Harris,MIN,Minnesota Twins,active,p,4.000,V,2028,,Y,Y,Hogan Harris,2026-04-04
394615,Nick Pivetta,MIN,Minnesota Twins,active,p,1.867,4th,,,,Y,Nick Pivetta,2026-07-10
61454,Drey Jameson,MIN,Minnesota Twins,active,p,1.411,3rd,,,,N,Drey Jameson,2026-02-06
500484,Max Meyer,MIN,Minnesota Twins,active,p,1.183,3rd,,,,N,Max Meyer,2026-02-06
505740,Sean Burke,MIN,Minnesota Twins,active,p,0.910,2nd,,,,N,Sean Burke,2026-02-06
514610,Nolan McLean,MIN,Minnesota Twins,active,p,0.700,XXX,,,,N,Nolan McLean,2026-04-04
159684,Jack Leiter,MIN,Minnesota Twins,active,p,0.700,XXX,,,,N,Jack Leiter,2026-04-04
332862,Tomás Nido,MIN,Minnesota Twins,reserve,c,4.000,V,2027,,Y,,"Nido, Tomas",2026-08-05
141378,Ryder Helfrick,MIN,Minnesota Twins,reserve,c,0.700,XXX,,,Y,,"Helfrick, Ryder",2026-07-28
311977,Jake Bauers,MIN,Minnesota Twins,reserve,if,1.900,V,2026,,,,"Bauers, Jake",2026-08-05
43797,Kale Fountain,MIN,Minnesota Twins,reserve,if,0.700,XXX,,,,N,Kale Fountain,2025-02-09
85205,Mike Boeve,MIN,Minnesota Twins,reserve,if,0.700,XXX,,,,N,Mike Boeve,2024-02-19
106816,Mitch Jebb,MIN,Minnesota Twins,reserve,if,0.700,XXX,,,,N,Mitch Jebb,2024-02-19
347228,Murf Gray,MIN,Minnesota Twins,reserve,if,0.700,XXX,,,,N,Murf Gray,2026-02-06
37265,Eric Brown,MIN,Minnesota Twins,reserve,if,0.700,XXX,,,,N,Eric Brown Jr.,2023-03-22
148845,Roderick Arias,MIN,Minnesota Twins,reserve,if,0.700,XXX,,,,N,Roderick Arias,2024-02-19
136508,Jalin Flores,MIN,Minnesota Twins,reserve,if,0.700,XXX,,,,N,Jalin Flores,2025-02-09
194851,JJ Wetherholt,MIN,Minnesota Twins,reserve,if,0.700,XXX,,,,N,JJ Wetherholt,2025-02-09
329577,Jhonny Level,MIN,Minnesota Twins,reserve,if,0.700,XXX,,,,N,Jhonny Level,2026-02-06
340656,Tanner Schobel,MIN,Minnesota Twins,reserve,if,0.700,XXX,,,,N,Tanner Schobel,2023-03-22
102762,Eli Willits,MIN,Minnesota Twins,reserve,if,0.700,XXX,,,,N,Eli Willits,2026-02-06
72418,Hao-Yu Lee,MIN,Minnesota Twins,reserve,if,0.700,XXX,,,,N,Hao Yu Lee,2024-07-12
451626,Joey Wiemer,MIN,Minnesota Twins,reserve,of,0.910,2nd,,,,N,Joey Wiemer,2026-07-10
260510,Jasson Domínguez,MIN,Minnesota Twins,reserve,of,0.700,XXX,,,,N,Jasson Dominguez,2026-07-10
203184,Ethan Wilson,MIN,Minnesota Twins,reserve,of,0.700,XXX,,,,N,Ethan Wilson,2023-03-22
271010,Gavin Cross,MIN,Minnesota Twins,reserve,of,0.700,XXX,,,,N,Gavin Cross,2023-03-22
268241,Josh Adamczewski,MIN,Minnesota Twins,reserve,of,0.700,XXX,,,Y,N,Josh Adamczewski,2026-04-11
418745,Osvaldo Bido,MIN,Minnesota Twins,reserve,p,2.400,V,2026,Yes,,,"Bido, Osvaldo",2026-08-05
230511,Bryan Hoeing,MIN,Minnesota Twins,reserve,p,1.900,V,2026,,,Y,Bryan Hoeing,2026-04-11
87979,Cade Horton,MIN,Minnesota Twins,reserve,p,0.700,XXX,,,,N,Cade Horton,2024-07-12
343685,Mitch Bratt,MIN,Minnesota Twins,reserve,p,0.700,XXX,,,,N,Mitch Bratt,2025-02-09
195197,Ben Jacobs,MIN,Minnesota Twins,reserve,p,0.700,XXX,,,Y,N,Ben Jacobs,2026-03-13
263138,Zander Mueth,MIN,Minnesota Twins,reserve,p,0.700,XXX,,,,N,Zander Mueth,2024-02-19
242067,Braylon Doughty,MIN,Minnesota Twins,reserve,p,0.700,XXX,,,,N,Braylon Doughty,2025-02-09
286015,Zach Root,MIN,Minnesota Twins,reserve,p,0.700,XXX,,,,N,Zach Root,2026-02-06
197577,Wikelman González,MIN,Minnesota Twins,reserve,p,0.700,XXX,,,,N,Wikelman Gonzalez,2023-03-22
39727,Doug Nikhazy,MIN,Minnesota Twins,reserve,p,0.700,XXX,,,,N,Doug Nikhazy,2023-03-22
319691,Noah Schultz,MIN,Minnesota Twins,reserve,p,0.700,XXX,,,,N,Noah Schultz,2023-03-22
517340,Savion Sims,MIN,Minnesota Twins,reserve,p,0.700,XXX,,,Y,,"Sims, Savion",2026-08-05
517341,Kaden Waechter,MIN,Minnesota Twins,reserve,p,0.700,XXX,,,Y,,"Waechter, Kaden",2026-08-05
420196,Joshua Flores,MIN,Minnesota Twins,reserve,p,0.700,XXX,,,,N,Joshua Flores,2026-02-06
8837,Jacob Morrison,MIN,Minnesota Twins,reserve,p,0.700,XXX,,,,N,Jacob Morrison,2026-02-06
380964,Payton Martin,MIN,Minnesota Twins,reserve,p,0.700,XXX,,,,N,Payton Martin,2024-03-17
111155,Carlos Narváez,NYM,New York Mets,active,c,4.750,V,2028,Yes,Y,Y,Carlos Narvaez,2026-04-04
208295,Carter Jensen,NYM,New York Mets,active,c,0.700,XXX,,,,N,Carter Jensen,2026-04-24
89708,Freddie Freeman,NYM,New York Mets,active,if,28.000,V,2026,,,Y,Freddie Freeman,2025-02-09
145345,José Caballero,NYM,New York Mets,active,if,5.000,V,2027,Yes,,Y,Jose Caballero,2025-02-09
104749,Amed Rosario,NYM,New York Mets,active,if,2.500,V,2028,Yes,Y,Y,Amed Rosario,2026-04-11
309825,Zach Neto,NYM,New York Mets,active,if,1.684,3rd,,,,N,Zach Neto,2026-02-06
74509,Colt Keith,NYM,New York Mets,active,if,1.085,2nd,,,,N,Colt Keith,2026-03-24
156080,Chase Meidroth,NYM,New York Mets,active,if,0.700,1st,,,,N,Chase Meidroth,2026-03-24
400011,Bryce Harper,NYM,New York Mets,active,of,30.000,V,2026,,,Y,Bryce Harper,2026-03-24
306742,Julio Rodríguez,NYM,New York Mets,active,of,21.255,CE,2028,,Y,Y,Julio Y. Rodriguez,2026-04-04
39866,Starling Marte,NYM,New York Mets,active,of,3.500,V,2026,Yes,,Y,Starling Marte,2026-04-11
219798,Evan Carter,NYM,New York Mets,active,of,2.279,3rd,,,,N,Evan Carter,2026-02-06
96066,Ryan Vilade,NYM,New York Mets,active,of,0.700,XXX,,,,N,Ryan Vilade,2026-02-06
124620,Drew Rasmussen,NYM,New York Mets,active,p,26.367,CE,2027,,Y,Y,Drew Rasmussen,2026-04-11
306368,David Peterson,NYM,New York Mets,active,p,16.000,V,2029,Yes,Y,Y,David Peterson,2026-04-04
264258,Devin Williams,NYM,New York Mets,active,p,10.722,CE,2027,,,Y,Devin Williams,2026-02-06
341800,Bailey Ober,NYM,New York Mets,active,p,5.000,V,2026,,,Y,Bailey Ober,2026-04-24
462776,Chris Bassitt,NYM,New York Mets,active,p,3.000,V,2026,,,Y,Chris Bassitt,2026-02-06
385643,Tanner Banks,NYM,New York Mets,active,p,2.500,V,2027,Yes,Y,Y,Tanner Banks,2026-04-11
394009,Erik Sabrowski,NYM,New York Mets,active,p,2.200,V,2027,Yes,,Y,Erik Sabrowski,2026-03-24
426204,Chris Martin,NYM,New York Mets,active,p,2.000,V,2027,,Y,Y,Chris Martin,2026-04-04
74567,Robert Garcia,NYM,New York Mets,active,p,1.900,V,2026,,,Y,Robert Garcia,2026-02-06
288563,Reese Olson,NYM,New York Mets,active,p,1.682,3rd,,,,N,Reese Olson,2026-02-06
511833,Logan Henderson,NYM,New York Mets,active,p,0.700,XXX,,,,N,Logan Henderson,2026-07-10
392382,Randy Rodríguez,NYM,New York Mets,active,p,0.700,XXX,,,,N,Randy Rodriguez,2026-07-10
441907,Rafael Marchán,NYM,New York Mets,reserve,c,2.200,V,2028,Yes,Y,Y,Rafael Marchan,2026-04-24
131538,Michael Oliveto,NYM,New York Mets,reserve,c,0.700,XXX,,,,N,Michael Oliveto,2026-02-06
67408,Austin Gauthier,NYM,New York Mets,reserve,if,0.910,2nd,,,,N,Austin Gauthier,2026-02-06
56212,Jadher Areinamo,NYM,New York Mets,reserve,if,0.700,XXX,,,Y,N,Jadher Areinamo,2026-03-13
361175,Colson Montgomery,NYM,New York Mets,reserve,if,0.700,XXX,,,,N,Colson Montgomery,2023-03-22
308334,Kyle Karros,NYM,New York Mets,reserve,if,0.700,XXX,,,,N,Kyle Karros,2026-02-06
517335,Aiden Ruiz,NYM,New York Mets,reserve,if,0.700,XXX,,,Y,,"Ruiz, Aiden",2026-08-03
151524,Taitn Gray,NYM,New York Mets,reserve,if,0.700,XXX,,,,,"Gray, Taitn",2026-08-03
476754,Welbyn Francisca,NYM,New York Mets,reserve,if,0.700,XXX,,,,N,Welbyn Francisca,2025-02-09
270459,Darell Hernaiz,NYM,New York Mets,reserve,if,0.700,XXX,,,,N,Darell Hernaiz,2024-02-19
277321,Josh Lowe,NYM,New York Mets,reserve,of,1.183,3rd,,,,N,Josh Lowe,2026-03-24
114335,MJ Melendez,NYM,New York Mets,reserve,of,1.085,2nd,,,,N,MJ Melendez,2026-03-13
58641,Luis Guanipa,NYM,New York Mets,reserve,of,0.700,XXX,,,,N,Luis Guanipa,2024-03-17
256206,Everson Pereira,NYM,New York Mets,reserve,of,0.700,XXX,,,,N,Everson Pereira,2023-03-22
274953,Asbel Gonzalez,NYM,New York Mets,reserve,of,0.700,XXX,,,,N,Asbel Gonzalez,2026-02-06
404001,Adriel Radney,NYM,New York Mets,reserve,of,0.700,XXX,,,,N,Adriel Radney,2026-02-06
438638,José Berríos,NYM,New York Mets,reserve,p,15.000,V,2027,Yes,,Y,Jose Berrios,2026-07-10
386737,Foster Griffin,NYM,New York Mets,reserve,p,5.000,V,2028,Yes,Y,Y,Foster Griffin,2026-04-24
484288,Luis Ortiz,NYM,New York Mets,reserve,p,1.470,2nd,,,,N,Luis L. Ortiz,2026-03-24
32674,Jackson Ferris,NYM,New York Mets,reserve,p,0.700,XXX,,,,N,Jackson Ferris,2023-03-22
483613,Cade Povich,NYM,New York Mets,reserve,p,0.700,XXX,,,,N,Cade Povich,2023-03-22
360456,Tristan Beck,NYM,New York Mets,reserve,p,0.700,1st,,,,N,Tristan Beck,2026-04-04
189603,Jake Bloss,NYM,New York Mets,reserve,p,0.700,XXX,,,,N,Jake Bloss,2025-02-09
301114,Aaron Watson,NYM,New York Mets,reserve,p,0.700,XXX,,,,N,Aaron Watson,2026-02-06
342427,Liam Peterson,NYM,New York Mets,reserve,p,0.700,XXX,,,,N,Liam Peterson,2024-02-19
320987,Patrick Copen,NYM,New York Mets,reserve,p,0.700,XXX,,,,N,Patrick Copen,2026-02-06
517321,Carson Bolemon,NYM,New York Mets,reserve,p,0.700,XXX,,,Y,,"Bolemon, Carson",2026-07-28
73126,Caden Grice,NYM,New York Mets,reserve,p,0.700,XXX,,,,N,Caden Grice,2024-02-19
17560,Angel Cervantes,NYM,New York Mets,reserve,p,0.700,XXX,,,,N,Angel Cervantes,2026-02-06
234121,Matthew Fisher,NYM,New York Mets,reserve,p,0.700,XXX,,,,N,Matthew Fisher,2026-03-24
215199,J. T. Ginn,NYM,New York Mets,reserve,p,0.700,XXX,,,,N,J.T. Ginn,2023-03-22
502450,Cade Crossland,NYM,New York Mets,reserve,p,0.700,XXX,,,,N,Cade Crossland,2026-02-06
211064,Marcos Paz,NYM,New York Mets,reserve,p,0.700,XXX,,,,N,Marcos Paz,2026-03-24
250467,Ryan Rolison,NYM,New York Mets,reserve,p,0.700,XXX,,,,N,Ryan Rolison,2023-03-22
119746,Daniel Eagen,NYM,New York Mets,reserve,p,0.700,XXX,,,Y,N,Daniel Eagen,2026-03-24
394736,Winston Santos,NYM,New York Mets,reserve,p,0.700,XXX,,,,N,Winston Santos,2025-02-09
44491,Luis Torrens,NYY,New York Yankees,active,c,2.501,V,2028,Yes,,Y,Luis Torrens,2026-02-06
282390,Yohel Pozo,NYY,New York Yankees,active,c,2.501,V,2028,Yes,,Y,Yohel Pozo,2026-02-06
417599,Isiah Kiner-Falefa,NYY,New York Yankees,active,if,2.201,V,2026,,,Y,Isiah Kiner-Falefa,2025-02-09
207121,Carlos Santana,NYY,New York Yankees,active,if,1.711,V,2026,,,Y,Carlos Santana,2026-02-06
69174,Nick Gonzales,NYY,New York Yankees,active,if,0.910,2nd,,,,N,Nick Gonzales,2026-02-06
156515,Nick Kurtz,NYY,New York Yankees,active,if,0.700,XXX,,,,N,Nick Kurtz,2026-04-04
407687,Max Muncy,NYY,New York Yankees,active,if,0.700,XXX,,,,N,Max P. Muncy,2026-04-04
56208,Nathan Lukes,NYY,New York Yankees,active,of,6.000,V,2028,Yes,Y,Y,Nathan Lukes,2026-04-04
304838,Nathan Church,NYY,New York Yankees,active,of,4.500,V,2029,Yes,Y,Y,Nathan Church,2026-04-04
274116,Giancarlo Stanton,NYY,New York Yankees,active,of,3.500,V,2026,,,Y,Giancarlo Stanton,2026-02-06
337262,Mike Tauchman,NYY,New York Yankees,active,of,1.756,V,2026,,,Y,Mike Tauchman,2026-02-06
359781,Trevor Larnach,NYY,New York Yankees,active,of,1.411,3rd,,,,N,Trevor Larnach,2026-02-06
130359,Ranger Suarez,NYY,New York Yankees,active,p,37.000,V,2030,,Y,Y,Ranger Suarez,2026-03-24
514275,Griffin Jax,NYY,New York Yankees,active,p,24.500,V,2028,Yes,Y,Y,Griffin Jax,2026-04-04
91950,Shota Imanaga,NYY,New York Yankees,active,p,17.000,V,2027,,,Y,Shota Imanaga,2025-02-09
503243,Brady Singer,NYY,New York Yankees,active,p,10.274,CE,2028,,Y,Y,Brady Singer,2026-03-24
171810,Riley O'Brien,NYY,New York Yankees,active,p,10.000,V,2027,Yes,Y,Y,Riley O'Brien,2026-04-04
99868,Tyler Rogers,NYY,New York Yankees,active,p,9.975,V,2027,Yes,Y,Y,Tyler Rogers,2026-04-04
342172,Jameson Taillon,NYY,New York Yankees,active,p,9.500,V,2026,,,Y,Jameson Taillon,2026-02-06
31712,Yuki Matsui,NYY,New York Yankees,active,p,4.500,V,2026,Yes,,Y,Yuki Matsui,2026-03-24
103483,Michel Otañez,NYY,New York Yankees,active,p,2.201,V,2027,Yes,,Y,Michel Otanez,2026-02-06
56179,Michael Lorenzen,NYY,New York Yankees,active,p,1.900,V,2026,,,Y,Michael Lorenzen,2026-04-11
304213,Steven Okert,NYY,New York Yankees,active,p,1.400,V,2026,,,Y,Steven Okert,2026-04-04
15548,Chase Lee,NYY,New York Yankees,active,p,1.183,3rd,,,,N,Chase Lee,2026-02-06
144893,Carmen Mlodzinski,NYY,New York Yankees,active,p,1.085,2nd,,,,N,Carmen Mlodzinski,2026-02-06
277079,Michael McGreevy,NYY,New York Yankees,active,p,0.700,XXX,,,,N,Michael McGreevy,2026-04-04
159310,Henry Davis,NYY,New York Yankees,reserve,c,0.700,XXX,,,,N,Henry Davis,2023-03-22
194546,Yovanny Rodriguez,NYY,New York Yankees,reserve,c,0.700,XXX,,,,N,Yovanny Rodriguez,2026-02-06
28261,Johanfran Garcia,NYY,New York Yankees,reserve,c,0.700,XXX,,,,N,Johanfran Garcia,2024-02-19
231101,Nick Pratto,NYY,New York Yankees,reserve,if,1.684,3rd,,,,N,Nick Pratto,2025-02-09
31398,Brayden Taylor,NYY,New York Yankees,reserve,if,0.700,XXX,,,,N,Brayden Taylor,2024-02-19
2420,Elian Peña,NYY,New York Yankees,reserve,if,0.700,XXX,,,Y,N,Elian Pena,2026-02-06
366358,Brooks Lee,NYY,New York Yankees,reserve,if,0.700,XXX,,,,N,Brooks Lee,2026-04-11
341845,Carlos Colmenarez,NYY,New York Yankees,reserve,if,0.700,XXX,,,,N,Carlos Colmenarez,2023-03-22
89466,Ace Reese,NYY,New York Yankees,reserve,if,0.700,XXX,,,Y,,"Reese, Ace",2026-07-28
86798,Josh Hammond,NYY,New York Yankees,reserve,if,0.700,XXX,,,,N,Josh Hammond,2026-02-06
398213,Chris Hacopian,NYY,New York Yankees,reserve,if,0.700,XXX,,,Y,,"Hacopian, Chris",2026-07-28
247060,Tucker Toman,NYY,New York Yankees,reserve,if,0.700,XXX,,,,N,Tucker Toman,2023-03-22
381680,Billy Cook,NYY,New York Yankees,reserve,of,1.400,V,2026,,,Y,Billy Cook,2026-02-06
357428,Hedbert Perez,NYY,New York Yankees,reserve,of,0.700,XXX,,,,N,Hedbert Perez,2023-03-22
298739,Yasser Mercedes,NYY,New York Yankees,reserve,of,0.700,XXX,,,,N,Yasser Mercedes,2024-02-19
113015,Ariel Almonte,NYY,New York Yankees,reserve,of,0.700,XXX,,,,N,Ariel Almonte,2023-03-22
482095,Jhostynxon Garcia,NYY,New York Yankees,reserve,of,0.700,XXX,,,,N,Jhostynxon Garcia,2026-02-06
142746,Travis Honeyman,NYY,New York Yankees,reserve,of,0.700,XXX,,,,N,Travis Honeyman,2024-02-19
39996,Enmanuel Bonilla,NYY,New York Yankees,reserve,of,0.700,XXX,,,,N,Enmanuel Bonilla,2024-03-17
476830,Héctor Rodríguez,NYY,New York Yankees,reserve,of,0.700,XXX,,,,N,Hector Rodriguez,2026-02-06
454393,Slater de Brun,NYY,New York Yankees,reserve,of,0.700,XXX,,,,N,Slater de Brun,2026-02-06
269101,Isaiah Campbell,NYY,New York Yankees,reserve,p,1.411,3rd,,,,N,Isaiah Campbell,2025-04-06
504320,Spencer Arrighetti,NYY,New York Yankees,reserve,p,0.910,2nd,,,,N,Spencer Arrighetti,2026-04-04
380090,Branneli Franco,NYY,New York Yankees,reserve,p,0.700,XXX,,,,N,Branneli Franco,2026-02-06
419295,Ty Floyd,NYY,New York Yankees,reserve,p,0.700,XXX,,,,N,Ty Floyd,2024-02-19
164390,Levi Sterling,NYY,New York Yankees,reserve,p,0.700,XXX,,,,N,Levi Sterling,2025-02-09
55791,Tanner McDougal,NYY,New York Yankees,reserve,p,0.700,XXX,,,,N,Tanner McDougal,2026-02-06
183884,Matt Sauer,NYY,New York Yankees,reserve,p,0.700,XXX,,,,N,Matt Sauer,2023-03-22
503512,Welinton Herrera,NYY,New York Yankees,reserve,p,0.700,XXX,,,,N,Welinton Herrera,2026-02-06
323467,Chris Levonas,NYY,New York Yankees,reserve,p,0.700,XXX,,,,N,Chris Levonas,2025-02-09
295271,Barrett Kent,NYY,New York Yankees,reserve,p,0.700,XXX,,,Y,N,Barrett Kent,2026-03-24
183598,Paul Wilson,NYY,New York Yankees,reserve,p,0.700,XXX,,,,N,Paul Wilson,2024-02-19
65951,Andrew Taylor,NYY,New York Yankees,reserve,p,0.700,XXX,,,,N,Andrew Taylor,2023-03-22
417618,Kash Mayfield,NYY,New York Yankees,reserve,p,0.700,XXX,,,,N,Kash Mayfield,2025-02-09
57584,Anthony Solometo,NYY,New York Yankees,reserve,p,0.700,XXX,,,,N,Anthony Solometo,2023-03-22
174734,Jamie Arnold,NYY,New York Yankees,reserve,p,0.700,XXX,,,,N,Jamie Arnold,2026-02-06
380332,Logan O'Hoppe,OAK,Oakland Athletics,active,c,3.445,4th,,,,Y,Logan O'Hoppe,2026-02-06
145471,Hunter Feduccia,OAK,Oakland Athletics,active,c,2.500,V,2027,Yes,Y,Y,Hunter Feduccia,2026-04-04
43764,Nathaniel Lowe,OAK,Oakland Athletics,active,if,6.000,V,2027,Yes,Y,Y,Nathaniel Lowe,2026-04-04
262552,Brice Turang,OAK,Oakland Athletics,active,if,3.329,4th,,,,Y,Brice Turang,2026-02-06
117408,Ke'Bryan Hayes,OAK,Oakland Athletics,active,if,3.306,5th,,,,Y,Ke'Bryan Hayes,2026-02-06
90718,Masyn Winn,OAK,Oakland Athletics,active,if,1.470,2nd,,,,N,Masyn Winn,2026-02-06
470497,Nasim Nuñez,OAK,Oakland Athletics,active,if,0.700,1st,,,,N,Nasim Nunez,2026-04-11
13773,Aaron Judge,OAK,Oakland Athletics,active,of,40.000,V,2029,,,Y,Aaron Judge,2026-02-06
110737,Zach Cole,OAK,Oakland Athletics,active,of,6.000,V,2028,Yes,Y,Y,Zach Cole,2026-04-04
40462,Tyler Austin,OAK,Oakland Athletics,active,of,2.500,V,2027,,Y,Y,Tyler Austin,2026-04-11
240495,Cade Marlowe,OAK,Oakland Athletics,active,of,1.500,V,2026,Yes,,Y,Cade Marlowe,2026-04-11
398423,Heliot Ramos,OAK,Oakland Athletics,active,of,1.470,2nd,,,,N,Heliot Ramos,2026-02-06
344417,Cristian Pache,OAK,Oakland Athletics,active,of,1.183,3rd,,,,N,Cristian Pache,2026-04-11
376217,Kevin Gausman,OAK,Oakland Athletics,active,p,39.000,V,2027,Yes,Y,Y,Kevin Gausman,2026-03-24
114348,Justin Steele,OAK,Oakland Athletics,active,p,21.500,V,2028,Yes,Y,Y,Justin Steele,2026-04-04
443654,Max Fried,OAK,Oakland Athletics,active,p,20.202,CE,2026,,,Y,Max Fried,2024-03-17
321522,Yennier Cano,OAK,Oakland Athletics,active,p,5.000,V,2026,Yes,,Y,Yennier Cano,2025-02-09
330111,Huascar Brazobán,OAK,Oakland Athletics,active,p,5.000,V,2027,Yes,Y,Y,Huascar Brazoban,2026-04-11
4485,Lucas Giolito,OAK,Oakland Athletics,active,p,4.500,V,2026,Yes,,Y,Lucas Giolito,2026-02-06
273955,José Leclerc,OAK,Oakland Athletics,active,p,2.500,V,2026,Yes,,Y,Jose LeClerc,2026-02-06
237103,Orion Kerkering,OAK,Oakland Athletics,active,p,1.684,3rd,,,,N,Orion Kerkering,2026-02-06
437635,Justin Wilson,OAK,Oakland Athletics,active,p,1.500,V,2026,,,Y,Justin Wilson,2026-04-11
516459,Alexis Díaz,OAK,Oakland Athletics,active,p,1.500,V,2026,,,Y,Alexis Diaz,2026-04-11
507145,Jared Jones,OAK,Oakland Athletics,active,p,1.295,2nd,,,,N,Jared Jones,2026-02-06
229766,José Ferrer,OAK,Oakland Athletics,active,p,0.910,2nd,,,,N,Jose A. Ferrer,2026-02-06
74280,Zebby Matthews,OAK,Oakland Athletics,active,p,0.700,1st,,,,N,Zebby Matthews,2026-02-06
427530,Anthony Seigler,OAK,Oakland Athletics,reserve,c,0.700,XXX,,,,N,Anthony Seigler,2023-03-22
306820,Daniel Susac,OAK,Oakland Athletics,reserve,c,0.700,XXX,,,,N,Daniel Susac,2023-03-22
377981,Thayron Liranzo,OAK,Oakland Athletics,reserve,c,0.700,XXX,,,,N,Thayron Liranzo,2024-03-17
301911,Franklin Primera,OAK,Oakland Athletics,reserve,c,0.700,XXX,,,Y,,"Primera, Franklin",2026-08-03
384509,Eduardo Tait,OAK,Oakland Athletics,reserve,c,0.700,XXX,,,,N,Eduardo Tait,2025-02-09
90936,René Pinto,OAK,Oakland Athletics,reserve,c,0.000,MLI,,,,N,Rene Pinto,2026-04-24
85433,Justin Foscue,OAK,Oakland Athletics,reserve,if,1.183,3rd,,,,N,Justin Foscue,2025-04-11
331489,Yoeilin Cespedes,OAK,Oakland Athletics,reserve,if,0.700,XXX,,,,N,Yoeilin Cespedes,2025-02-09
189671,Antonio Anderson,OAK,Oakland Athletics,reserve,if,0.700,XXX,,,,N,Antonio Anderson,2024-02-19
201190,Cooper Pratt,OAK,Oakland Athletics,reserve,if,0.700,XXX,,,,N,Cooper Pratt,2024-02-19
227384,Nacho Alvarez,OAK,Oakland Athletics,reserve,if,0.700,XXX,,,,N,Nacho Alvarez Jr.,2024-02-19
142292,Brady House,OAK,Oakland Athletics,reserve,if,0.700,XXX,,,,N,Brady House,2023-03-22
31525,Cole Young,OAK,Oakland Athletics,reserve,if,0.700,XXX,,,,N,Cole Young,2023-03-22
501775,Cooper Flemming,OAK,Oakland Athletics,reserve,if,0.700,XXX,,,Y,,"Flemming, Cooper",2026-07-28
476597,James Triantos,OAK,Oakland Athletics,reserve,if,0.700,XXX,,,,N,James Triantos,2023-03-22
105863,Luis Peña,OAK,Oakland Athletics,reserve,if,0.700,XXX,,,,N,Luis M. Pena,2026-02-06
308506,Seth Brown,OAK,Oakland Athletics,reserve,of,2.200,V,2026,Yes,,Y,Seth Brown,2026-04-11
441226,Johan Rojas,OAK,Oakland Athletics,reserve,of,0.910,2nd,,,,N,Johan Rojas,2026-04-11
165533,Dakota Jordan,OAK,Oakland Athletics,reserve,of,0.700,XXX,,,,N,Dakota Jordan,2025-09-01
24424,Jay Allen,OAK,Oakland Athletics,reserve,of,0.700,XXX,,,,N,Jay Allen II,2023-03-22
221266,Edward Florentino,OAK,Oakland Athletics,reserve,of,0.700,XXX,,,,N,Edward Florentino,2026-02-06
245609,Elijah Green,OAK,Oakland Athletics,reserve,of,0.700,XXX,,,,N,Elijah Green,2023-03-22
427374,Anthony Gutierrez,OAK,Oakland Athletics,reserve,of,0.700,XXX,,,,N,Anthony Gutierrez (2004),2024-02-19
111305,Griffin Burkholder,OAK,Oakland Athletics,reserve,of,0.700,XXX,,,,N,Griffin Burkholder,2025-02-09
492013,Nate George,OAK,Oakland Athletics,reserve,of,0.700,XXX,,,,N,Nate George,2026-02-06
360257,Chase Davis,OAK,Oakland Athletics,reserve,of,0.700,XXX,,,,N,Chase Davis,2024-02-19
324205,Dylan Floro,OAK,Oakland Athletics,reserve,p,4.000,V,2026,,,Y,Dylan Floro,2026-04-24
312183,Riley Cornelio,OAK,Oakland Athletics,reserve,p,2.500,V,2029,Yes,Y,Y,Riley Cornelio,2026-04-11
77813,Daniel Lynch,OAK,Oakland Athletics,reserve,p,0.910,2nd,,,,N,Daniel Lynch IV,2024-02-19
221144,Steven Echavarria,OAK,Oakland Athletics,reserve,p,0.700,XXX,,,,N,Steven Echavarria,2024-02-19
496853,Bubba Chandler,OAK,Oakland Athletics,reserve,p,0.700,XXX,,,,N,Bubba Chandler,2023-03-22
404394,Luis Serna,OAK,Oakland Athletics,reserve,p,0.700,XXX,,,,N,Luis Serna,2024-02-19
82882,Tanner Franklin,OAK,Oakland Athletics,reserve,p,0.700,XXX,,,Y,N,Tanner Franklin,2026-03-24
382877,Miguel Sime,OAK,Oakland Athletics,reserve,p,0.700,XXX,,,Y,,"Sime, Miguel Jr.",2026-08-05
426421,Jacob Bresnahan,OAK,Oakland Athletics,reserve,p,0.700,XXX,,,Y,N,Jacob Bresnahan,2026-03-13
15716,Caden Scarborough,OAK,Oakland Athletics,reserve,p,0.700,XXX,,,,N,Caden Scarborough,2026-02-06
370319,Jordy Vargas,OAK,Oakland Athletics,reserve,p,0.700,XXX,,,,N,Jordy Vargas,2023-03-22
71338,Robby Snelling,OAK,Oakland Athletics,reserve,p,0.700,XXX,,,,N,Robby Snelling,2023-03-22
223583,Briggs McKenzie,OAK,Oakland Athletics,reserve,p,0.700,XXX,,,,N,Briggs McKenzie,2026-02-06
177066,Alex McFarlane,OAK,Oakland Athletics,reserve,p,0.700,XXX,,,,N,Alex McFarlane,2023-03-22
412216,Kyle Leahy,OAK,Oakland Athletics,reserve,p,0.000,MLI,,,,,"Leahy, Kyle",2026-07-28
454320,Will Smith,PHI,Philadelphia Phillies,active,c,14.809,CE,2026,,,Y,Will Smith,2024-03-17
332657,Mitch Garver,PHI,Philadelphia Phillies,active,c,2.000,V,2027,,Y,Y,Mitch Garver,2026-04-24
388742,Eugenio Suárez,PHI,Philadelphia Phillies,active,if,24.000,V,2027,,Y,Y,Eugenio Suarez,2026-04-04
486372,José Altuve,PHI,Philadelphia Phillies,active,if,20.000,V,2026,,,Y,Jose Altuve,2025-02-09
78199,Shay Whitcomb,PHI,Philadelphia Phillies,active,if,2.000,V,2026,Yes,,Y,Shay Whitcomb,2026-02-06
19097,Jordan Westburg,PHI,Philadelphia Phillies,active,if,1.684,3rd,,,,N,Jordan Westburg,2026-04-24
25871,Spencer Steer,PHI,Philadelphia Phillies,active,if,1.183,3rd,,,,N,Spencer Steer,2026-02-06
167964,Brayan Rocchio,PHI,Philadelphia Phillies,active,if,0.910,2nd,,,,N,Brayan Rocchio,2026-02-06
427632,Randy Arozarena,PHI,Philadelphia Phillies,active,of,5.916,6th,,,,Y,Randy Arozarena,2026-02-06
379393,Kyle Isbel,PHI,Philadelphia Phillies,active,of,3.142,5th,,,,Y,Kyle Isbel,2026-02-06
17746,Rob Refsnyder,PHI,Philadelphia Phillies,active,of,3.000,V,2026,,,Y,Rob Refsnyder,2026-02-06
189301,Enrique Hernández,PHI,Philadelphia Phillies,active,of,2.000,V,2026,,,Y,Enrique Hernandez,2026-04-11
379655,Johnathan Rodríguez,PHI,Philadelphia Phillies,active,of,0.700,XXX,,,,N,Johnathan Rodriguez,2026-04-11
313805,Jesús Luzardo,PHI,Philadelphia Phillies,active,p,30.000,V,2029,Yes,Y,Y,Jesus Luzardo,2026-04-04
96812,Phil Maton,PHI,Philadelphia Phillies,active,p,9.000,V,2028,Yes,Y,Y,Phil Maton,2026-04-04
425910,Brooks Raley,PHI,Philadelphia Phillies,active,p,6.000,V,2027,,Y,Y,Brooks Raley,2026-04-04
454962,Ryan Brasier,PHI,Philadelphia Phillies,active,p,6.000,V,2027,,Y,Y,Ryan Brasier,2026-04-11
309520,Anthony Bender,PHI,Philadelphia Phillies,active,p,5.000,V,2027,,,Y,Anthony Bender,2026-02-06
405466,Danny Coulombe,PHI,Philadelphia Phillies,active,p,5.000,V,2027,,Y,Y,Danny Coulombe,2026-04-04
245594,Zach Eflin,PHI,Philadelphia Phillies,active,p,4.573,5th,,,,Y,Zach Eflin,2026-02-06
161254,José Urquidy,PHI,Philadelphia Phillies,active,p,4.385,6th,,,,Y,Jose Urquidy,2026-02-06
97378,Jason Foley,PHI,Philadelphia Phillies,active,p,4.040,V,2026,Yes,,Y,Jason Foley,2026-02-06
106058,Blake Treinen,PHI,Philadelphia Phillies,active,p,4.000,V,2027,,Y,Y,Blake Treinen,2026-04-11
81580,Carlos Hernández,PHI,Philadelphia Phillies,active,p,2.000,V,2026,,,Y,Carlos Hernandez,2026-04-11
466224,Casey Mize,PHI,Philadelphia Phillies,active,p,1.470,2nd,,,,N,Casey Mize,2026-02-06
213390,Joe Boyle,PHI,Philadelphia Phillies,active,p,0.910,2nd,,,,N,Joe Boyle,2026-02-06
496543,Walker Janek,PHI,Philadelphia Phillies,reserve,c,0.700,XXX,,,,N,Walker Janek,2025-02-09
156648,Scott Kingery,PHI,Philadelphia Phillies,reserve,if,1.323,3rd,,,,N,Scott Kingery,2026-04-11
171884,Buddy Kennedy,PHI,Philadelphia Phillies,reserve,if,1.183,3rd,,,,N,Buddy Kennedy,2026-02-06
280345,Cam Smith,PHI,Philadelphia Phillies,reserve,if,0.700,XXX,,,,N,Cam Smith,2025-02-09
499323,Nick Becker,PHI,Philadelphia Phillies,reserve,if,0.700,XXX,,,,N,Nick Becker,2026-02-06
88162,Tyler Bell,PHI,Philadelphia Phillies,reserve,if,0.700,XXX,,,Y,,"Bell, Tyler",2026-07-28
402619,Kahlil Watson,PHI,Philadelphia Phillies,reserve,if,0.700,XXX,,,,N,Kahlil Watson,2023-03-22
410291,Jacob Reimer,PHI,Philadelphia Phillies,reserve,if,0.700,XXX,,,,N,Jacob Reimer,2026-02-06
4502,Edward Olivares,PHI,Philadelphia Phillies,reserve,of,1.183,3rd,,,,N,Edward Olivares,2026-04-11
104396,Jack Hurley,PHI,Philadelphia Phillies,reserve,of,0.700,XXX,,,,N,Jack Hurley,2024-02-19
299246,Grant McCray,PHI,Philadelphia Phillies,reserve,of,0.700,XXX,,,,N,Grant McCray,2024-02-19
213174,Luis Cova,PHI,Philadelphia Phillies,reserve,of,0.700,XXX,,,Y,N,Luis Cova,2026-03-13
222404,Brailer Guerrero,PHI,Philadelphia Phillies,reserve,of,0.700,XXX,,,,N,Brailer Guerrero,2025-02-09
472787,Collin Snider,PHI,Philadelphia Phillies,reserve,p,4.000,V,2026,Yes,,Y,Collin Snider,2026-04-11
71912,Kyle Wright,PHI,Philadelphia Phillies,reserve,p,2.608,4th,,,,Y,Kyle Wright,2026-04-11
380779,Greg Weissert,PHI,Philadelphia Phillies,reserve,p,2.000,V,2026,,,Y,Greg Weissert,2026-04-11
245120,Ryan Borucki,PHI,Philadelphia Phillies,reserve,p,1.911,3rd,,,,N,Ryan Borucki,2025-04-11
490459,J. P. France,PHI,Philadelphia Phillies,reserve,p,1.900,V,2026,,,Y,J.P. France,2026-03-13
500121,Andrew Morris,PHI,Philadelphia Phillies,reserve,p,0.700,XXX,,,,N,Andrew Morris,2026-02-06
80330,Julian Aguiar,PHI,Philadelphia Phillies,reserve,p,0.700,XXX,,,,N,Julian Aguiar,2025-02-09
252662,Kyson Witherspoon,PHI,Philadelphia Phillies,reserve,p,0.700,XXX,,,,N,Kyson Witherspoon,2026-02-06
204530,Frank Mozzicato,PHI,Philadelphia Phillies,reserve,p,0.700,XXX,,,,N,Frank Mozzicato,2025-09-01
166656,Keyner Benitez,PHI,Philadelphia Phillies,reserve,p,0.700,XXX,,,Y,N,Keyner Benitez,2026-03-13
338477,Mason Barnett,PHI,Philadelphia Phillies,reserve,p,0.700,XXX,,,,N,Mason Barnett,2026-02-06
187679,Brady Smith,PHI,Philadelphia Phillies,reserve,p,0.700,XXX,,,,N,Brady Smith,2024-02-19
207993,Parker Messick,PHI,Philadelphia Phillies,reserve,p,0.700,XXX,,,,N,Parker Messick,2023-03-22
407575,Adam Mazur,PHI,Philadelphia Phillies,reserve,p,0.700,XXX,,,,N,Adam Mazur,2023-03-22
264285,Ky Bush,PHI,Philadelphia Phillies,reserve,p,0.700,XXX,,,,N,Ky Bush,2023-03-22
345283,Jean Cabrera,PHI,Philadelphia Phillies,reserve,p,0.700,XXX,,,,N,Jean Cabrera,2026-02-06
454049,Nick Frasso,PHI,Philadelphia Phillies,reserve,p,0.700,XXX,,,,N,Nick Frasso,2023-03-22
117737,Jackson Kent,PHI,Philadelphia Phillies,reserve,p,0.700,XXX,,,Y,,"Kent, Jackson",2026-07-28
441585,Pete Hansen,PHI,Philadelphia Phillies,reserve,p,0.700,XXX,,,,N,Pete Hansen,2026-02-06
43042,Christian Scott,PHI,Philadelphia Phillies,reserve,p,0.700,XXX,,,,N,Christian Scott,2024-03-17
417842,Sam Huff,PIT,Pittsburgh Pirates,active,c,1.793,4th,,,,Y,Sam Huff,2026-02-06
377067,Agustín Ramírez,PIT,Pittsburgh Pirates,active,c,1.085,2nd,,,,N,Agustin Ramirez,2026-02-06
233582,Corey Seager,PIT,Pittsburgh Pirates,active,if,33.750,V,2027,,,Y,Corey Seager,2025-02-09
52380,Munetaka Murakami,PIT,Pittsburgh Pirates,active,if,26.000,V,2029,,Y,Y,Munetaka Murakami,2026-04-04
498934,Vinnie Pasquantino,PIT,Pittsburgh Pirates,active,if,6.540,CE,2028,,Y,Y,Vinnie Pasquantino,2026-04-24
513861,Brendan Donovan,PIT,Pittsburgh Pirates,active,if,2.095,4th,,,,Y,Brendan Donovan,2026-02-06
37983,Eguy Rosario,PIT,Pittsburgh Pirates,active,if,1.183,3rd,,,,N,Eguy Rosario,2026-02-06
268285,Jared Triolo,PIT,Pittsburgh Pirates,active,if,1.183,3rd,,,,N,Jared Triolo,2026-02-06
235861,Daulton Varsho,PIT,Pittsburgh Pirates,active,of,9.151,CE,2026,,,Y,Daulton Varsho,2025-03-31
38543,Adolis García,PIT,Pittsburgh Pirates,active,of,7.242,CE,2028,,Y,Y,Adolis Garcia,2026-04-24
337454,Alec Burleson,PIT,Pittsburgh Pirates,active,of,1.867,4th,,,,Y,Alec Burleson,2026-02-06
195439,Brenton Doyle,PIT,Pittsburgh Pirates,active,of,1.183,3rd,,,,N,Brenton Doyle,2026-02-06
332505,Jacob deGrom,PIT,Pittsburgh Pirates,active,p,31.500,V,2026,,,Y,Jacob deGrom,2023-03-22
390507,Trevor Rogers,PIT,Pittsburgh Pirates,active,p,21.599,CE,2027,,Y,Y,Trevor Rogers,2026-04-24
251972,Cristian Javier,PIT,Pittsburgh Pirates,active,p,8.473,CE,2028,,Y,Y,Cristian Javier,2026-04-24
38748,Alex Vesia,PIT,Pittsburgh Pirates,active,p,7.988,CE,2026,,,Y,Alex Vesia,2025-03-31
86185,Tyler Wells,PIT,Pittsburgh Pirates,active,p,6.500,V,2029,Yes,Y,Y,Tyler Wells,2026-04-11
9924,Garrett Crochet,PIT,Pittsburgh Pirates,active,p,5.666,4th,,,,Y,Garrett Crochet,2026-02-06
115527,Joel Payamps,PIT,Pittsburgh Pirates,active,p,4.000,V,2026,,,Y,Joel Payamps,2025-09-01
212607,Reed Garrett,PIT,Pittsburgh Pirates,active,p,2.250,V,2026,Yes,,Y,Reed Garrett,2026-07-10
108507,Yimi García,PIT,Pittsburgh Pirates,active,p,2.250,V,2026,Yes,,Y,Yimi Garcia,2026-02-06
339042,Daniel Espino,PIT,Pittsburgh Pirates,active,p,1.911,3rd,,,,N,Daniel Espino,2026-02-06
205826,Gavin Williams,PIT,Pittsburgh Pirates,active,p,1.684,3rd,,,,N,Gavin Williams,2026-02-06
408990,Lyon Richardson,PIT,Pittsburgh Pirates,active,p,1.400,V,2026,Yes,,Y,Lyon Richardson,2026-04-24
47496,Connor Phillips,PIT,Pittsburgh Pirates,active,p,1.183,3rd,,,,N,Connor Phillips,2026-02-06
256407,Braxton Ashcraft,PIT,Pittsburgh Pirates,active,p,0.700,XXX,,,,N,Braxton Ashcraft,2026-07-10
232380,Engelth Urena,PIT,Pittsburgh Pirates,reserve,c,0.700,XXX,,,,N,Engelth Urena,2025-02-09
452076,Jimmy Crooks,PIT,Pittsburgh Pirates,reserve,c,0.700,1st,,,,N,Jimmy Crooks,2026-02-06
298448,Santiago Espinal,PIT,Pittsburgh Pirates,reserve,if,1.400,V,2026,,,Y,Santiago Espinal,2026-07-10
148085,Nathan Martorella,PIT,Pittsburgh Pirates,reserve,if,0.700,XXX,,,,N,Nathan Martorella,2024-02-19
459190,Javi Vaz,PIT,Pittsburgh Pirates,reserve,if,0.700,XXX,,,,N,Javier Vaz,2024-02-19
423101,Rece Hinds,PIT,Pittsburgh Pirates,reserve,if,0.700,XXX,,,,N,Rece Hinds,2024-02-19
135012,Brock Wilken,PIT,Pittsburgh Pirates,reserve,if,0.700,XXX,,,,N,Brock Wilken,2024-02-19
92881,Gustavo Melendez,PIT,Pittsburgh Pirates,reserve,if,0.700,XXX,,,,N,Gustavo Melendez,2026-02-06
358927,Werner Blakely,PIT,Pittsburgh Pirates,reserve,if,0.700,XXX,,,,N,Werner Blakely,2024-02-19
218230,Konnor Griffin,PIT,Pittsburgh Pirates,reserve,if,0.700,XXX,,,,N,Konnor Griffin,2025-02-09
371305,Yunior Severino,PIT,Pittsburgh Pirates,reserve,if,0.700,XXX,,,,N,Yunior Severino,2023-03-22
398544,Leo Balcazar,PIT,Pittsburgh Pirates,reserve,if,0.700,XXX,,,Y,N,Leo Balcazar,2026-03-24
267390,Vance Honeycutt,PIT,Pittsburgh Pirates,reserve,of,0.700,XXX,,,,N,Vance Honeycutt,2025-02-09
423916,Jeremy De La Rosa,PIT,Pittsburgh Pirates,reserve,of,0.700,XXX,,,,N,Jeremy De La Rosa,2024-02-19
507126,Kristian Robinson,PIT,Pittsburgh Pirates,reserve,of,0.700,XXX,,,,N,Kristian Robinson,2024-02-19
514845,Sawyer Strosnider,PIT,Pittsburgh Pirates,reserve,of,0.700,XXX,,,Y,,"Strosnider, Sawyer",2026-08-03
349842,Tyler Gentry,PIT,Pittsburgh Pirates,reserve,of,0.700,XXX,,,,N,Tyler Gentry,2024-07-12
482525,Victor Scott,PIT,Pittsburgh Pirates,reserve,of,0.700,XXX,,,,N,Victor Scott II,2024-03-17
516219,Wade Meckler,PIT,Pittsburgh Pirates,reserve,of,0.700,XXX,,,,N,Wade Meckler,2024-02-19
101676,Dylan Smith,PIT,Pittsburgh Pirates,reserve,p,3.000,V,2028,Yes,Y,Y,Dylan Smith,2026-07-10
241460,Luke Little,PIT,Pittsburgh Pirates,reserve,p,0.910,2nd,,,,N,Luke Little,2025-03-31
206489,Zack Thompson,PIT,Pittsburgh Pirates,reserve,p,0.910,2nd,,,,N,Zack Thompson,2025-02-09
517327,Jared Grindlinger,PIT,Pittsburgh Pirates,reserve,p,0.700,XXX,,,Y,,"Grindlinger, Jared",2026-07-28
148464,Brett Wichrowski,PIT,Pittsburgh Pirates,reserve,p,0.700,XXX,,,,N,Brett Wichrowski,2025-02-09
133763,Peyton Pallette,PIT,Pittsburgh Pirates,reserve,p,0.700,XXX,,,,N,Peyton Pallette,2023-06-22
211556,Ryan Bergert,PIT,Pittsburgh Pirates,reserve,p,0.700,XXX,,,,N,Ryan Bergert,2026-02-06
233602,TJ Nichols,PIT,Pittsburgh Pirates,reserve,p,0.700,XXX,,,Y,N,TJ Nichols,2026-03-13
297469,Burl Carraway,PIT,Pittsburgh Pirates,reserve,p,0.700,XXX,,,,N,Burl Carraway,2023-03-22
509293,Carson Palmquist,PIT,Pittsburgh Pirates,reserve,p,0.700,XXX,,,,N,Carson Palmquist,2026-02-06
267747,Gage Wood,PIT,Pittsburgh Pirates,reserve,p,0.700,XXX,,,,N,Gage Wood,2026-02-06
158518,Alex Clemmey,PIT,Pittsburgh Pirates,reserve,p,0.700,XXX,,,,N,Alex Clemmey,2024-02-19
331382,Matt Manning,PIT,Pittsburgh Pirates,reserve,p,0.000,MLI,,,,N,Matt Manning,2026-04-24
364045,Sean Murphy,SD,San Diego Padres,active,c,12.000,V,2028,,Y,Y,Sean Murphy,2026-04-04
198160,Dom Keegan,SD,San Diego Padres,active,c,0.700,XXX,,,,N,Dominic Keegan,2026-04-11
249102,J. P. Crawford,SD,San Diego Padres,active,if,10.000,V,2027,Yes,Y,Y,J.P. Crawford,2026-04-11
321582,Jeff McNeil,SD,San Diego Padres,active,if,5.000,V,2026,Yes,,Y,Jeff McNeil,2026-02-06
470469,Ramón Urías,SD,San Diego Padres,active,if,2.300,V,2027,,Y,Y,Ramon Urias,2026-04-11
380317,Jacob Amaya,SD,San Diego Padres,active,if,0.910,2nd,,,,N,Jacob Amaya,2026-02-06
315288,Trey Lipscomb,SD,San Diego Padres,active,if,0.700,XXX,,,,N,Trey Lipscomb,2026-04-11
34574,Charlie Condon,SD,San Diego Padres,active,if,0.700,XXX,,,,N,Charlie Condon,2026-04-11
152073,Byron Buxton,SD,San Diego Padres,active,of,37.000,V,2029,Yes,Y,Y,Byron Buxton,2026-03-13
491921,Andrew McCutchen,SD,San Diego Padres,active,of,2.500,V,2026,,,Y,Andrew McCutchen,2026-02-06
113523,Eloy Jiménez,SD,San Diego Padres,active,of,2.500,V,2026,,,Y,Eloy Jimenez,2026-02-06
222407,Tommy Pham,SD,San Diego Padres,active,of,1.900,V,2026,,,Y,Tommy Pham,2026-02-06
391019,Griffin Conine,SD,San Diego Padres,active,of,1.183,3rd,,,,N,Griffin Conine,2026-02-06
484725,Dylan Beavers,SD,San Diego Padres,active,of,0.700,1st,,,,N,Dylan Beavers,2026-04-11
299924,Luis Castillo,SD,San Diego Padres,active,p,22.500,V,2028,,Y,Y,Luis Castillo,2026-04-04
391327,Garrett Cleavinger,SD,San Diego Padres,active,p,11.000,V,2028,Yes,Y,Y,Garrett Cleavinger,2026-04-04
59047,Jacob Webb,SD,San Diego Padres,active,p,10.000,V,2027,Yes,Y,Y,Jacob Webb,2026-04-11
188862,Bryan Baker,SD,San Diego Padres,active,p,9.100,V,2028,,Y,Y,Bryan Baker,2026-04-04
326266,Davis Daniel,SD,San Diego Padres,active,p,2.764,5th,,,,Y,Davis Daniel,2026-02-06
57569,Dean Kremer,SD,San Diego Padres,active,p,2.100,V,2027,Yes,Y,Y,Dean Kremer,2026-04-11
321216,Marcus Stroman,SD,San Diego Padres,active,p,1.900,V,2026,,,Y,Marcus Stroman,2026-02-06
319488,Bryce Jarvis,SD,San Diego Padres,active,p,0.910,2nd,,,,N,Bryce Jarvis,2026-02-06
366305,Brandon Sproat,SD,San Diego Padres,active,p,0.700,1st,,,,N,Brandon Sproat,2026-04-11
126134,Connor Prielipp,SD,San Diego Padres,active,p,0.700,XXX,,,,N,Connor Prielipp,2026-04-11
465715,Ty Madden,SD,San Diego Padres,active,p,0.700,XXX,,,,N,Ty Madden,2026-07-10
348676,Jonathan Cannon,SD,San Diego Padres,active,p,0.700,1st,,,,N,Jonathan Cannon,2026-04-11
181269,Jacob Cozart,SD,San Diego Padres,reserve,c,0.700,XXX,,,,N,Jacob Cozart,2025-02-09
178463,Nazzan Zanetello,SD,San Diego Padres,reserve,if,0.700,XXX,,,,N,Nazzan Zanetello,2024-02-19
141536,Sebastian Walcott,SD,San Diego Padres,reserve,if,0.700,XXX,,,,N,Sebastian Walcott,2025-09-01
494332,Jarren Advincula,SD,San Diego Padres,reserve,if,0.700,XXX,,,Y,,"Advincula, Jarren",2026-07-28
420619,Roch Cholowsky,SD,San Diego Padres,reserve,if,0.700,XXX,,,Y,,"Cholowsky, Roch",2026-07-28
129969,William Bergolla,SD,San Diego Padres,reserve,if,0.700,XXX,,,,N,William Bergolla,2024-02-19
330927,Alex Lodise,SD,San Diego Padres,reserve,if,0.700,XXX,,,,N,Alex Lodise,2026-02-06
267621,Emil Morales,SD,San Diego Padres,reserve,if,0.700,XXX,,,,N,Emil Morales,2026-02-06
23828,Josuar Gonzalez,SD,San Diego Padres,reserve,if,0.700,XXX,,,Y,N,Josuar Gonzalez,2026-02-06
517331,Landon Thome,SD,San Diego Padres,reserve,if,0.700,XXX,,,Y,,"Thome, Landon",2026-07-28
251869,Cutter Coffey,SD,San Diego Padres,reserve,if,0.700,XXX,,,,N,Cutter Coffey,2024-08-15
45542,Cam Cannarella,SD,San Diego Padres,reserve,of,0.700,XXX,,,,N,Cam Cannarella,2026-02-06
409484,George Wolkow,SD,San Diego Padres,reserve,of,0.700,XXX,,,,N,George Wolkow,2026-02-06
259945,James Tibbs,SD,San Diego Padres,reserve,of,0.700,XXX,,,,N,James Tibbs III,2025-02-09
23763,Ethan Petry,SD,San Diego Padres,reserve,of,0.700,XXX,,,,N,Ethan Petry,2026-02-06
445339,Ethan Frey,SD,San Diego Padres,reserve,of,0.700,XXX,,,,N,Ethan Frey,2026-02-06
444399,Ethan Conrad,SD,San Diego Padres,reserve,of,0.700,XXX,,,,N,Ethan Conrad,2026-02-06
386991,Cole Phillips,SD,San Diego Padres,reserve,p,0.700,XXX,,,,N,Cole Phillips Jr.,2023-03-22
94509,Drew Beam,SD,San Diego Padres,reserve,p,0.700,XXX,,,,N,Drew Beam,2025-02-09
359792,Landon Sims,SD,San Diego Padres,reserve,p,0.700,XXX,,,,N,Landon Sims,2023-03-22
198382,Blake Walston,SD,San Diego Padres,reserve,p,0.700,XXX,,,,N,Blake Walston,2024-08-15
272880,Carter Baumler,SD,San Diego Padres,reserve,p,0.700,XXX,,,Y,N,Carter Baumler,2026-03-13
70390,Caden Dana,SD,San Diego Padres,reserve,p,0.700,1st,,,,N,Caden Dana,2026-02-06
454091,Brody Brecht,SD,San Diego Padres,reserve,p,0.700,XXX,,,,N,Brody Brecht,2025-02-09
94780,Logan Reddemann,SD,San Diego Padres,reserve,p,0.700,XXX,,,Y,,"Reddeman, Logan",2026-08-05
413957,Yoniel Curet,SD,San Diego Padres,reserve,p,0.700,XXX,,,,N,Yoniel Curet,2024-03-17
283628,Jonathan Santucci,SD,San Diego Padres,reserve,p,0.700,XXX,,,,N,Jonathan Santucci,2025-02-09
79409,Chris Cortez,SD,San Diego Padres,reserve,p,0.700,XXX,,,,N,Chris Cortez,2025-02-09
330649,Maddux Bruns,SD,San Diego Padres,reserve,p,0.700,XXX,,,,N,Maddux Bruns,2024-08-15
4147,Hunter Goodman,SEA,Seattle Mariners,active,c,1.411,3rd,,,,N,Hunter Goodman,2026-02-06
59600,Kyle Higashioka,SEA,Seattle Mariners,active,c,1.400,V,2026,Yes,,Y,Kyle Higashioka,2026-04-14
339001,Francisco Lindor,SEA,Seattle Mariners,active,if,35.000,V,2029,,,Y,Francisco Lindor,2026-02-06
140823,Manny Machado,SEA,Seattle Mariners,active,if,33.000,V,2026,,,Y,Manny Machado,2023-03-22
404372,Trevor Story,SEA,Seattle Mariners,active,if,10.000,V,2027,,Y,Y,Trevor Story,2026-04-04
253204,Christian Walker,SEA,Seattle Mariners,active,if,5.500,V,2027,,Y,Y,Christian Walker,2026-04-04
504009,Thairo Estrada,SEA,Seattle Mariners,active,if,2.878,5th,,,,Y,Thairo Estrada,2026-02-06
13510,Kyle Manzardo,SEA,Seattle Mariners,active,if,1.295,2nd,,,,N,Kyle Manzardo,2026-02-06
490973,Mike Trout,SEA,Seattle Mariners,active,of,14.250,V,2027,,Y,Y,Mike Trout,2026-04-04
21637,Ramón Laureano,SEA,Seattle Mariners,active,of,9.000,V,2027,Yes,Y,Y,Ramon Laureano,2026-04-04
383278,Lourdes Gurriel,SEA,Seattle Mariners,active,of,3.800,V,2026,Yes,,Y,Lourdes Gurriel Jr.,2026-04-11
134864,Brandon Marsh,SEA,Seattle Mariners,active,of,1.867,4th,,,,Y,Brandon Marsh,2026-04-14
248064,Ryan O'Hearn,SEA,Seattle Mariners,active,of,1.411,3rd,,,,N,Ryan O'Hearn,2026-02-06
30801,Reynaldo López,SEA,Seattle Mariners,active,p,12.648,CE,2027,,Y,Y,Reynaldo Lopez,2026-04-04
374917,Mike King,SEA,Seattle Mariners,active,p,12.000,V,2029,Yes,,Y,Michael King,2026-03-24
471787,Chad Patrick,SEA,Seattle Mariners,active,p,7.000,V,2028,,Y,Y,Chad Patrick,2026-04-04
454348,Jeffrey Springs,SEA,Seattle Mariners,active,p,6.000,V,2027,Yes,Y,Y,Jeffrey Springs,2026-04-11
394510,Grant Holmes,SEA,Seattle Mariners,active,p,5.000,V,2027,,,Y,Grant Holmes,2026-02-06
165926,Clayton Beeter,SEA,Seattle Mariners,active,p,2.500,V,2027,Yes,Y,Y,Clayton Beeter,2026-04-04
6957,Kyle Bradish,SEA,Seattle Mariners,active,p,2.300,V,2026,,,Y,Kyle Bradish,2026-02-06
129985,Jeff Hoffman,SEA,Seattle Mariners,active,p,2.095,4th,,,,Y,Jeff Hoffman,2026-02-06
156160,Lance McCullers,SEA,Seattle Mariners,active,p,2.000,V,2027,Yes,Y,Y,Lance McCullers Jr.,2026-04-24
99668,Bryan King,SEA,Seattle Mariners,active,p,1.950,V,2026,Yes,,Y,Bryan King,2026-04-11
269003,Robert Suarez,SEA,Seattle Mariners,active,p,1.950,V,2026,,,Y,Robert Suarez,2026-02-06
243781,Ben Joyce,SEA,Seattle Mariners,active,p,1.183,3rd,,,,N,Ben Joyce,2026-02-06
206892,Justin Martinez,SEA,Seattle Mariners,active,p,0.910,2nd,,,,N,Justin Martinez,2026-02-06
111177,Andrew Knizner,SEA,Seattle Mariners,reserve,c,1.183,3rd,,,,N,Andrew Knizner,2026-02-06
401814,Boston Smith,SEA,Seattle Mariners,reserve,c,0.700,XXX,,,Y,,"Smith, Boston",2026-08-05
85732,Travis d'Arnaud,SEA,Seattle Mariners,reserve,c,0.000,MLI,,,,N,Travis d'Arnaud,2026-04-24
425914,Lenyn Sosa,SEA,Seattle Mariners,reserve,if,0.700,XXX,,,,N,Lenyn Sosa,2026-02-06
226655,Joshua Kuroda-Grauer,SEA,Seattle Mariners,reserve,if,0.700,XXX,,,Y,N,Joshua Kuroda-Grauer,2026-03-24
514410,Ryan Ritter,SEA,Seattle Mariners,reserve,if,0.700,XXX,,,,N,Ryan Ritter,2025-02-09
168027,Nick Castellanos,SEA,Seattle Mariners,reserve,of,4.200,V,2027,,,Y,Nick Castellanos,2025-09-01
369592,Chas McCormick,SEA,Seattle Mariners,reserve,of,3.500,V,2026,,,Y,Chas McCormick,2026-07-10
194296,Jerar Encarnacion,SEA,Seattle Mariners,reserve,of,1.950,V,2026,Yes,,Y,Jerar Encarnacion,2026-02-06
439158,Colby Thomas,SEA,Seattle Mariners,reserve,of,0.700,1st,,,,N,Colby Thomas,2026-02-06
282234,Alejandro Osuna,SEA,Seattle Mariners,reserve,of,0.700,XXX,,,,N,Alejandro Osuna,2026-02-06
508234,Sam Hilliard,SEA,Seattle Mariners,reserve,of,0.700,XXX,,,,N,Sam Hilliard,2025-07-09
139824,Justin Dirden,SEA,Seattle Mariners,reserve,of,0.700,XXX,,,,N,Justin Dirden,2023-03-22
376759,Lane Thomas,SEA,Seattle Mariners,reserve,of,0.000,MLI,,,,N,Lane Thomas,2026-04-24
504502,Emmanuel Clase,SEA,Seattle Mariners,reserve,p,5.749,6th,,,,Y,Emmanuel Clase,2026-04-11
262926,Alek Manoah,SEA,Seattle Mariners,reserve,p,2.368,4th,,,,Y,Alek Manoah,2026-04-11
168942,Bryce Miller,SEA,Seattle Mariners,reserve,p,2.279,3rd,,,,N,Bryce Miller,2026-04-24
93576,Anthony Banda,SEA,Seattle Mariners,reserve,p,1.400,V,2026,,,Y,Anthony Banda,2026-04-11
435062,Mitch White,SEA,Seattle Mariners,reserve,p,1.362,3rd,,,,N,Mitch White,2023-03-22
214296,Landon Knack,SEA,Seattle Mariners,reserve,p,1.295,2nd,,,,N,Landon Knack,2026-04-24
339289,Enoli Paredes,SEA,Seattle Mariners,reserve,p,0.700,XXX,,,,N,Enoli Paredes,2023-03-22
373702,Anderson Brito,SEA,Seattle Mariners,reserve,p,0.700,XXX,,,Y,N,Anderson Brito,2026-03-13
67791,Jorge Alcalá,SEA,Seattle Mariners,reserve,p,0.700,XXX,,,,N,Jorge Alcala,2023-03-22
40273,Miguel Mendez,SEA,Seattle Mariners,reserve,p,0.700,XXX,,,,N,Miguel Mendez,2026-02-06
150613,Hans Crouse,SEA,Seattle Mariners,reserve,p,0.700,XXX,,,,N,Hans Crouse,2025-02-09
482556,Huascar Ynoa,SEA,Seattle Mariners,reserve,p,0.700,1st,,,,N,Huascar Ynoa,2026-02-06
441155,Josiah Gray,SEA,Seattle Mariners,reserve,p,0.700,XXX,,,,N,Josiah Gray,2026-02-06
291864,Seth Corry,SEA,Seattle Mariners,reserve,p,0.700,XXX,,,,N,Seth Corry,2025-02-09
325594,Will Klein,SEA,Seattle Mariners,reserve,p,0.700,XXX,,,,N,Will Klein,2024-02-19
47041,Adrian Houser,SEA,Seattle Mariners,reserve,p,0.000,MLI,,,,N,Adrian Houser,2026-04-24
22855,Ryan Weiss,SEA,Seattle Mariners,reserve,p,0.000,MLI,,,,N,Ryan Weiss,2026-04-24
117238,Carson Kelly,SF,San Francisco Giants,active,c,10.000,V,2027,Yes,Y,Y,Carson Kelly,2026-04-04
219387,Yainer Diaz,SF,San Francisco Giants,active,c,3.006,4th,,,,Y,Yainer Diaz,2026-02-06
470,Tommy Edman,SF,San Francisco Giants,active,if,16.000,V,2029,Yes,Y,Y,Tommy Edman,2026-04-04
386910,Romy Gonzalez,SF,San Francisco Giants,active,if,6.800,V,2027,Yes,,Y,Romy Gonzalez,2026-02-06
459198,Josh Bell,SF,San Francisco Giants,active,if,6.100,V,2027,Yes,Y,Y,Josh Bell,2026-04-04
279274,Gabriel Arias,SF,San Francisco Giants,active,if,2.946,4th,,,,Y,Gabriel Arias,2026-02-06
228428,Maikel García,SF,San Francisco Giants,active,if,0.910,2nd,,,,N,Maikel Garcia,2026-07-10
321621,Junior Caminero,SF,San Francisco Giants,active,if,0.700,XXX,,,,N,Junior Caminero,2025-09-01
190361,Seiya Suzuki,SF,San Francisco Giants,active,of,22.260,V,2026,Yes,,Y,Seiya Suzuki,2023-03-22
280501,Michael Conforto,SF,San Francisco Giants,active,of,13.100,V,2026,Yes,,Y,Michael Conforto,2024-02-19
476127,Esteury Ruiz,SF,San Francisco Giants,active,of,1.867,4th,,,,Y,Esteury Ruiz,2026-02-06
61284,Sal Frelick,SF,San Francisco Giants,active,of,0.910,2nd,,,,N,Sal Frelick,2026-02-06
62409,Zac Veen,SF,San Francisco Giants,active,of,0.700,XXX,,,,N,Zac Veen,2026-07-10
332315,Tyler Mahle,SF,San Francisco Giants,active,p,13.707,CE,2026,,,Y,Tyler Mahle,2026-02-06
504126,Josh Hader,SF,San Francisco Giants,active,p,13.100,V,2026,Yes,,Y,Josh Hader,2024-02-19
349045,Andrés Muñoz,SF,San Francisco Giants,active,p,8.640,CE,2027,,,Y,Andres Munoz,2026-02-06
79356,José Buttó,SF,San Francisco Giants,active,p,6.800,V,2027,Yes,,Y,Jose Butto,2026-02-06
247352,Cole Sands,SF,San Francisco Giants,active,p,6.000,V,2027,,,Y,Cole Sands,2026-02-06
58701,A. J. Minter,SF,San Francisco Giants,active,p,5.600,V,2026,Yes,,Y,A.J. Minter,2025-02-09
259095,Aaron Bummer,SF,San Francisco Giants,active,p,4.500,V,2026,,,Y,Aaron Bummer,2026-03-13
494216,Shane McClanahan,SF,San Francisco Giants,active,p,4.482,4th,,,,Y,Shane McClanahan,2026-02-06
370720,Hunter Brown,SF,San Francisco Giants,active,p,3.887,4th,,,,Y,Hunter Brown,2026-02-06
130328,Shane Baz,SF,San Francisco Giants,active,p,3.772,5th,,,,Y,Shane Baz,2026-02-06
282402,Edward Cabrera,SF,San Francisco Giants,active,p,2.095,4th,,,,Y,Edward Cabrera,2026-02-06
215043,Jacob Misiorowski,SF,San Francisco Giants,active,p,0.700,XXX,,,,N,Jacob Misiorowski,2026-07-10
198476,Cam Schlittler,SF,San Francisco Giants,active,p,0.700,XXX,,,,N,Cam Schlittler,2026-07-10
218714,Marco Dinges,SF,San Francisco Giants,reserve,c,0.700,XXX,,,,N,Marco Dinges,2026-02-06
433922,Josh Jung,SF,San Francisco Giants,reserve,if,2.912,5th,,,,Y,Josh Jung,2026-07-10
345577,Leo Jimenez,SF,San Francisco Giants,reserve,if,0.910,2nd,,,,N,Leo Jimenez,2026-07-10
407339,Jacob Berry,SF,San Francisco Giants,reserve,if,0.700,XXX,,,,N,Jacob Berry,2023-03-22
273471,Gabriel Rodriguez,SF,San Francisco Giants,reserve,if,0.700,XXX,,,,N,Gabriel J. Rodriguez,2026-02-06
439231,Aeverson Arteaga,SF,San Francisco Giants,reserve,if,0.700,XXX,,,,N,Aeverson Arteaga,2023-03-22
294948,Dax Kilby,SF,San Francisco Giants,reserve,if,0.700,XXX,,,,N,Dax Kilby,2026-02-06
41627,Brady Ebel,SF,San Francisco Giants,reserve,if,0.700,XXX,,,,N,Brady Ebel,2026-02-06
241938,Carlos Sanchez,SF,San Francisco Giants,reserve,if,0.700,XXX,,,,N,Carlos J. Sanchez,2025-02-09
488438,Justin Lebron,SF,San Francisco Giants,reserve,if,0.700,XXX,,,Y,,"Lebron, Justin",2026-07-28
474187,Sammy Stafura,SF,San Francisco Giants,reserve,if,0.700,XXX,,,,N,Sammy Stafura,2024-02-19
488014,Malcom Nuñez,SF,San Francisco Giants,reserve,if,0.700,XXX,,,,N,Malcom Nunez,2023-03-22
310016,Aidan Miller,SF,San Francisco Giants,reserve,if,0.700,XXX,,,,N,Aidan Miller,2024-02-19
296989,Austin Overn,SF,San Francisco Giants,reserve,of,0.700,XXX,,,,N,Austin Overn,2026-02-06
144965,Yophery Rodriguez,SF,San Francisco Giants,reserve,of,0.700,XXX,,,,N,Yophery Rodriguez,2025-02-09
320517,Hayden Alvarez,SF,San Francisco Giants,reserve,of,0.700,XXX,,,Y,N,Hayden Alvarez,2026-03-24
219723,Rayner Arias,SF,San Francisco Giants,reserve,of,0.700,XXX,,,,N,Rayner Arias,2024-03-17
124464,Jud Fabian,SF,San Francisco Giants,reserve,of,0.700,XXX,,,,N,Jud Fabian,2023-03-22
330104,Dedniel Núñez,SF,San Francisco Giants,reserve,p,6.700,V,2027,,,Y,Dedniel Nunez,2026-07-10
359470,Ryan Fernandez,SF,San Francisco Giants,reserve,p,4.000,V,2027,Yes,,Y,Ryan Fernandez,2026-07-10
367779,Robinson Ortiz,SF,San Francisco Giants,reserve,p,3.700,V,2027,Yes,Y,Y,Robinson Ortiz,2026-07-10
168099,Brandon Williamson,SF,San Francisco Giants,reserve,p,0.910,2nd,,,,N,Brandon Williamson,2023-03-22
246263,Kohl Drake,SF,San Francisco Giants,reserve,p,0.700,XXX,,,,N,Kohl Drake,2025-02-09
54831,Jeff Criswell,SF,San Francisco Giants,reserve,p,0.700,XXX,,,,N,Jeff Criswell,2023-03-22
84722,Aidan Curry,SF,San Francisco Giants,reserve,p,0.700,XXX,,,,N,Aidan Curry,2024-02-19
496699,Jack Wenninger,SF,San Francisco Giants,reserve,p,0.700,XXX,,,Y,N,Jack Wenninger,2026-03-13
399036,Juaron Watts-Brown,SF,San Francisco Giants,reserve,p,0.700,XXX,,,,N,Juaron Watts-Brown,2024-02-19
416703,Jose Urbina,SF,San Francisco Giants,reserve,p,0.700,XXX,,,Y,,"Urbina, Jose",2026-08-03
460114,Cam Caminiti,SF,San Francisco Giants,reserve,p,0.700,XXX,,,,N,Cam Caminiti,2025-02-09
44390,Kruz Schoolcraft,SF,San Francisco Giants,reserve,p,0.700,XXX,,,,N,Kruz Schoolcraft,2026-02-06
115627,Bryan Mata,SF,San Francisco Giants,reserve,p,0.700,XXX,,,,N,Bryan Mata,2023-03-22
372587,Justin Campbell,SF,San Francisco Giants,reserve,p,0.700,XXX,,,,N,Justin Campbell,2023-03-22
349870,Henry Williams,SF,San Francisco Giants,reserve,p,0.700,XXX,,,,N,Henry Williams,2023-03-22
315578,Elmer Rodriguez,SF,San Francisco Giants,reserve,p,0.700,XXX,,,,N,Elmer Rodriguez-Cruz,2025-02-09
206193,Steven Zobac,SF,San Francisco Giants,reserve,p,0.700,XXX,,,,N,Steven Zobac,2026-02-06
79346,Shea Langeliers,STL,St. Louis Cardinals,active,c,9.478,CE,2028,,Y,Y,Shea Langeliers,2026-04-14
214347,Drew Romo,STL,St. Louis Cardinals,active,c,0.700,XXX,,,,N,Drew Romo,2026-04-24
430693,Matt Olson,STL,St. Louis Cardinals,active,if,37.000,V,2028,Yes,,Y,Matt Olson,2026-02-06
309319,Alec Bohm,STL,St. Louis Cardinals,active,if,10.358,CE,2027,,Y,Y,Alec Bohm,2026-04-14
219129,Gavin Lux,STL,St. Louis Cardinals,active,if,8.000,V,2028,Yes,Y,Y,Gavin Lux,2026-04-04
135861,Zack Gelof,STL,St. Louis Cardinals,active,if,1.411,3rd,,,,N,Zack Gelof,2026-02-06
515496,Sal Stewart,STL,St. Louis Cardinals,active,if,0.700,XXX,,,,N,Sal Stewart,2026-04-24
230418,Ben Williamson,STL,St. Louis Cardinals,active,if,0.700,XXX,,,,N,Ben Williamson,2026-04-24
411589,Ian Happ,STL,St. Louis Cardinals,active,of,22.000,V,2027,Yes,Y,Y,Ian Happ,2026-04-04
489433,Jazz Chisholm,STL,St. Louis Cardinals,active,of,17.318,CE,2028,,Y,Y,Jazz Chisholm Jr.,2026-04-24
49030,Marcell Ozuna,STL,St. Louis Cardinals,active,of,14.500,V,2026,,,Y,Marcell Ozuna,2026-02-06
441669,Jake McCarthy,STL,St. Louis Cardinals,active,of,1.911,3rd,,,,N,Jake McCarthy,2026-02-06
104889,Jackson Merrill,STL,St. Louis Cardinals,active,of,1.295,2nd,,,,N,Jackson Merrill,2026-02-06
225044,Tyler Glasnow,STL,St. Louis Cardinals,active,p,45.000,V,2026,Yes,,Y,Tyler Glasnow,2026-02-06
125665,Carlos Estévez,STL,St. Louis Cardinals,active,p,10.500,V,2026,Yes,,Y,Carlos Estevez,2026-02-06
66086,Yusei Kikuchi,STL,St. Louis Cardinals,active,p,10.000,V,2026,,,Y,Yusei Kikuchi,2026-03-13
52730,Seth Lugo,STL,St. Louis Cardinals,active,p,10.000,V,2026,,,Y,Seth Lugo,2026-03-13
353496,Tyler Holton,STL,St. Louis Cardinals,active,p,9.500,V,2027,Yes,,Y,Tyler Holton,2026-02-06
171692,David Bednar,STL,St. Louis Cardinals,active,p,7.000,V,2026,,,Y,David Bednar,2026-02-06
325742,Dennis Santana,STL,St. Louis Cardinals,active,p,7.000,V,2026,Yes,,Y,Dennis Santana,2026-02-06
144765,Adbert Alzolay,STL,St. Louis Cardinals,active,p,3.526,5th,,,,Y,Adbert Alzolay,2026-02-06
445561,Ben Brown,STL,St. Louis Cardinals,active,p,1.470,2nd,,,,N,Ben Brown,2026-02-06
283699,Jaxon Wiggins,STL,St. Louis Cardinals,active,p,0.700,XXX,,,,N,Jaxon Wiggins,2026-04-24
143549,Luis Perales,STL,St. Louis Cardinals,active,p,0.700,XXX,,,,N,Luis Perales,2026-04-24
218577,Jose Corniell,STL,St. Louis Cardinals,active,p,0.700,XXX,,,,N,Jose Corniell,2026-04-24
345220,Ryan Weathers,STL,St. Louis Cardinals,active,p,0.700,XXX,,,,N,Ryan Weathers,2026-04-24
30813,Korey Lee,STL,St. Louis Cardinals,reserve,c,0.910,2nd,,,,N,Korey Lee,2024-04-01
482129,Blake Mitchell,STL,St. Louis Cardinals,reserve,c,0.700,XXX,,,,N,Blake Mitchell,2024-02-19
461362,Axiel Plaz,STL,St. Louis Cardinals,reserve,c,0.700,XXX,,,Y,,"Plaz, Axiel",2026-08-05
417243,Ivan Luciano,STL,St. Louis Cardinals,reserve,c,0.700,XXX,,,,N,Ivan Luciano,2025-02-09
49821,Tyler Black,STL,St. Louis Cardinals,reserve,if,0.910,2nd,,,,N,Tyler Black,2026-04-24
179682,Michael Toglia,STL,St. Louis Cardinals,reserve,if,0.910,2nd,,,,N,Michael Toglia,2026-04-24
245413,Quentin Young,STL,St. Louis Cardinals,reserve,if,0.700,XXX,,,,N,Quentin Young,2026-02-06
329362,Luisangel Acuña,STL,St. Louis Cardinals,reserve,if,0.700,XXX,,,,N,Luisangel Acuna,2023-03-22
94011,Tai Peete,STL,St. Louis Cardinals,reserve,if,0.700,XXX,,,,N,Tai Peete,2024-02-19
414266,Trey Sweeney,STL,St. Louis Cardinals,reserve,if,0.700,XXX,,,,N,Trey Sweeney,2023-03-22
65697,Max Anderson,STL,St. Louis Cardinals,reserve,if,0.700,XXX,,,,N,Max Anderson,2024-02-19
360742,JoJo Parker,STL,St. Louis Cardinals,reserve,if,0.700,XXX,,,,N,JoJo Parker,2026-02-06
75678,Cameron Cauley,STL,St. Louis Cardinals,reserve,if,0.700,XXX,,,,N,Cameron Cauley,2026-02-06
151369,Mikey Romero,STL,St. Louis Cardinals,reserve,if,0.700,XXX,,,,N,Mikey Romero,2023-03-22
416706,Juan Cabada,STL,St. Louis Cardinals,reserve,if,0.700,XXX,,,Y,N,Juan Cabada,2026-03-13
450167,Cole Mathis,STL,St. Louis Cardinals,reserve,if,0.700,XXX,,,,N,Cole Mathis,2025-02-09
148007,Slade Caldwell,STL,St. Louis Cardinals,reserve,of,0.700,XXX,,,,N,Slade Caldwell,2025-02-09
155541,PJ Morlando,STL,St. Louis Cardinals,reserve,of,0.700,XXX,,,,N,PJ Morlando,2025-02-09
72035,Clark Elliott,STL,St. Louis Cardinals,reserve,of,0.700,XXX,,,,N,Clark Elliott,2023-03-22
68281,Henry Bolte,STL,St. Louis Cardinals,reserve,of,0.700,XXX,,,,N,Henry Bolte,2023-03-22
205268,Robert Hassell,STL,St. Louis Cardinals,reserve,of,0.700,XXX,,,,N,Robert Hassell III,2023-03-22
427747,Diego Tornes,STL,St. Louis Cardinals,reserve,of,0.700,XXX,,,Y,N,Diego Tornes,2026-03-13
297519,Jared Thomas,STL,St. Louis Cardinals,reserve,of,0.700,XXX,,,,N,Jared Thomas,2025-02-09
457844,Michael Grove,STL,St. Louis Cardinals,reserve,p,3.500,V,2026,Yes,,Y,Michael Grove,2026-04-24
68777,Randy Vásquez,STL,St. Louis Cardinals,reserve,p,1.183,3rd,,,,N,Randy Vasquez,2026-07-10
160418,Xzavion Curry,STL,St. Louis Cardinals,reserve,p,0.910,2nd,,,,N,Xzavion Curry,2025-07-09
122272,Jared Shuster,STL,St. Louis Cardinals,reserve,p,0.910,2nd,,,,N,Jared Shuster,2025-07-09
392304,Sam Bachman,STL,St. Louis Cardinals,reserve,p,0.700,XXX,,,,N,Sam Bachman,2023-03-22
517324,Brody Bumila,STL,St. Louis Cardinals,reserve,p,0.700,XXX,,,Y,,"Bumila, Brody",2026-07-28
176492,Cam Leiter,STL,St. Louis Cardinals,reserve,p,0.700,XXX,,,,N,Cam Leiter,2026-02-06
517330,Gio Rojas,STL,St. Louis Cardinals,reserve,p,0.700,XXX,,,Y,,"Rojas, Gio",2026-07-28
182061,Gabriel Hughes,STL,St. Louis Cardinals,reserve,p,0.700,XXX,,,,N,Gabriel Hughes,2023-03-22
321919,Blake Burkhalter,STL,St. Louis Cardinals,reserve,p,0.700,XXX,,,,N,Blake Burkhalter,2024-02-19
359178,David Davalillo,STL,St. Louis Cardinals,reserve,p,0.700,XXX,,,,N,David Davalillo,2026-02-06
391534,Yu-Min Lin,STL,St. Louis Cardinals,reserve,p,0.700,XXX,,,,N,Yu-Min Lin,2024-03-17
508421,Jose Trevino,TB,Tampa Bay Rays,active,c,3.100,V,2026,,,Y,Jose Trevino,2026-03-13
36453,Bo Naylor,TB,Tampa Bay Rays,active,c,0.700,1st,,,,N,Bo Naylor,2026-04-11
395658,Dansby Swanson,TB,Tampa Bay Rays,active,if,29.000,V,2026,Yes,,Y,Dansby Swanson,2026-02-06
142908,Gleyber Torres,TB,Tampa Bay Rays,active,if,10.274,CE,2028,,Y,Y,Gleyber Torres,2026-04-11
300473,Spencer Horwitz,TB,Tampa Bay Rays,active,if,9.500,V,2026,Yes,,Y,Spencer Horwitz,2026-02-06
473623,Ha-Seong Kim,TB,Tampa Bay Rays,active,if,5.500,V,2027,Yes,Y,Y,Ha-Seong Kim,2026-04-11
101343,Miguel Rojas,TB,Tampa Bay Rays,active,if,2.500,V,2026,,,Y,Miguel Rojas,2026-03-13
395773,Bryson Stott,TB,Tampa Bay Rays,active,if,1.684,3rd,,,,N,Bryson Stott,2026-04-11
491974,Mookie Betts,TB,Tampa Bay Rays,active,of,44.000,V,2026,Yes,,Y,Mookie Betts,2023-03-22
411947,Ronald Acuña,TB,Tampa Bay Rays,active,of,22.527,CE,2026,,,Y,Ronald Acuna Jr.,2024-03-17
273337,Jacob Young,TB,Tampa Bay Rays,active,of,5.666,V,2027,Yes,,Y,Jacob Young,2026-02-06
15163,Lars Nootbaar,TB,Tampa Bay Rays,active,of,2.836,4th,,,,Y,Lars Nootbaar,2026-02-06
327241,Pete Crow-Armstrong,TB,Tampa Bay Rays,active,of,0.700,1st,,,,N,Pete Crow-Armstrong,2026-04-11
384431,Chris Sale,TB,Tampa Bay Rays,active,p,59.000,V,2027,Yes,Y,Y,Chris Sale,2026-03-24
439987,Jordan Hicks,TB,Tampa Bay Rays,active,p,10.092,CE,2027,,,Y,Jordan Hicks,2026-03-24
453799,Patrick Sandoval,TB,Tampa Bay Rays,active,p,5.323,6th,,,,Y,Patrick Sandoval,2026-04-14
97185,Shawn Armstrong,TB,Tampa Bay Rays,active,p,4.000,V,2027,Yes,Y,Y,Shawn Armstrong,2026-04-04
382649,Sean Newcomb,TB,Tampa Bay Rays,active,p,2.500,V,2027,Yes,Y,Y,Sean Newcomb,2026-04-04
294241,Spencer Miles,TB,Tampa Bay Rays,active,p,2.250,V,2027,Yes,Y,Y,Spencer Miles,2026-04-04
468069,Janson Junk,TB,Tampa Bay Rays,active,p,2.200,V,2028,Yes,Y,Y,Janson Junk,2026-07-10
33254,Cristopher Sánchez,TB,Tampa Bay Rays,active,p,2.200,V,2026,Yes,,Y,Cristopher Sanchez,2025-02-09
496588,Braxton Garrett,TB,Tampa Bay Rays,active,p,2.095,4th,,,,Y,Braxton Garrett,2026-03-24
153699,Kevin Kelly,TB,Tampa Bay Rays,active,p,2.000,V,2027,Yes,Y,Y,Kevin Kelly,2026-04-04
65425,Bryan Abreu,TB,Tampa Bay Rays,active,p,1.684,3rd,,,,N,Bryan Abreu,2026-02-06
424409,Justin Topa,TB,Tampa Bay Rays,active,p,1.500,V,2026,,,Y,Justin Topa,2026-03-13
16753,Gregory Santos,TB,Tampa Bay Rays,active,p,1.085,2nd,,,,N,Gregory Santos,2026-02-06
481263,Liam Hicks,TB,Tampa Bay Rays,reserve,c,1.900,V,2027,Yes,Y,Y,Liam Hicks,2026-04-11
21816,Edgleen Perez,TB,Tampa Bay Rays,reserve,c,0.700,XXX,,,,N,Edgleen Perez,2026-02-06
432467,Xavier Isaac,TB,Tampa Bay Rays,reserve,if,0.700,XXX,,,,,"Isaac, Xavier",2026-08-03
496398,Ezequiel Duran,TB,Tampa Bay Rays,reserve,if,0.700,1st,,,,N,Ezequiel Duran,2026-04-11
309265,John Gil,TB,Tampa Bay Rays,reserve,if,0.700,XXX,,,Y,N,John Gil,2026-03-24
365674,Orelvis Martinez,TB,Tampa Bay Rays,reserve,if,0.700,XXX,,,,N,Orelvis Martinez,2024-08-15
266646,Travis Bazzana,TB,Tampa Bay Rays,reserve,if,0.700,XXX,,,,N,Travis Bazzana,2025-02-09
226537,Cam Collier,TB,Tampa Bay Rays,reserve,if,0.700,XXX,,,,N,Cam Collier,2023-03-22
138434,George Lombard,TB,Tampa Bay Rays,reserve,if,0.700,XXX,,,,N,George Lombard Jr.,2026-07-10
52374,Bryan Rincon,TB,Tampa Bay Rays,reserve,if,0.700,XXX,,,,N,Bryan Rincon,2025-02-09
452995,Brice Matthews,TB,Tampa Bay Rays,reserve,if,0.700,XXX,,,,N,Brice Matthews,2024-02-19
175321,Yairo Padilla,TB,Tampa Bay Rays,reserve,if,0.700,XXX,,,,N,Yairo Padilla,2026-02-06
316533,Billy Carlson,TB,Tampa Bay Rays,reserve,if,0.700,XXX,,,,,"Carlson, Billy",2026-08-03
475707,Ching-Hsien Ko,TB,Tampa Bay Rays,reserve,of,0.700,XXX,,,,N,Ching-Hsien Ko,2026-02-06
237353,Enrique Bradfield,TB,Tampa Bay Rays,reserve,of,0.700,XXX,,,,N,Enrique Bradfield Jr.,2024-02-19
468753,Will Taylor,TB,Tampa Bay Rays,reserve,of,0.700,XXX,,,,N,Will Taylor,2023-03-22
237389,Eric Hartman,TB,Tampa Bay Rays,reserve,of,0.700,XXX,,,Y,,"Hartman, Eric",2026-07-28
492144,Eduardo Quintero,TB,Tampa Bay Rays,reserve,of,0.700,XXX,,,,N,Eduardo Quintero,2024-03-17
164190,Roldy Brito,TB,Tampa Bay Rays,reserve,of,0.700,XXX,,,Y,N,Roldy Brito,2026-03-13
69858,A. J. Ewing,TB,Tampa Bay Rays,reserve,of,0.700,XXX,,,,N,A.J. Ewing,2026-02-06
5272,Jaison Chourio,TB,Tampa Bay Rays,reserve,of,0.700,XXX,,,,N,Jaison Chourio,2024-02-19
517322,Eric Booth Jr.,TB,Tampa Bay Rays,reserve,of,0.700,XXX,,,Y,,"Booth Jr., Eric",2026-07-28
138957,Kevin Alcántara,TB,Tampa Bay Rays,reserve,of,0.700,XXX,,,,N,Kevin Alcantara,2023-03-22
236644,Juneiker Caceres,TB,Tampa Bay Rays,reserve,of,0.700,XXX,,,,N,Juneiker Caceres,2026-02-06
446121,Dustin May,TB,Tampa Bay Rays,reserve,p,2.720,3rd,,,,N,Dustin May,2026-04-11
450161,Kyle Hurt,TB,Tampa Bay Rays,reserve,p,0.910,2nd,,,,N,Kyle Hurt,2026-04-11
58391,Brandon Clarke,TB,Tampa Bay Rays,reserve,p,0.700,XXX,,,,,"Clarke, Brandon",2026-08-03
187056,Gordon Graceffo,TB,Tampa Bay Rays,reserve,p,0.700,XXX,,,,N,Gordon Graceffo,2023-03-22
3868,Keeler Morfe,TB,Tampa Bay Rays,reserve,p,0.700,XXX,,,,N,Keeler Morfe,2025-02-09
43850,Tink Hence,TB,Tampa Bay Rays,reserve,p,0.700,XXX,,,,N,Tink Hence,2024-08-15
461865,Carlos Vargas,TB,Tampa Bay Rays,reserve,p,0.700,XXX,,,,N,Carlos Vargas,2023-03-22
474730,Chen-Wei Lin,TB,Tampa Bay Rays,reserve,p,0.700,XXX,,,,N,Chen-Wei Lin,2025-02-09
53416,Seth Hernandez,TB,Tampa Bay Rays,reserve,p,0.700,XXX,,,,N,Seth Hernandez,2026-03-24
270764,Jaden Hill,TB,Tampa Bay Rays,reserve,p,0.700,XXX,,,,N,Jaden Hill,2023-03-22
81737,Yohanfer Santana,TB,Tampa Bay Rays,reserve,p,0.700,XXX,,,,N,Yohanfer Santana,2025-02-09
499689,Gunnar Hoglund,TB,Tampa Bay Rays,reserve,p,0.700,XXX,,,,N,Gunnar Hoglund,2023-03-22
507935,Trey Gregory-Alford,TB,Tampa Bay Rays,reserve,p,0.700,XXX,,,,N,Trey Gregory-Alford,2026-02-06
160204,Alejandro Rosario,TB,Tampa Bay Rays,reserve,p,0.700,XXX,,,,N,Alejandro Rosario,2025-02-09
8225,Dahian Santos,TB,Tampa Bay Rays,reserve,p,0.700,XXX,,,,N,Dahian Santos,2023-03-22
323356,Chase Hampton,TB,Tampa Bay Rays,reserve,p,0.700,XXX,,,,N,Chase Hampton,2024-02-19
126227,Nick Fortes,TEX,Texas Rangers,active,c,3.960,V,2027,Yes,,Y,Nick Fortes,2024-02-19
178766,Drake Baldwin,TEX,Texas Rangers,active,c,0.910,2nd,,,,N,Drake Baldwin,2026-07-10
461826,Pete Alonso,TEX,Texas Rangers,active,if,15.418,CE,2026,,,Y,Pete Alonso,2024-03-17
383615,Otto Lopez,TEX,Texas Rangers,active,if,14.000,V,2028,Yes,,Y,Otto Lopez,2026-02-06
213585,Brett Wisely,TEX,Texas Rangers,active,if,4.500,V,2028,Yes,,Y,Brett Wisely,2026-02-06
338684,Keston Hiura,TEX,Texas Rangers,active,if,3.052,5th,,,,Y,Keston Hiura,2026-02-06
313484,Jonah Bride,TEX,Texas Rangers,active,if,2.960,V,2026,Yes,,Y,Jonah Bride,2025-02-09
184169,Ernie Clement,TEX,Texas Rangers,active,if,2.360,V,2026,,,Y,Ernie Clement,2026-03-13
370069,George Springer,TEX,Texas Rangers,active,of,5.000,V,2026,Yes,,Y,George Springer,2026-02-06
223939,Dane Myers,TEX,Texas Rangers,active,of,2.280,V,2026,,,Y,Dane Myers,2026-03-13
301652,Jack Suwinski,TEX,Texas Rangers,active,of,1.911,3rd,,,,N,Jack Suwinski,2026-07-10
227485,Wenceel Pérez,TEX,Texas Rangers,active,of,0.700,XXX,,,,N,Wenceel Perez,2026-07-10
170720,Carlos Rodón,TEX,Texas Rangers,active,p,39.000,V,2028,Yes,Y,Y,Carlos Rodon,2026-04-04
113889,Kodai Senga,TEX,Texas Rangers,active,p,23.750,V,2026,Yes,,Y,Kodai Senga,2024-02-19
86173,Emilio Pagán,TEX,Texas Rangers,active,p,20.000,V,2027,Yes,Y,Y,Emilio Pagan,2026-04-11
405653,Kenley Jansen,TEX,Texas Rangers,active,p,10.600,V,2027,,Y,Y,Kenley Jansen,2026-04-04
118850,Fernando Cruz,TEX,Texas Rangers,active,p,10.100,V,2027,Yes,Y,Y,Fernando Cruz,2026-04-04
51170,Josh Sborz,TEX,Texas Rangers,active,p,3.938,CE,2027,,Y,Y,Josh Sborz,2026-04-14
194410,Chris Paddack,TEX,Texas Rangers,active,p,3.818,6th,,,,Y,Chris Paddack,2026-02-06
480003,Colin Holderman,TEX,Texas Rangers,active,p,2.590,V,2026,Yes,,Y,Colin Holderman,2025-02-09
126679,Johan Oviedo,TEX,Texas Rangers,active,p,1.470,2nd,,,,N,Johan Oviedo,2026-07-10
307364,Cristian Mena,TEX,Texas Rangers,active,p,0.700,XXX,,,,N,Cristian Mena,2026-07-10
176400,Shane Drohan,TEX,Texas Rangers,active,p,0.700,XXX,,,,N,Shane Drohan,2026-07-10
180178,Mitchell Parker,TEX,Texas Rangers,active,p,0.700,XXX,,,,N,Mitchell Parker,2026-07-10
38628,Thomas White,TEX,Texas Rangers,active,p,0.700,XXX,,,,N,Thomas White,2026-07-10
299150,Luke Stevenson,TEX,Texas Rangers,reserve,c,0.700,XXX,,,,N,Luke Stevenson,2026-02-06
207657,Leo Bernal,TEX,Texas Rangers,reserve,c,0.700,XXX,,,,N,Leonardo Bernal,2025-02-09
517338,Taj Marchand,TEX,Texas Rangers,reserve,if,0.700,XXX,,,Y,,"Marchand, Taj",2026-08-05
517326,Grady Emerson,TEX,Texas Rangers,reserve,if,0.700,XXX,,,Y,,"Emerson, Grady",2026-07-28
118796,Mani Cedeno,TEX,Texas Rangers,reserve,if,0.700,XXX,,,Y,N,Mani Cedeno,2026-03-13
397987,Steele Hall,TEX,Texas Rangers,reserve,if,0.700,XXX,,,,N,Steele Hall,2026-02-06
434349,Gage Workman,TEX,Texas Rangers,reserve,if,0.700,XXX,,,,N,Gage Workman,2023-03-22
145514,Curtis Mead,TEX,Texas Rangers,reserve,if,0.700,XXX,,,,N,Curtis Mead,2023-03-22
251181,Osleivis Basabe,TEX,Texas Rangers,reserve,if,0.700,XXX,,,,N,Osleivis Basabe,2024-02-19
80009,Charles McAdoo,TEX,Texas Rangers,reserve,if,0.700,XXX,,,,N,Charles McAdoo,2025-02-09
60279,Coy James,TEX,Texas Rangers,reserve,if,0.700,XXX,,,,N,Coy James,2026-02-06
451446,Warming Bernabel,TEX,Texas Rangers,reserve,if,0.700,XXX,,,,N,Warming Bernabel,2023-03-22
253594,Eddinson Paulino,TEX,Texas Rangers,reserve,if,0.700,XXX,,,,N,Eddinson Paulino,2025-02-09
142763,Pedro Ramírez,TEX,Texas Rangers,reserve,if,0.700,XXX,,,,N,Pedro Ramirez,2026-02-06
450407,Dustin Harris,TEX,Texas Rangers,reserve,if,0.700,XXX,,,,N,Dustin Harris,2023-03-22
447288,Cristofer Torin,TEX,Texas Rangers,reserve,if,0.700,XXX,,,,N,Cristofer Torin,2024-02-19
43411,Yorger Bautista,TEX,Texas Rangers,reserve,of,0.700,XXX,,,Y,N,Yorger Bautista,2026-03-13
14971,Peyton Burdick,TEX,Texas Rangers,reserve,of,0.700,XXX,,,,N,Peyton Burdick,2023-03-22
289249,Lonnie White,TEX,Texas Rangers,reserve,of,0.700,XXX,,,,N,Lonnie White Jr.,2023-03-22
182396,Aaron Zavala,TEX,Texas Rangers,reserve,of,0.700,XXX,,,,N,Aaron Zavala,2023-03-22
184256,Cole Henry,TEX,Texas Rangers,reserve,p,1.470,2nd,,,,N,Cole Henry,2024-02-19
317934,R. J. Dabovich,TEX,Texas Rangers,reserve,p,1.183,3rd,,,,N,R.J. Dabovich,2025-07-09
236339,Ricky Vanasco,TEX,Texas Rangers,reserve,p,0.700,XXX,,,,N,Ricky Vanasco,2023-03-22
367233,Bradgley Rodriguez,TEX,Texas Rangers,reserve,p,0.700,XXX,,,,N,Bradgley Rodriguez,2026-02-06
2435,Tegan Kuhns,TEX,Texas Rangers,reserve,p,0.700,XXX,,,Y,,"Kuhns, Tegan",2026-07-28
359075,Yoendrys Gómez,TEX,Texas Rangers,reserve,p,0.700,XXX,,,,N,Yoendrys Gomez,2023-03-22
334734,Santiago Suarez,TEX,Texas Rangers,reserve,p,0.700,XXX,,,,N,Santiago Suarez,2024-02-19
140860,Sam Aldegheri,TEX,Texas Rangers,reserve,p,0.700,XXX,,,,N,Sam Aldegheri,2026-02-06
294209,Juan Mercedes,TEX,Texas Rangers,reserve,p,0.700,XXX,,,,N,Juan E. Mercedes,2024-02-19
121207,William Contreras,TOR,Toronto Blue Jays,active,c,3.329,4th,,,,Y,William Contreras,2026-02-06
509629,Braxton Fulford,TOR,Toronto Blue Jays,active,c,1.500,V,2026,,,Y,Braxton Fulford,2026-03-13
404494,Josh Naylor,TOR,Toronto Blue Jays,active,if,10.833,CE,2027,,,Y,Josh Naylor,2026-02-06
375438,Geraldo Perdomo,TOR,Toronto Blue Jays,active,if,2.279,3rd,,,,N,Geraldo Perdomo,2026-02-06
182115,Andruw Monasterio,TOR,Toronto Blue Jays,active,if,1.401,V,2026,Yes,,Y,Andruw Monasterio,2026-04-11
505913,Noelvi Marte,TOR,Toronto Blue Jays,active,if,1.183,3rd,,,,N,Noelvi Marte,2026-02-06
365285,Kevin McGonigle,TOR,Toronto Blue Jays,active,if,0.700,XXX,,,,N,Kevin McGonigle,2026-04-04
433291,Teoscar Hernández,TOR,Toronto Blue Jays,active,of,17.555,V,2027,,,Y,Teoscar Hernandez,2026-02-06
480309,Alex Call,TOR,Toronto Blue Jays,active,of,7.000,V,2028,Yes,Y,Y,Alex Call,2026-04-04
407272,Michael Harris,TOR,Toronto Blue Jays,active,of,4.850,4th,,,,Y,Michael Harris II,2026-02-06
491595,Jake Mangum,TOR,Toronto Blue Jays,active,of,1.933,V,2026,Yes,,Y,Jake Mangum,2026-02-06
471182,Austin Martin,TOR,Toronto Blue Jays,active,of,0.910,2nd,,,,N,Austin Martin,2026-07-10
334506,Gabriel Gonzalez,TOR,Toronto Blue Jays,active,of,0.700,XXX,,,,N,Gabriel Gonzalez,2026-04-04
114976,Corbin Burnes,TOR,Toronto Blue Jays,active,p,36.000,V,2029,,,Y,Corbin Burnes,2026-02-06
382226,Yoshinobu Yamamoto,TOR,Toronto Blue Jays,active,p,30.000,V,2030,,,Y,Yoshinobu Yamamoto,2025-02-09
218974,Luke Weaver,TOR,Toronto Blue Jays,active,p,9.000,V,2026,Yes,,Y,Luke Weaver,2026-02-06
242158,Pete Fairbanks,TOR,Toronto Blue Jays,active,p,8.610,CE,2027,,,Y,Pete Fairbanks,2026-02-06
386869,Brad Keller,TOR,Toronto Blue Jays,active,p,7.222,V,2028,Yes,Y,Y,Brad Keller,2026-04-04
69517,Evan Phillips,TOR,Toronto Blue Jays,active,p,3.667,V,2027,Yes,Y,Y,Evan Phillips,2026-04-04
85607,Eric Lauer,TOR,Toronto Blue Jays,active,p,3.333,V,2027,Yes,Y,Y,Eric Lauer,2026-04-04
438414,Cody Ponce,TOR,Toronto Blue Jays,active,p,3.333,V,2028,Yes,Y,Y,Cody Ponce,2026-04-04
291141,Brent Headrick,TOR,Toronto Blue Jays,active,p,1.401,V,2026,,,Y,Brent Headrick,2026-03-13
10714,Jeremiah Estrada,TOR,Toronto Blue Jays,active,p,1.085,2nd,,,,N,Jeremiah Estrada,2026-02-06
238824,Shane Smith,TOR,Toronto Blue Jays,active,p,0.700,XXX,,,,N,Shane Smith,2026-04-04
472138,Chase Burns,TOR,Toronto Blue Jays,active,p,0.700,XXX,,,,N,Chase Burns,2026-04-04
221047,Grant Taylor,TOR,Toronto Blue Jays,active,p,0.700,XXX,,,,N,Grant Taylor,2026-04-04
350707,Moisés Ballesteros,TOR,Toronto Blue Jays,reserve,c,0.700,XXX,,,,N,Moises Ballesteros,2024-02-19
86986,Ramon Ramirez,TOR,Toronto Blue Jays,reserve,c,0.700,XXX,,,,N,Ramon Ramirez,2025-02-09
49182,Alfredo Duno,TOR,Toronto Blue Jays,reserve,c,0.700,XXX,,,,N,Alfredo Duno,2025-02-09
407757,Coby Mayo,TOR,Toronto Blue Jays,reserve,if,0.910,2nd,,,,N,Coby Mayo,2026-07-10
452138,CJ Kayfus,TOR,Toronto Blue Jays,reserve,if,0.910,2nd,,,,N,C.J. Kayfus,2026-04-04
517332,Tyler Spangler,TOR,Toronto Blue Jays,reserve,if,0.700,XXX,,,Y,,"Spangler, Tyler",2026-08-03
327017,Cooper Kinney,TOR,Toronto Blue Jays,reserve,if,0.700,XXX,,,,N,Cooper Kinney,2023-03-22
517336,Connor Comeau,TOR,Toronto Blue Jays,reserve,if,0.700,XXX,,,Y,,"Comeau, COnner",2026-08-03
132803,Gavin Kilen,TOR,Toronto Blue Jays,reserve,if,0.700,XXX,,,,N,Gavin Kilen,2026-02-06
503511,Wilfri De La Cruz,TOR,Toronto Blue Jays,reserve,if,0.700,XXX,,,Y,N,Wilfri De La Cruz,2026-03-13
388607,Chase Harlan,TOR,Toronto Blue Jays,reserve,if,0.700,XXX,,,,N,Chase Harlan,2026-02-06
94239,Yandel Ricardo,TOR,Toronto Blue Jays,reserve,if,0.700,XXX,,,,N,Yandel Ricardo,2026-02-06
330275,Graham Pauley,TOR,Toronto Blue Jays,reserve,if,0.700,XXX,,,,N,Graham Pauley,2024-03-17
415483,Kyren Paris,TOR,Toronto Blue Jays,reserve,if,0.700,XXX,,,,N,Kyren Paris,2023-03-22
314036,Spencer Jones,TOR,Toronto Blue Jays,reserve,of,0.910,2nd,,,,N,Spencer Jones,2026-04-04
313938,Pedro Pineda,TOR,Toronto Blue Jays,reserve,of,0.700,XXX,,,,N,Pedro Pineda,2023-03-22
281099,Braden Montgomery,TOR,Toronto Blue Jays,reserve,of,0.700,XXX,,,,N,Braden Montgomery,2023-03-22
197126,Kevin Alvarez,TOR,Toronto Blue Jays,reserve,of,0.700,XXX,,,Y,N,Kevin Alvarez,2026-03-13
5638,Theo Gillen,TOR,Toronto Blue Jays,reserve,of,0.700,XXX,,,,N,Theo Gillen,2025-02-09
45696,Josue De Paula,TOR,Toronto Blue Jays,reserve,of,0.700,XXX,,,,N,Josue De Paula,2024-02-19
236046,Cristian Arguelles,TOR,Toronto Blue Jays,reserve,of,0.700,XXX,,,Y,,"Arguelles, Christian",2026-08-03
367807,Carson Roccaforte,TOR,Toronto Blue Jays,reserve,of,0.700,XXX,,,,N,Carson Roccaforte,2024-08-15
335344,Alexander Frias,TOR,Toronto Blue Jays,reserve,of,0.700,XXX,,,Y,,"Frias, Alexander",2026-07-28
402745,Tommy Kahnle,TOR,Toronto Blue Jays,reserve,p,1.950,V,2026,,,Y,Tommy Kahnle,2026-07-10
112844,Alec Marsh,TOR,Toronto Blue Jays,reserve,p,0.910,2nd,,,,N,Alec Marsh,2026-04-04
84759,Ian Seymour,TOR,Toronto Blue Jays,reserve,p,0.910,2nd,,,,N,Ian Seymour,2026-02-06
82985,Cameron Flukey,TOR,Toronto Blue Jays,reserve,p,0.700,XXX,,,Y,,"Flukey, Cameron",2026-07-28
228326,Cole Schoenwetter,TOR,Toronto Blue Jays,reserve,p,0.700,XXX,,,,N,Cole Schoenwetter,2024-02-19
387567,Ben Kudrna,TOR,Toronto Blue Jays,reserve,p,0.700,XXX,,,,N,Ben Kudrna,2023-03-22
228743,Cole Miller,TOR,Toronto Blue Jays,reserve,p,0.700,XXX,,,,N,Cole Miller,2024-02-19
442350,David Shields,TOR,Toronto Blue Jays,reserve,p,0.700,XXX,,,,N,David Shields,2025-02-09
81845,Blake Wolters,TOR,Toronto Blue Jays,reserve,p,0.700,XXX,,,,N,Blake Wolters,2024-02-19
330034,Marcus Phillips,TOR,Toronto Blue Jays,reserve,p,0.700,XXX,,,,N,Marcus Phillips,2026-02-06
303498,Johnny King,TOR,Toronto Blue Jays,reserve,p,0.700,XXX,,,,N,Johnny King,2026-04-14
232653,Tyson Neighbors,TOR,Toronto Blue Jays,reserve,p,0.700,XXX,,,,N,Tyson Neighbors,2026-04-14
191881,Adam Serwinowski,TOR,Toronto Blue Jays,reserve,p,0.700,XXX,,,,N,Adam Serwinowski,2026-02-06
57747,Trevor Harrison,TOR,Toronto Blue Jays,reserve,p,0.700,XXX,,,,N,Trevor Harrison,2025-09-01
359450,Logan Schmidt,TOR,Toronto Blue Jays,reserve,p,0.700,XXX,,,Y,,"Schmidt, Logan",2026-07-28
405295,Noah Cameron,TOR,Toronto Blue Jays,reserve,p,0.700,XXX,,,,N,Noah Cameron,2026-02-06
49597,Danny Jansen,WAS,Washington Nationals,active,c,5.000,V,2028,Yes,Y,Y,Danny Jansen,2026-04-04
154827,Carlos Pérez,WAS,Washington Nationals,active,c,1.750,V,2026,,,Y,Carlos Perez,2026-04-11
208051,Ryan McMahon,WAS,Washington Nationals,active,if,18.352,V,2028,Yes,,Y,Ryan McMahon,2026-03-24
443201,Mauricio Dubón,WAS,Washington Nationals,active,if,7.500,V,2027,Yes,Y,Y,Mauricio Dubon,2026-04-11
386875,Ji Hwan Bae,WAS,Washington Nationals,active,if,2.500,V,2027,Yes,Y,Y,Ji Hwan Bae,2026-04-04
377599,Jared Young,WAS,Washington Nationals,active,if,2.500,V,2027,Yes,Y,Y,Jared Young,2026-04-11
214411,Gio Urshela,WAS,Washington Nationals,active,if,1.500,V,2026,,,Y,Gio Urshela,2026-04-11
186548,Vaughn Grissom,WAS,Washington Nationals,active,if,1.183,3rd,,,,N,Vaughn Grissom,2026-04-04
326819,Luke Keaschall,WAS,Washington Nationals,active,if,0.700,XXX,,,,N,Luke Keaschall,2026-04-04
46362,Jorge Soler,WAS,Washington Nationals,active,of,7.500,V,2026,,,Y,Jorge Soler,2026-02-06
502437,Jurickson Profar,WAS,Washington Nationals,active,of,5.000,V,2026,,,Y,Jurickson Profar,2026-02-06
409189,RJ Schreck,WAS,Washington Nationals,active,of,3.500,V,2029,Yes,Y,Y,RJ Schreck,2026-07-10
92533,Andrew Benintendi,WAS,Washington Nationals,active,of,2.000,V,2026,Yes,,Y,Andrew Benintendi,2026-02-06
28581,Matt Boyd,WAS,Washington Nationals,active,p,16.787,CE,2027,,Y,Y,Matthew Boyd,2026-04-04
344446,Shane Bieber,WAS,Washington Nationals,active,p,9.500,V,2027,Yes,Y,Y,Shane Bieber,2026-04-04
463898,Luis Severino,WAS,Washington Nationals,active,p,7.500,V,2028,Yes,Y,Y,Luis Severino,2026-04-04
486451,Jonathan Loáisiga,WAS,Washington Nationals,active,p,7.000,V,2026,Yes,,Y,Jonathan Loaisiga,2026-02-06
119642,Bryan Hudson,WAS,Washington Nationals,active,p,2.500,V,2027,Yes,Y,Y,Bryan Hudson,2026-04-11
463676,Dietrich Enns,WAS,Washington Nationals,active,p,2.500,V,2027,Yes,Y,Y,Dietrich Enns,2026-04-04
435198,Ryne Stanek,WAS,Washington Nationals,active,p,1.500,V,2026,Yes,,Y,Ryne Stanek,2026-04-11
118220,Liam Hendriks,WAS,Washington Nationals,active,p,1.400,V,,,,Y,Liam Hendriks,2026-07-10
431979,Andrew Walters,WAS,Washington Nationals,active,p,0.910,2nd,,,,N,Andrew Walters,2026-02-06
199414,Mike Vasil,WAS,Washington Nationals,active,p,0.700,XXX,,,,N,Mike Vasil,2026-04-04
128524,DJ Herz,WAS,Washington Nationals,active,p,0.700,XXX,,,,N,DJ Herz,2026-04-04
242288,Tom Harrington,WAS,Washington Nationals,active,p,0.700,1st,,,,N,Thomas Harrington,2026-02-06
93173,Mason Black,WAS,Washington Nationals,active,p,0.700,XXX,,,,N,Mason Black,2026-04-04
204444,Khadim Diaw,WAS,Washington Nationals,reserve,c,0.700,XXX,,,,N,Khadim Diaw,2026-02-06
47512,Cooper Ingle,WAS,Washington Nationals,reserve,c,0.700,XXX,,,,N,Cooper Ingle,2026-02-06
190661,JD Dix,WAS,Washington Nationals,reserve,if,0.700,XXX,,,,N,JD Dix,2025-02-09
401939,Josh Kasevich,WAS,Washington Nationals,reserve,if,0.700,XXX,,,,N,Josh Kasevich,2025-03-20
66403,Myles Naylor,WAS,Washington Nationals,reserve,if,0.700,XXX,,,,N,Myles Naylor,2025-03-20
30471,Andrew Fischer,WAS,Washington Nationals,reserve,if,0.700,XXX,,,,N,Andrew Fischer,2026-02-06
310392,Juan Brito,WAS,Washington Nationals,reserve,if,0.700,XXX,,,,N,Juan Brito,2026-03-24
390286,Jacob Gonzalez,WAS,Washington Nationals,reserve,if,0.700,XXX,,,,N,Jacob Gonzalez,2025-02-09
286263,Jett Williams,WAS,Washington Nationals,reserve,if,0.700,XXX,,,,N,Jett Williams,2025-02-09
81227,Garret Forrester,WAS,Washington Nationals,reserve,if,0.700,XXX,,,,N,Garret Forrester,2025-02-09
363938,Yolfran Castillo,WAS,Washington Nationals,reserve,if,0.700,XXX,,,,N,Yolfran Castillo,2026-02-06
512736,Yiddi Cappe,WAS,Washington Nationals,reserve,if,0.700,XXX,,,,N,Yiddi Cappe,2025-02-09
216101,Paul Goldschmidt,WAS,Washington Nationals,reserve,if,0.000,MLI,,,,N,Paul Goldschmidt,2026-04-24
182650,Chase DeLauter,WAS,Washington Nationals,reserve,of,0.700,XXX,,,,N,Chase DeLauter,2025-03-20
151917,Ryan Mitchell,WAS,Washington Nationals,reserve,of,0.700,XXX,,,,N,Ryan Mitchell,2026-02-06
309397,Misael Urbina,WAS,Washington Nationals,reserve,of,0.700,XXX,,,,N,Misael Urbina,2025-02-09
135817,Josiah Hartshorn,WAS,Washington Nationals,reserve,of,0.700,XXX,,,Y,,"Hartshorn, Josiah",2026-07-28
319347,Brendan Summerhill,WAS,Washington Nationals,reserve,of,0.700,XXX,,,,N,Brendan Summerhill,2026-02-06
169896,Dillon Head,WAS,Washington Nationals,reserve,of,0.700,XXX,,,,N,Dillon Head,2025-03-20
171689,Gabriel Rincones,WAS,Washington Nationals,reserve,of,0.700,XXX,,,,N,Gabriel Rincones,2025-02-09
134382,Dante Nori,WAS,Washington Nationals,reserve,of,0.700,XXX,,,,N,Dante Nori,2025-02-09
284235,Corey Julks,WAS,Washington Nationals,reserve,of,0.000,MLI,,,,N,Corey Julks,2026-04-24
37606,Jurrangelo Cijntje,WAS,Washington Nationals,reserve,p,0.700,XXX,,,,N,Jurrangelo Cijntje,2025-02-09
434841,Junior Santos,WAS,Washington Nationals,reserve,p,0.700,XXX,,,,N,Junior Santos,2025-02-09
277166,Brycen Mautz,WAS,Washington Nationals,reserve,p,0.700,XXX,,,,N,Brycen Mautz,2026-07-10
50585,Christian Oppor,WAS,Washington Nationals,reserve,p,0.700,XXX,,,Y,N,Christian Oppor,2026-02-06
119572,Cam Appenzeller,WAS,Washington Nationals,reserve,p,0.700,XXX,,,,N,Cam Appenzeller,2026-02-06
482371,Carlos Rodriguez,WAS,Washington Nationals,reserve,p,0.700,XXX,,,,N,Carlos F. Rodriguez,2025-02-09
109843,Joey Estes,WAS,Washington Nationals,reserve,p,0.700,XXX,,,,N,Joey Estes,2025-02-09
212613,Josh Knoth,WAS,Washington Nationals,reserve,p,0.700,XXX,,,,N,Josh Knoth,2025-02-09
61288,Carter Holton,WAS,Washington Nationals,reserve,p,0.700,XXX,,,,N,Carter Holton,2025-02-09
234633,Antwone Kelly,WAS,Washington Nationals,reserve,p,0.700,XXX,,,Y,N,Antwone Kelly,2026-03-13
326662,Peter Heubeck,WAS,Washington Nationals,reserve,p,0.700,XXX,,,,N,Peter Heubeck,2025-02-09
253556,Walbert Ureña,WAS,Washington Nationals,reserve,p,0.700,XXX,,,Y,,"Urena, Walbert",2026-07-28
277696,Boston Bateman,WAS,Washington Nationals,reserve,p,0.700,XXX,,,,N,Boston Bateman,2025-02-09
377565,Sadbiel Delzine,WAS,Washington Nationals,reserve,p,0.700,XXX,,,Y,,"Delzine, Sadbiel",2026-08-05
301069,Jhonathan Díaz,WAS,Washington Nationals,reserve,p,0.000,MLI,,,,N,Jhonathan Diaz,2026-04-24
107942,Easton McGee,WAS,Washington Nationals,reserve,p,0.000,MLI,,,,N,Easton McGee,2026-04-24
